"index","id","name","primaryMuscle","inferredMuscle","bodyPart","equipment","imageTarget","videoTarget","duplicateCount","quality","flags"
"1","alternate_lateral_pulldown","Alternate Lateral Pulldown","Back","Back","Back","Cable","Back","","1","44","missing_video"
"2","archer_pull_up","Archer Pull up","Back","Back","Back","Body weight","Back","Back","1","74",""
"3","assisted_chin_up","Assisted Chin-up","Back","Back","Back","Body weight","Back","","1","44","missing_video"
"4","assisted_close_grip_underhand_chin_up_assisted_close_grip_underhand_chin_up_762","Assisted Close-grip Underhand Chin-up","Back","Back","Back","Leverage machine","Back","","1","44","missing_video"
"5","assisted_pull_up","Assisted Pull up","Back","Back","Back","Leverage machine","Back","","2","44","missing_video;duplicate_group"
"6","assisted_pull_up_assisted_pull_up_69x","Assisted Pull-up","Back","Back","Back","Leverage machine","Back","","2","44","missing_video;duplicate_group"
"7","assisted_standing_chin_up","Assisted Standing Chin-Up","Back","Back","Back","Leverage machine","Back","","1","44","missing_video"
"8","assisted_standing_pull_up","Assisted Standing Pull-up","Back","Back","Back","Leverage machine","Back","","1","44","missing_video"
"9","back_and_forth_step","Back And Forth Step","Back","Back","Cardio","Body weight","Back","","1","44","missing_video"
"10","back_lever","Back lever","Back","Back","Back","Body weight","Back","Back","1","74",""
"11","back_relaxation","Back Relaxation","Back","Back","Back","Stability ball","Back","","1","44","missing_video"
"12","back_relaxed_pose","Back relaxed pose","Back","Back","","Body weight","","","1","24","missing_image;missing_video"
"13","back_slaps_wrap_arround_stretch","Back Slaps Wrap Arround Stretch","Back","Back","Back","Body weight","Back","Back","1","74",""
"14","back_stretch","Back Stretch","Back","Back","Back","Body weight","Back","","1","44","missing_video"
"15","backhand_raise","Backhand Raise","Back","Back","Back","Body weight","Back","Back","1","74",""
"16","backwards_run","Backwards Run","Back","Back","Cardio","Body weight","","","1","44","missing_video"
"17","band_assisted_chin_up","Band Assisted Chin-Up","Back","Back","Back","Band","Back","Back","2","74","duplicate_group"
"18","band_assisted_chin_up_band_assisted_chin_up_9nb","Band Assisted Chin-Up","Back","Back","Back","Band","Back","","2","44","missing_video;duplicate_group"
"19","band_assisted_pull_up","Band Assisted Pull Up","Back","Back","Back","Band","Back","Back","3","74","duplicate_group"
"20","band_assisted_pull_up_band_assisted_pull_up_6a4","Band assisted pull-up","Back","Back","Back","Band","Back","","3","44","missing_video;duplicate_group"
"21","band_assisted_pull_up_band_assisted_pull_up_84s","Band Assisted Pull-Up","Back","Back","Back","Band","Back","Back","3","74","duplicate_group"
"22","band_bent_over_lat_pulldown","Band Bent Over Lat Pulldown","Back","Back","Back","Band","","Back","1","54","missing_image"
"23","band_bent_over_row_band_bent_over_row_8d2","Band Bent Over row","Back","Back","Back","Band","Back","Back","2","74","duplicate_group"
"24","band_bent_over_wide_grip_row","Band Bent Over Wide Grip Row","Back","Back","Back","Band","Back","","1","44","missing_video"
"25","band_bent_over_row","Band bent-over row","Back","Back","Back","Band","Back","Back","2","74","duplicate_group"
"26","band_close_grip_pulldown","Band close-grip pulldown","Back","Back","Back","Band","Back","","1","44","missing_video"
"27","band_fixed_back_underhand_pulldown","Band Fixed Back Underhand Pulldown","Back","Back","Back","Band","Back","","1","44","missing_video"
"28","band_kneeling_lat_pulldown","Band Kneeling Lat Pulldown","Back","Back","Back","Band","Back","Back","1","74",""
"29","band_kneeling_one_arm_pulldown_band_kneeling_one_arm_pulldown_6ar","Band kneeling one arm pulldown","Back","Back","Back","Band","Back","Back","2","74","duplicate_group"
"30","band_kneeling_one_arm_pulldown","Band Kneeling One Arm Pulldown","Back","Back","Back","Band","Back","Back","2","74","duplicate_group"
"31","band_kneeling_pulldown","Band kneeling pulldown","Back","Back","Back","Band","Back","","1","44","missing_video"
"32","band_narrow_grip_high_row_band_narrow_grip_high_row_99z","Band Narrow Grip High Row","Back","Back","Back","Band","","Back","2","54","missing_image;duplicate_group"
"33","band_narrow_grip_high_row","Band Narrow Grip High Row","Back","Back","Back","Band","","Back","2","54","missing_image;duplicate_group"
"34","band_one_arm_standing_low_row","Band one arm Standing Low Row","Back","Back","Back","Band","Back","","1","44","missing_video"
"35","band_one_arm_standing_wide_grip_low_row","Band One Arm Standing Wide Grip Low Row","Back","Back","Back","Band","Back","","1","44","missing_video"
"36","band_resisted_chin_up","Band Resisted Chin-Up","Back","Back","Back","Band","Back","","1","44","missing_video"
"37","band_seated_row_band_seated_row_8d9","Band seated row","Back","Back","Back","Band","Back","Back","2","74","duplicate_group"
"38","band_seated_row","Band seated row","Back","Back","Back","Band","Back","Back","2","74","duplicate_group"
"39","band_seated_straight_back_row","Band Seated Straight Back Row","Back","Back","Back","Band","Back","","1","44","missing_video"
"40","band_seated_wide_grip_row","Band Seated Wide Grip Row","Back","Back","Back","Band","Back","","1","44","missing_video"
"41","band_shrug","Band shrug","Back","Back","Back","Band","Back","Back","1","74",""
"42","band_skier","Band Skier","Back","Custom","Back","Band","","","1","44","missing_video"
"43","band_standing_single_arm_row","Band Standing Single Arm Row","Back","Back","Back","Band","Back","","1","44","missing_video"
"44","band_standing_straight_arm_pulldown","Band Standing Straight Arm Pulldown","Back","Back","Back","Band","Back","","1","44","missing_video"
"45","band_straight_back_seated_row","Band straight back seated row","Back","Back","Back","Band","Back","Back","2","74","duplicate_group"
"46","band_straight_arm_pulldown","Band straight-arm pulldown","Back","Back","Back","Band","Back","","1","44","missing_video"
"47","band_straight_back_seated_row_band_straight_back_seated_row_6z9","Band straight-back seated row","Back","Back","Back","Band","Back","Back","2","74","duplicate_group"
"48","band_straight_back_standing_row","Band straight-back standing row","Back","Back","Back","Band","Back","","1","44","missing_video"
"49","band_underhand_pulldown","Band underhand pulldown","Back","Back","Back","Band","Back","","1","44","missing_video"
"50","bar_band_bent_over_row","Bar Band Bent Over Row","Back","Back","Back","Stick","Back","","1","44","missing_video"
"51","bar_lateral_pulldown","Bar Lateral Pulldown","Back","Back","Back","Cable","Back","Back","1","74",""
"52","barbell_behind_the_back_shrug","Barbell Behind The Back Shrug","Back","Back","Back","Barbell","Back","","1","44","missing_video"
"53","barbell_bent_over_row","Barbell Bent Over Row","Back","Back","Back","Barbell","Back","Back","2","74","duplicate_group"
"54","barbell_bent_over_row_barbell_bent_over_row_607","Barbell Bent Over Row","Back","Back","Back","Barbell","Back","Back","2","74","duplicate_group"
"55","barbell_bent_over_wide_alternate_row_plus","Barbell Bent Over Wide Alternate Row Plus","Back","Back","Back","Barbell","Back","","1","44","missing_video"
"56","barbell_bent_over_wide_grip_row","Barbell Bent Over Wide Grip Row","Back","Back","Back","Barbell","Back","","1","44","missing_video"
"57","barbell_bent_over_wide_row_plus","Barbell Bent Over Wide Row Plus","Back","Back","Back","Barbell","Back","","1","44","missing_video"
"58","barbell_deadstop_row_with_rack","Barbell Deadstop Row with Rack","Back","Back","Back","Barbell","Back","","1","44","missing_video"
"59","barbell_decline_bent_arm_pullover","Barbell Decline Bent Arm Pullover","Back","Custom","Back","Barbell","Back","","1","44","missing_video;image_target:Back"
"60","barbell_decline_wide_grip_pullover","Barbell Decline wide-grip pullover","Back","Custom","Back","Barbell","Back","","1","44","missing_video;image_target:Back"
"61","barbell_incline_row","Barbell Incline Row","Back","Back","Back","Barbell","Back","","2","44","missing_video;duplicate_group"
"62","barbell_incline_row_barbell_incline_row_60t","Barbell Incline Row","Back","Back","Back","Barbell","Back","Back","2","74","duplicate_group"
"63","barbell_lying_close_grip_overhand_row_on_rack","Barbell Lying Close-Grip Overhand Row on Rack","Back","Back","Back","Barbell","Back","","1","44","missing_video"
"64","barbell_lying_close_grip_underhand_row_on_rack","Barbell Lying Close-Grip Underhand Row on Rack","Back","Back","Back","Barbell","Back","","1","44","missing_video"
"65","barbell_lying_row_on_rack","Barbell Lying Row on Rack","Back","Back","Back","Barbell","Back","Back","1","74",""
"66","barbell_narrow_row","Barbell Narrow Row","Back","Back","Back","Barbell","Back","","1","44","missing_video"
"67","barbell_one_arm_bent_over_row","Barbell One Arm Bent over Row","Back","Back","Back","Barbell","Back","","1","44","missing_video"
"68","barbell_overhead_shrug","Barbell Overhead Shrug","Back","Back","Back","Barbell","Back","Back","1","74",""
"69","barbell_pendlay_row","Barbell Pendlay Row","Back","Back","Back","Barbell","Back","Back","1","74",""
"70","barbell_pullover","Barbell Pullover","Back","Custom","Back","Barbell","Back","","2","44","missing_video;image_target:Back;duplicate_group"
"71","barbell_pullover_barbell_pullover_94y","Barbell Pullover","Back","Custom","Back","Barbell","Back","Back","2","74","image_target:Back;video_target:Back;duplicate_group"
"72","barbell_pullover_hold_isometric","Barbell Pullover Hold Isometric","Back","Custom","Back","Barbell","","","1","44","missing_video"
"73","barbell_pullover_to_press","Barbell Pullover To Press","Back","Custom","Back","Barbell","Back","Back","1","74","image_target:Back;video_target:Back"
"74","barbell_reverse_grip_bent_over_row","Barbell Reverse Grip Bent over Row","Back","Back","Back","Barbell","Back","","2","74","duplicate_group"
"75","barbell_reverse_grip_bent_over_row_barbell_reverse_grip_bent_over_row_7zc","Barbell Reverse Grip Bent Over Row","Back","Back","Back","Barbell","Back","Back","2","74","duplicate_group"
"76","barbell_reverse_grip_incline_row","Barbell Reverse Grip Incline Row","Back","Back","Back","Barbell","Back","","1","44","missing_video"
"77","barbell_seated_shrug","Barbell Seated Shrug","Back","Back","Back","Barbell","Back","","1","44","missing_video"
"78","barbell_shrug","Barbell Shrug","Back","Back","Back","Barbell","Back","Back","2","74","duplicate_group"
"79","barbell_shrug_barbell_shrug_61d","Barbell Shrug","Back","Back","Back","Barbell","Back","Back","2","74","duplicate_group"
"80","barbell_wide_pullover","Barbell Wide Pullover","Back","Custom","Back","Barbell","Back","","1","44","missing_video;image_target:Back"
"81","bench_pull_ups","Bench Pull-ups","Back","Back","Back","Body weight","Back","Back","2","74","duplicate_group"
"82","bench_pull_ups_bench_pull_ups_8f4","Bench Pull-ups","Back","Back","Back","Body weight","Back","Back","2","74","duplicate_group"
"83","bent_arm_pullover","Bent Arm Pullover","Back","Custom","Back","Barbell","Back","","1","44","missing_video;image_target:Back"
"84","bent_over_row","Bent Over Row","Back","Back","Back","Dumbbell","Back","Back","2","74","duplicate_group"
"85","bent_over_row_bent_over_row_9","Bent Over Row","Back","Back","Back","Barbell","Back","Back","2","74","duplicate_group"
"86","bent_over_row_back","Bent-over Row - Back","Back","Back","Back","Dumbbell","Back","","1","44","missing_video"
"87","bent_over_row_with_towel","Bent-Over Row with Towel","Back","Back","Back","Body weight","Back","Back","1","74",""
"88","bird_dog_bird_dog_76p","Bird Dog","Back","Custom","Back","Body weight","Back","Back","1","74","image_target:Back;video_target:Back"
"89","body_muscle_side_back_view","Body muscle. Side back view","Back","Back","Full body","Body weight","Back","","1","44","missing_video"
"90","body_muscles_back_view","Body muscles. Back view","Back","Back","Full body","Body weight","","","2","44","missing_video;duplicate_group"
"91","body_muscles_female_back_view","Body muscles. Female. Back view","Back","Back","Full body","Body weight","","","2","44","missing_video;duplicate_group"
"92","bodyweight_row_in_doorway","Bodyweight Row in Doorway","Back","Back","Back","Body weight","Back","","1","44","missing_video"
"93","bodyweight_shrug","Bodyweight Shrug","Back","Back","Back","Body weight","Back","","1","44","missing_video"
"94","bodyweight_standing_close_grip_one_arm_row","Bodyweight Standing Close-grip One Arm Row","Back","Back","Back","Body weight","Back","","2","44","missing_video;duplicate_group"
"95","bodyweight_standing_close_grip_one_arm_row_bodyweight_standing_close_grip_one_arm_row_8j6","Bodyweight Standing Close-grip One Arm Row","Back","Back","Back","Body weight","Back","","2","44","missing_video;duplicate_group"
"96","bodyweight_standing_close_grip_row","Bodyweight Standing Close-grip Row","Back","Back","Back","Body weight","Back","","2","44","missing_video;duplicate_group"
"97","bodyweight_standing_close_grip_row_bodyweight_standing_close_grip_row_8j8","Bodyweight Standing Close-grip Row","Back","Back","Back","Body weight","Back","","2","44","missing_video;duplicate_group"
"98","bodyweight_standing_one_arm_row","Bodyweight Standing One Arm Row","Back","Back","Back","Body weight","Back","","4","44","missing_video;duplicate_group"
"99","bodyweight_standing_one_arm_row_bodyweight_standing_one_arm_row_8j1","Bodyweight Standing One Arm Row","Back","Back","Back","Body weight","Back","","4","44","missing_video;duplicate_group"
"100","bodyweight_standing_one_arm_row_bodyweight_standing_one_arm_row_8j9","Bodyweight Standing One Arm Row","Back","Back","Back","Body weight","Back","","4","44","missing_video;duplicate_group"
"101","bodyweight_standing_one_arm_row_bodyweight_standing_one_arm_row_8j2","Bodyweight Standing One Arm Row","Back","Back","Back","Body weight","Back","","4","44","missing_video;duplicate_group"
"102","bodyweight_standing_row","Bodyweight Standing Row","Back","Back","Back","Body weight","Back","","4","44","missing_video;duplicate_group"
"103","bodyweight_standing_row_bodyweight_standing_row_8j4","Bodyweight Standing Row","Back","Back","Back","Body weight","Back","","4","44","missing_video;duplicate_group"
"104","bodyweight_standing_row_bodyweight_standing_row_8jf","Bodyweight Standing Row","Back","Back","Back","Body weight","Back","","4","44","missing_video;duplicate_group"
"105","bodyweight_standing_row_bodyweight_standing_row_8jg","Bodyweight Standing Row","Back","Back","Back","Body weight","Back","","4","44","missing_video;duplicate_group"
"106","brachialis_narrow_pull_ups","Brachialis Narrow Pull ups","Back","Biceps","Back","Body weight","UpperArms","","2","44","missing_video;muscle_mismatch:Back->Biceps;duplicate_group"
"107","brachialis_narrow_pull_ups_brachialis_narrow_pull_ups_631","Brachialis Narrow Pull-ups","Back","Biceps","Biceps, Upper Arms","Body weight","UpperArms","","2","44","missing_video;muscle_mismatch:Back->Biceps;duplicate_group"
"108","cable_bar_lateral_pulldown","Cable Bar Lateral Pulldown","Back","Back","Back","Cable","Back","Back","2","74","duplicate_group"
"109","cable_bar_lateral_pulldown_cable_bar_lateral_pulldown_63m","Cable Bar Lateral Pulldown","Back","Back","Back","Cable","Back","Back","2","74","duplicate_group"
"110","cable_bent_over_row","Cable Bent Over Row","Back","Back","Back","Cable","Back","Back","1","74",""
"111","cable_bent_over_row_with_bar","Cable Bent Over Row with Bar","Back","Back","Back","Cable","Back","","1","44","missing_video"
"112","cable_bent_over_reverse_grip_row","Cable Bent-Over Reverse Grip Row","Back","Back","Back","Cable","Back","Back","1","74",""
"113","cable_bent_over_row_with_rope_attachment","Cable Bent-Over Row with Rope Attachment","Back","Back","Back","Cable","Back","","1","44","missing_video"
"114","cable_close_grip_front_lat_pulldown","Cable Close-Grip Front Lat Pulldown","Back","Back","Back","Cable","Back","Back","1","74",""
"115","cable_cross_over_lateral_pulldown_cable_cross_over_lateral_pulldown_8fd","Cable Cross over Lateral Pulldown","Back","Back","Back","Cable","Back","","2","44","missing_video;duplicate_group"
"116","cable_cross_over_lateral_pulldown","Cable Cross-over Lateral Pulldown","Back","Back","Back","Cable","Back","Back","2","74","duplicate_group"
"117","cable_decline_seated_wide_grip_row","Cable Decline Seated Wide-grip Row","Back","Back","Back","Cable","Back","Back","1","74",""
"118","cable_floor_seated_wide_grip_row","Cable Floor Seated Wide-grip Row","Back","Back","Back","Cable","Back","","1","44","missing_video"
"119","cable_front_seated_row","Cable Front Seated Row","Back","Back","Back","Cable","Back","Back","1","74",""
"120","cable_half_kneeling_external_rotation","Cable Half Kneeling External Rotation","Back","Custom","Back","Cable","Back","","1","44","missing_video;image_target:Back"
"121","cable_half_kneeling_push_pull","Cable Half Kneeling Push Pull","Back","Custom","Back","Cable","Back","","1","44","missing_video;image_target:Back"
"122","cable_high_row","Cable High Row","Back","Back","Back","Cable","Back","","1","44","missing_video"
"123","cable_incline_bench_row","Cable Incline Bench Row","Back","Back","Back","Cable","Back","","1","44","missing_video"
"124","cable_lat_pulldown_full_range_of_motion","Cable Lat Pulldown Full Range Of Motion","Back","Back","Back","Cable","Back","","1","44","missing_video"
"125","cable_lateral_pulldown","Cable Lateral Pulldown","Back","Back","Back","Cable","Back","Back","1","74",""
"126","cable_lateral_pulldown_with_v_bar","Cable Lateral Pulldown with V-bar","Back","Back","Back","Cable","Back","Back","1","74",""
"127","cable_low_row_with_rope_attachment","Cable Low Row with Rope Attachment","Back","Back","Back","Cable","Back","","1","44","missing_video"
"128","cable_low_seated_row","Cable Low Seated Row","Back","Back","Back","Cable","Back","Back","1","74",""
"129","cable_lying_extension_pullover_cable_lying_extension_pullover_64k","Cable Lying Extension Pullover","Back","Custom","Back","Cable","Back","","2","74","image_target:Back;duplicate_group"
"130","cable_lying_extension_pullover","Cable Lying Extension Pullover","Back","Custom","Back","Cable","Back","","2","44","missing_video;image_target:Back;duplicate_group"
"131","cable_lying_shrug","Cable Lying Shrug","Back","Back","Back","Cable","Back","","1","44","missing_video"
"132","cable_one_arm_bent_over_row","Cable One Arm Bent over Row","Back","Back","Back","Cable","Back","Back","1","74",""
"133","cable_one_arm_lat_pulldown_cable_one_arm_lat_pulldown_75z","Cable one arm lat pulldown","Back","Back","Back","Cable","Back","Back","2","74","duplicate_group"
"134","cable_one_arm_lat_pulldown","Cable One Arm Lat Pulldown","Back","Back","Back","Cable","Back","Back","2","74","duplicate_group"
"135","cable_one_arm_pulldown","Cable One Arm Pulldown","Back","Back","Back","Cable","Back","","1","44","missing_video"
"136","cable_one_arm_straight_back_high_row","Cable One Arm Straight Back High Row","Back","Back","Back","Cable","Back","","1","44","missing_video"
"137","cable_palm_rotational_row","Cable Palm Rotational Row","Back","Back","Back","Cable","Back","Back","1","74",""
"138","cable_parallel_grip_lat_pulldown_on_floor","Cable Parallel Grip Lat Pulldown on Floor","Back","Back","Back","Cable","Back","","1","44","missing_video"
"139","cable_pulldown","Cable Pulldown","Back","Back","Back","Cable","Back","Back","3","74","duplicate_group"
"140","cable_pulldown_cable_pulldown_7tw","Cable Pulldown","Back","Back","Back","Cable","Back","","3","44","missing_video;duplicate_group"
"141","cable_pulldown_cable_pulldown_64y","Cable Pulldown","Back","Back","Back","Cable","Back","Back","3","74","duplicate_group"
"142","cable_rear_pulldown","Cable Rear Pulldown","Back","Back","Back","Cable","Back","Back","1","74",""
"143","cable_reverse_grip_pulldown","Cable Reverse Grip Pulldown","Back","Back","Back","Cable","Back","Back","1","74",""
"144","cable_reverse_grip_straight_back_seated_high_row","Cable Reverse-grip Straight Back Seated High Row","Back","Back","Back","Cable","Back","Back","1","74",""
"145","cable_rope_crossover_seated_row","Cable Rope Crossover Seated Row","Back","Back","Back","Cable","Back","Back","1","74",""
"146","cable_rope_extension_incline_bench_row","Cable Rope Extension Incline Bench Row","Back","Back","Back","Cable","Back","","1","44","missing_video"
"147","cable_seated_high_row_cable_seated_high_row_6f3","Cable Seated High Row","Back","Back","Back","Cable","Back","Back","2","74","duplicate_group"
"148","cable_seated_high_row","Cable Seated High Row","Back","Back","Back","Cable","Back","Back","2","74","duplicate_group"
"149","cable_seated_horizontal_shrug","Cable Seated Horizontal Shrug","Back","Back","Back","Cable","Back","","1","44","missing_video"
"150","cable_seated_on_floor_row_with_rope","Cable Seated on Floor Row with Rope","Back","Back","Back","Cable","Back","Back","1","74",""
"151","cable_seated_one_arm_alternate_row","Cable Seated One Arm Alternate Row","Back","Back","Back","Cable","Back","Back","1","74",""
"152","cable_seated_pullover","Cable Seated Pullover","Back","Custom","Back","Cable","Back","","1","44","missing_video;image_target:Back"
"153","cable_seated_row_cable_seated_row_6x3","Cable seated row","Back","Back","Back","Cable","Back","Back","2","74","duplicate_group"
"154","cable_seated_row","Cable Seated Row","Back","Back","Back","Cable","Back","","2","44","missing_video;duplicate_group"
"155","cable_seated_row_with_v_bar","Cable Seated Row with V bar","Back","Back","Back","Cable","Back","Back","1","74",""
"156","cable_seated_supine_grip_row","Cable Seated Supine-grip Row","Back","Back","Back","Cable","Back","Back","2","74","duplicate_group"
"157","cable_seated_supine_grip_row_cable_seated_supine_grip_row_6fh","Cable Seated Supine-grip Row","Back","Back","Back","Cable","Back","","2","44","missing_video;duplicate_group"
"158","cable_seated_wide_grip_row","Cable Seated Wide grip Row","Back","Back","Back","Cable","Back","Back","2","74","duplicate_group"
"159","cable_seated_wide_grip_row_cable_seated_wide_grip_row_6fi","Cable Seated Wide-grip Row","Back","Back","Back","Cable","Back","Back","2","74","duplicate_group"
"160","cable_shrug","Cable Shrug","Back","Back","Back","Cable","Back","","2","44","missing_video;duplicate_group"
"161","cable_shrug_cable_shrug_6fk","Cable Shrug","Back","Back","Back","Cable","Back","Back","2","74","duplicate_group"
"162","cable_standing_row","Cable Standing Row","Back","Back","Back","Cable","Back","","1","44","missing_video"
"163","cable_straight_arm_pulldown","Cable straight arm pulldown","Back","Back","Back","Cable","Back","Back","3","74","duplicate_group"
"164","cable_straight_arm_pulldown_cable_straight_arm_pulldown_6fb","Cable Straight Arm Pulldown","Back","Back","Back","Cable","Back","Back","3","74","duplicate_group"
"165","cable_straight_arm_pulldown_cable_straight_arm_pulldown_6fc","Cable Straight Arm Pulldown","Back","Back","Back","Cable","Back","Back","3","74","duplicate_group"
"166","cable_straight_back_seated_row_cable_straight_back_seated_row_8gs","Cable Straight Back Seated Row","Back","Back","Back","Cable","Back","Back","2","74","duplicate_group"
"167","cable_straight_back_seated_row","Cable Straight Back Seated Row","Back","Back","Back","Cable","Back","Back","2","74","duplicate_group"
"168","cable_suspension_back_stretch","Cable Suspension Back Stretch","Back","Back","Back","Cable","Back","","1","44","missing_video"
"169","cable_underhand_pulldown","Cable Underhand Pulldown","Back","Back","Back","Cable","Back","Back","1","74",""
"170","cable_wide_neutral_grip_pulldown","Cable Wide Neutral Grip PullDown","Back","Back","Back","Cable","Back","","1","44","missing_video"
"171","cable_wide_grip_lat_pulldown","Cable Wide-Grip Lat Pulldown","Back","Back","Back","Cable","Back","Back","1","74",""
"172","cambered_bar_lying_row","Cambered Bar Lying Row","Back","Back","Back","Barbell","Back","Back","1","74",""
"173","cat_stretch_cat_stretch_6be","Cat Stretch","Back","Custom","Back","Body weight","Back","Back","1","74","image_target:Back;video_target:Back"
"174","chin_ups_chin_ups_8v1","Chin ups","Back","Back","Back","Body weight","Back","Back","3","74","duplicate_group"
"175","chin_up_chin_up_9o7","Chin-up","Back","Back","Back","Body weight","","","4","24","missing_image;missing_video;duplicate_group"
"176","chin_up_chin_up_9o8","Chin-up","Back","Back","Back","Body weight","","Back","4","54","missing_image;duplicate_group"
"177","chin_up","Chin-Up","Back","Back","Back","Body weight","Back","Back","4","74","duplicate_group"
"178","chin_up_chin_up_4k","Chin-Up","Back","Back","Back","Body weight","Back","Back","4","74","duplicate_group"
"179","chin_up_around_the_bar","Chin-Up Around the Bar","Back","Back","Back","Body weight","Back","","1","44","missing_video"
"180","chin_ups","Chin-ups","Back","Back","Back","Body weight","Back","Back","3","74","duplicate_group"
"181","chin_ups_chin_ups_89","Chin-ups","Back","Back","Back","Body weight","Back","Back","3","74","duplicate_group"
"182","close_grip_chin_up","Close-Grip Chin-Up","Back","Back","Back","Body weight","Back","Back","1","74",""
"183","close_grip_front_lat_pulldown","Close-Grip Front Lat Pulldown","Back","Back","Back","Cable","Back","Back","1","74",""
"184","cross_over_lateral_pulldown","Cross-over Lateral Pulldown","Back","Back","Back","Cable","Back","Back","1","74",""
"185","decline_bent_arm_pullover","Decline Bent Arm Pullover","Back","Custom","Back","Barbell","Back","","1","44","missing_video;image_target:Back"
"186","decline_shrug","Decline Shrug","Back","Back","Back","Dumbbell","Back","Back","1","74",""
"187","decline_wide_grip_pullover","Decline wide-grip pullover","Back","Custom","Back","Barbell","Back","","1","44","missing_video;image_target:Back"
"188","depression_in_parallel_bars_stretch","Depression In Parallel Bars Stretch","Back","Custom","Back","Body weight","Back","","1","44","missing_video;image_target:Back"
"189","dumbbell_bench_supported_external_rotation","Dumbbell Bench Supported External Rotation","Back","Custom","Back","Dumbbell","Back","","1","44","missing_video;image_target:Back"
"190","dumbbell_bent_over_reverse_row","Dumbbell Bent Over Reverse Row","Back","Back","Back","Dumbbell","Back","Back","1","74",""
"191","dumbbell_bent_over_row","Dumbbell Bent Over Row","Back","Back","Back","Dumbbell","Back","Back","2","74","duplicate_group"
"192","dumbbell_bent_over_row_dumbbell_bent_over_row_6hl","Dumbbell Bent Over Row","Back","Back","Back","Dumbbell","Back","Back","2","74","duplicate_group"
"193","dumbbell_bent_over_single_arm_row","Dumbbell Bent over Single Arm Row","Back","Back","Back","Dumbbell","Back","","1","44","missing_video"
"194","dumbbell_decline_shrug","Dumbbell Decline Shrug","Back","Back","Back","Dumbbell","Back","","2","44","missing_video;duplicate_group"
"195","dumbbell_decline_shrug_dumbbell_decline_shrug_6hx","Dumbbell Decline Shrug","Back","Back","Back","Dumbbell","Back","Back","2","74","duplicate_group"
"196","dumbbell_external_rotation","Dumbbell External Rotation","Back","Custom","Back","Dumbbell","Back","Back","1","74","image_target:Back;video_target:Back"
"197","dumbbell_hammer_grip_incline_bench_two_arm_row","Dumbbell Hammer Grip Incline Bench Two Arm Row","Back","Biceps","Back","Dumbbell","Back","Back","2","74","muscle_mismatch:Back->Biceps;image_target:Back;video_target:Back;duplicate_group"
"198","dumbbell_hammer_grip_incline_bench_two_arm_row_dumbbell_hammer_grip_incline_bench_two_arm_row_8nk","Dumbbell Hammer Grip Incline Bench Two Arm Row","Back","Biceps","Back","Dumbbell","Back","Back","2","74","muscle_mismatch:Back->Biceps;image_target:Back;video_target:Back;duplicate_group"
"199","dumbbell_incline_row","Dumbbell Incline Row","Back","Back","Back","Barbell","Back","Back","2","74","duplicate_group"
"200","dumbbell_incline_row_dumbbell_incline_row_6ij","Dumbbell Incline Row","Back","Back","Back","Dumbbell","Back","Back","2","74","duplicate_group"
"201","dumbbell_incline_shrug","Dumbbell Incline Shrug","Back","Back","Back","Dumbbell","Back","Back","2","74","duplicate_group"
"202","dumbbell_incline_shrug_dumbbell_incline_shrug_6il","Dumbbell Incline Shrug","Back","Back","Back","Dumbbell","Back","Back","2","74","duplicate_group"
"203","dumbbell_lying_close_grip_parallel_row_on_rack","Dumbbell Lying Close-Grip Parallel Row on Rack","Back","Back","Back","Dumbbell","Back","","1","44","missing_video"
"204","dumbbell_lying_wide_grip_row_on_rack","Dumbbell Lying Wide-Grip Row on Rack","Back","Back","Back","Dumbbell","Back","","1","44","missing_video"
"205","dumbbell_one_arm_bent_over_row","Dumbbell One Arm Bent-over Row","Back","Back","Back","Dumbbell","Back","Back","1","74",""
"206","dumbbell_palm_rotational_bent_over_row","Dumbbell Palm Rotational Bent Over Row","Back","Back","Back","Dumbbell","Back","Back","1","74",""
"207","dumbbell_pronated_grip_row","Dumbbell Pronated Grip Row","Back","Back","Back","Dumbbell","Back","","1","44","missing_video"
"208","dumbbell_pronated_to_neutral_grip_row","Dumbbell Pronated to Neutral Grip Row","Back","Back","Back","Dumbbell","Back","","1","44","missing_video"
"209","dumbbell_pullover_on_floor","Dumbbell Pullover on floor","Back","Custom","Back","Dumbbell","Back","Back","1","74","image_target:Back;video_target:Back"
"210","dumbbell_reverse_grip_incline_bench_one_arm_row","Dumbbell Reverse Grip Incline Bench One Arm Row","Back","Back","Back","Dumbbell","Back","","2","44","missing_video;duplicate_group"
"211","dumbbell_reverse_grip_incline_bench_one_arm_row_dumbbell_reverse_grip_incline_bench_one_arm_row_784","Dumbbell Reverse Grip Incline Bench One Arm Row","Back","Back","Back","Dumbbell","Back","","2","44","missing_video;duplicate_group"
"212","dumbbell_reverse_grip_incline_row","Dumbbell Reverse Grip Incline Row","Back","Back","Back","Dumbbell","Back","Back","1","74",""
"213","dumbbell_reverse_grip_row","Dumbbell Reverse Grip Row","Back","Back","Back","Dumbbell","Back","Back","1","74",""
"214","dumbbell_seated_gittleson_shrug","Dumbbell Seated Gittleson Shrug","Back","Back","Back","Dumbbell","Back","","1","44","missing_video"
"215","dumbbell_shrug","Dumbbell Shrug","Back","Back","Back","Dumbbell","Back","Back","2","74","duplicate_group"
"216","dumbbell_shrug_dumbbell_shrug_6kq","Dumbbell Shrug","Back","Back","Back","Dumbbell","Back","Back","2","74","duplicate_group"
"217","dynamic_back_stretch_dynamic_back_stretch_9ma","Dynamic Back Stretch","Back","Back","Back","Body weight","Back","Back","2","74","duplicate_group"
"218","dynamic_back_stretch","Dynamic Back Stretch","Back","Back","Back","Body weight","Back","Back","2","74","duplicate_group"
"219","elevanted_inverted_row_between_3_chairs","Elevanted Inverted Row between 3 Chairs","Back","Back","Back","Body weight","Back","","1","44","missing_video"
"220","elevanted_inverted_underhand_grip_row_between_3_chairs","Elevanted Inverted Underhand Grip Row between 3 Chairs","Back","Back","Back","Body weight","Back","","1","44","missing_video"
"221","elevated_row","Elevated Row","Back","Back","Back","Cable","Back","Back","1","74",""
"222","exercise_ball_alternating_arm_ups","Exercise Ball Alternating Arm Ups","Back","Custom","Back","Stability ball","Back","","1","44","missing_video;image_target:Back"
"223","exercise_ball_hug","Exercise Ball Hug","Back","Custom","Back","Stability ball","Back","","1","44","missing_video;image_target:Back"
"224","exercise_ball_lat_stretch","Exercise Ball Lat Stretch","Back","Custom","Back","Stability ball","Back","Back","1","74","image_target:Back;video_target:Back"
"225","exercise_ball_lower_back_prone_stretch","Exercise Ball Lower Back Prone Stretch","Back","Back","Back","Stability ball","Back","","1","44","missing_video"
"226","exercise_ball_lower_back_stretch","Exercise Ball Lower Back Stretch","Back","Back","Back","Stability ball","Back","","1","44","missing_video"
"227","exercise_ball_lying_side_lat_stretch","Exercise Ball Lying Side Lat Stretch","Back","Custom","Back","Stability ball","Back","Back","1","74","image_target:Back;video_target:Back"
"228","exercise_ball_prone_leg_raise","Exercise Ball Prone Leg Raise","Back","Core","Back","Stability ball","Back","","1","44","missing_video;muscle_mismatch:Back->Core;image_target:Back"
"229","ez_bar_lying_bent_arms_pullover","EZ Bar Lying Bent Arms Pullover","Back","Custom","Back","EZ Barbell","Back","Back","1","74","image_target:Back;video_target:Back"
"230","ez_bar_reverse_grip_bent_over_row","EZ Bar Reverse Grip Bent Over Row","Back","Back","Back","EZ Barbell","Back","Back","1","74",""
"231","fixed_bar_back_stretch","Fixed Bar Back Stretch","Back","Back","Back","Body weight","Back","Back","1","74",""
"232","gironda_sternum_chin","Gironda Sternum Chin","Back","Custom","Back","Body weight","Back","","1","44","missing_video;image_target:Back"
"233","hanging_scapular_shrug","Hanging Scapular Shrug","Back","Back","Back","Body weight","Back","","1","44","missing_video"
"234","iliocostalis","Iliocostalis","Back","Custom","Back","Body weight","","","1","24","missing_image;missing_video"
"235","incline_row","Incline Row","Back","Back","Back","Dumbbell","Back","Back","2","74","duplicate_group"
"236","incline_row_incline_row_r","Incline Row","Back","Back","Back","Barbell","Back","Back","2","74","duplicate_group"
"237","incline_shrug","Incline Shrug","Back","Back","Back","Dumbbell","Back","Back","1","74",""
"238","infraspinatus","Infraspinatus","Back","Custom","Back","Body weight","","","1","24","missing_image;missing_video"
"239","inverted_row_inverted_row_6n9","Inverted Row","Back","Back","Back","Body weight","Back","","4","44","missing_video;duplicate_group"
"240","inverted_row_inverted_row_7vf","Inverted Row","Back","Back","Back","Body weight","Back","Back","4","74","duplicate_group"
"241","inverted_row","Inverted Row","Back","Back","Back","Body weight","Back","Back","4","74","duplicate_group"
"242","inverted_row_inverted_row_6n1","Inverted Row","Back","Back","Back","Body weight","Back","Back","4","74","duplicate_group"
"243","inverted_row_bent_knee_under_table","Inverted Row Bent Knee under Table","Back","Back","Back","Body weight","Back","","1","44","missing_video"
"244","inverted_row_bent_knees","Inverted Row Bent Knees","Back","Back","Back","Body weight","Back","Back","1","74",""
"245","inverted_row_between_chairs","Inverted Row between Chairs","Back","Back","Back","Body weight","Back","Back","2","74","duplicate_group"
"246","inverted_row_between_chairs_inverted_row_between_chairs_8pf","Inverted Row between Chairs","Back","Back","Back","Body weight","Back","Back","2","74","duplicate_group"
"247","inverted_row_on_bench","Inverted Row on Bench","Back","Back","Back","Body weight","Back","","1","44","missing_video"
"248","inverted_row_under_table","Inverted Row under Table","Back","Back","Back","Body weight","Back","","1","44","missing_video"
"249","inverted_row_with_bed_sheet","Inverted Row with Bed Sheet","Back","Back","Back","Body weight","Back","","1","44","missing_video"
"250","inverted_row_with_bent_knee_between_chairs","Inverted Row with Bent Knee between Chairs","Back","Back","Back","Body weight","Back","Back","1","74",""
"251","inverted_row_with_straps","Inverted Row with Straps","Back","Back","Back","Suspension","Back","Back","2","74","duplicate_group"
"252","inverted_row_with_straps_inverted_row_with_straps_6n0","Inverted Row with Straps","Back","Back","Back","Body weight","Back","Back","2","74","duplicate_group"
"253","inverted_shrug","Inverted Shrug","Back","Back","Back","Body weight","Back","","2","44","missing_video;duplicate_group"
"254","inverted_shrug_inverted_shrug_978","Inverted Shrug","Back","Back","Back","Body weight","Back","","2","44","missing_video;duplicate_group"
"255","inverted_underhand_grip_row_between_chairs","Inverted Underhand Grip Row between Chairs","Back","Back","Back","Body weight","Back","","1","44","missing_video"
"256","jumping_pull_up","Jumping Pull-up","Back","Back","Back","Body weight","Back","Back","1","74",""
"257","kettlebell_alternating_renegade_row","Kettlebell Alternating Renegade Row","Back","Back","Back","Kettlebell","Back","","2","44","missing_video;duplicate_group"
"258","kettlebell_alternating_renegade_row_kettlebell_alternating_renegade_row_6nx","Kettlebell Alternating Renegade Row","Back","Back","Back","Kettlebell","Back","Back","2","74","duplicate_group"
"259","kettlebell_alternating_row","Kettlebell Alternating Row","Back","Back","Back","Kettlebell","Back","Back","1","74",""
"260","kettlebell_angled_press","Kettlebell Angled Press","Back","Custom","Back","Kettlebell","Back","Back","1","74","image_target:Back;video_target:Back"
"261","kettlebell_around_head_rotation","Kettlebell Around Head Rotation","Back","Custom","Back","Kettlebell","Back","Back","1","74","image_target:Back;video_target:Back"
"262","kettlebell_bent_arm_pullover_with_knees_bent","Kettlebell Bent Arm Pullover with Knees Bent","Back","Custom","Back","Kettlebell","Back","","1","44","missing_video;image_target:Back"
"263","kettlebell_bent_over_row","Kettlebell Bent-Over Row","Back","Back","Back","Kettlebell","Back","","1","44","missing_video"
"264","kettlebell_one_arm_row","Kettlebell One Arm Row","Back","Back","Back","Kettlebell","Back","Back","1","74",""
"265","kettlebell_pullover_3_month_position","Kettlebell Pullover 3 Month Position","Back","Custom","Back","Kettlebell","Back","","1","44","missing_video;image_target:Back"
"266","kettlebell_sumo_high_pull","Kettlebell Sumo High Pull","Back","Custom","Back","Kettlebell","Back","Back","1","74","image_target:Back;video_target:Back"
"267","kettlebell_two_arm_row","Kettlebell Two Arm Row","Back","Back","Back","Kettlebell","Back","Back","1","74",""
"268","kipping_muscle_up","Kipping Muscle Up","Back","Custom","Back","Body weight","Back","","1","44","missing_video;image_target:Back"
"269","kneeling_back_rotation_stretch","Kneeling Back Rotation Stretch","Back","Back","Back","Body weight","Back","Back","2","74","duplicate_group"
"270","kneeling_back_rotation_stretch_kneeling_back_rotation_stretch_7j8","Kneeling Back Rotation Stretch","Back","Back","Back","Body weight","Back","Back","2","74","duplicate_group"
"271","kneeling_lat_stretch","Kneeling Lat Stretch","Back","Custom","Back","Body weight","Back","Back","2","74","image_target:Back;video_target:Back;duplicate_group"
"272","kneeling_lat_stretch_kneeling_lat_stretch_78s","Kneeling Lat Stretch","Back","Custom","Back","Body weight","Back","Back","2","74","image_target:Back;video_target:Back;duplicate_group"
"273","kneeling_lat_stretch_on_bench","Kneeling Lat Stretch on Bench","Back","Custom","Upper Arms","Body weight","","","1","44","missing_video"
"274","landmine_one_arm_bent_over_bench_row","Landmine One Arm Bent-Over Bench Row","Back","Back","Back","Leverage machine","Back","","1","44","missing_video"
"275","landmine_one_arm_bent_over_row","Landmine One Arm Bent-Over Row","Back","Back","Back","Leverage machine","Back","Back","1","74",""
"276","lever_alternating_narrow_grip_seated_row","Lever Alternating Narrow Grip Seated Row","Back","Back","Back","Leverage machine","Back","","2","44","missing_video;duplicate_group"
"277","lever_alternating_narrow_grip_seated_row_lever_alternating_narrow_grip_seated_row_0r","Lever Alternating Narrow Grip Seated Row","Back","Back","Back","Leverage machine","Back","","2","74","duplicate_group"
"278","lever_assisted_chin_up","Lever Assisted Chin-Up","Back","Back","Back","Leverage machine","Back","Back","1","74",""
"279","lever_bent_over_row_lever_bent_over_row_6p4","Lever Bent over Row","Back","Back","Back","Barbell","Back","Back","2","74","duplicate_group"
"280","lever_bent_over_row","Lever Bent over Row","Back","Back","Back","Leverage machine","Back","","2","44","missing_video;duplicate_group"
"281","lever_bent_over_row_with_v_bar","Lever Bent-over Row with V-bar","Back","Back","Back","Leverage machine","Back","Back","1","74",""
"282","lever_cable_rear_pulldown","Lever Cable Rear Pulldown","Back","Back","Back","Leverage machine","Back","","1","44","missing_video"
"283","lever_front_pulldown","Lever Front Pulldown","Back","Back","Back","Leverage machine","Back","Back","2","74","duplicate_group"
"284","lever_front_pulldown_lever_front_pulldown_6pj","Lever Front Pulldown","Back","Back","Back","Leverage machine","Back","Back","2","74","duplicate_group"
"285","lever_gripless_shrug","Lever Gripless Shrug","Back","Back","Back","Leverage machine","Back","Back","3","74","duplicate_group"
"286","lever_gripless_shrug_lever_gripless_shrug_6pk","Lever Gripless Shrug","Back","Back","Back","Leverage machine","Back","Back","3","74","duplicate_group"
"287","lever_gripless_shrug_lever_gripless_shrug_f3","Lever Gripless Shrug","Back","Back","Back","Leverage machine","Back","","3","44","missing_video;duplicate_group"
"288","lever_high_row","Lever High Row","Back","Back","Back","Leverage machine","Back","Back","5","74","duplicate_group"
"289","lever_high_row_lever_high_row_85h","Lever High Row","Back","Back","Back","Leverage machine","Back","Back","5","74","duplicate_group"
"290","lever_high_row_lever_high_row_85i","Lever High Row","Back","Back","Back","Leverage machine","Back","Back","5","74","duplicate_group"
"291","lever_high_row_lever_high_row_8hn","Lever High Row","Back","Back","Back","Leverage machine","Back","Back","5","74","duplicate_group"
"292","lever_high_row_lever_high_row_0y","Lever High Row","Back","Back","Back","Leverage machine","Back","Back","5","74","duplicate_group"
"293","lever_lateral_pulldown","Lever Lateral Pulldown","Back","Back","Back","Leverage machine","Back","Back","1","74",""
"294","lever_lateral_wide_pulldown","Lever Lateral Wide Pulldown","Back","Back","Back","Leverage machine","Back","Back","1","74",""
"295","lever_low_row","Lever Low Row","Back","Back","Back","Leverage machine","Back","Back","1","74",""
"296","lever_lying_banded_t_bar_row","Lever Lying Banded T-bar Row","Back","Back","Back","Leverage machine","Back","","1","44","missing_video"
"297","lever_lying_t_bar_row","Lever Lying T-bar Row","Back","Back","Back","Leverage machine","Back","Back","1","74",""
"298","lever_narrow_grip_seated_row","Lever Narrow Grip Seated Row","Back","Back","Back","Leverage machine","Back","","2","44","missing_video;duplicate_group"
"299","lever_narrow_grip_seated_row_lever_narrow_grip_seated_row_0e","Lever Narrow Grip Seated Row","Back","Back","Back","Leverage machine","Back","Back","2","74","duplicate_group"
"300","lever_neutral_grip_seated_row","Lever Neutral Grip Seated Row","Back","Back","Back","Leverage machine","Back","Back","1","74",""
"301","lever_one_arm_bent_over_row","Lever One Arm Bent over Row","Back","Back","Back","Barbell","Back","","1","44","missing_video"
"302","lever_one_arm_lateral_high_row","Lever One Arm Lateral High Row","Back","Back","Back","Leverage machine","Back","","1","44","missing_video"
"303","lever_one_arm_lateral_wide_pulldown","Lever One Arm Lateral Wide Pulldown","Back","Back","Back","Leverage machine","Back","Back","1","74",""
"304","lever_one_arm_low_row","Lever One Arm Low Row","Back","Back","Back","Leverage machine","Back","Back","1","74",""
"305","lever_one_arm_seated_row","Lever One Arm Seated Row","Back","Back","Back","Leverage machine","Back","","1","44","missing_video"
"306","lever_pullover","Lever Pullover","Back","Custom","Back","Leverage machine","Back","Back","1","74","image_target:Back;video_target:Back"
"307","lever_reverse_grip_high_row","Lever Reverse Grip High Row","Back","Back","Back","Leverage machine","Back","Back","1","74",""
"308","lever_reverse_grip_lateral_pulldown","Lever Reverse grip Lateral Pulldown","Back","Back","Back","Leverage machine","Back","Back","1","74",""
"309","lever_reverse_grip_vertical_row_lever_reverse_grip_vertical_row_7e0","Lever Reverse Grip Vertical Row","Back","Back","Back","Leverage machine","Back","","2","44","missing_video;duplicate_group"
"310","lever_reverse_grip_vertical_row","Lever Reverse Grip Vertical Row","Back","Back","Back","Leverage machine","Back","","2","44","missing_video;duplicate_group"
"311","lever_reverse_t_bar_row_lever_reverse_t_bar_row_8hr","Lever Reverse T-Bar Row","Back","Back","Back","Leverage machine","Back","Back","2","74","duplicate_group"
"312","lever_reverse_t_bar_row","Lever Reverse T-Bar Row","Back","Back","Back","Leverage machine","Back","Back","2","74","duplicate_group"
"313","lever_row","Lever Row","Back","Back","Back","Leverage machine","Back","Back","1","74",""
"314","lever_seated_row_lever_seated_row_7tz","Lever Seated Row","Back","Back","Back","Leverage machine","Back","Back","4","74","duplicate_group"
"315","lever_seated_row","Lever Seated Row","Back","Back","Back","Leverage machine","Back","Back","4","74","duplicate_group"
"316","lever_seated_row_lever_seated_row_85j","Lever Seated Row","Back","Back","Back","Leverage machine","Back","Back","4","74","duplicate_group"
"317","lever_seated_row_lever_seated_row_4s","Lever Seated Row","Back","Back","Back","Leverage machine","Back","Back","4","74","duplicate_group"
"318","lever_shrug_lever_shrug_6q8","Lever Shrug","Back","Back","Back","Leverage machine","Back","Back","4","74","duplicate_group"
"319","lever_shrug","Lever Shrug","Back","Back","Back","Leverage machine","Back","Back","4","74","duplicate_group"
"320","lever_shrug_lever_shrug_13","Lever Shrug","Back","Back","Back","Leverage machine","Back","Back","4","74","duplicate_group"
"321","lever_shrug_lever_shrug_3q","Lever Shrug","Back","Back","Back","Leverage machine","Back","","4","44","missing_video;duplicate_group"
"322","lever_single_arm_neutral_grip_seated_row","Lever Single Arm Neutral Grip Seated Row","Back","Back","Back","Leverage machine","Back","","1","74",""
"323","lever_t_bar_row","Lever T bar Row","Back","Back","Back","Leverage machine","Back","Back","3","74","duplicate_group"
"324","lever_t_bar_row_lever_t_bar_row_1f","Lever T bar Row","Back","Back","Back","Leverage machine","Back","Back","3","74","duplicate_group"
"325","lever_t_bar_reverse_grip_row","Lever T-Bar Reverse Grip Row","Back","Back","Back","Leverage machine","Back","","1","44","missing_video"
"326","lever_t_bar_row_lever_t_bar_row_81o","Lever T-bar Row","Back","Back","Back","Leverage machine","Back","Back","3","74","duplicate_group"
"327","lever_unilateral_row","Lever Unilateral Row","Back","Back","Back","Leverage machine","Back","Back","1","74",""
"328","locust_yoga_pose","Locust Yoga Pose","Back","Custom","Back","Body weight","Back","","1","44","missing_video;image_target:Back"
"329","low_seated_row","Low Seated Row","Back","Back","Back","Cable","Back","Back","1","74",""
"330","lower_back_curl","Lower Back Curl","Back","Biceps","Back","Body weight","Back","","1","44","missing_video;muscle_mismatch:Back->Biceps;image_target:Back"
"331","lying_extension_pullover","Lying Extension Pullover","Back","Custom","Back","Cable","Back","","1","74","image_target:Back"
"332","lying_floor_row_with_bent_knee","Lying Floor Row with Bent Knee","Back","Back","Back","Body weight","Back","Back","1","74",""
"333","lying_whole_body_stretch","Lying whole body stretch","Back","Custom","Back","Body weight","Back","","1","44","missing_video;image_target:Back"
"334","medicine_ball_catch_and_overhead_throw","Medicine Ball Catch and Overhead Throw","Back","Back","Back","Medicine Ball","Back","Back","1","74",""
"335","medicine_ball_overhead_slam","Medicine Ball Overhead Slam","Back","Custom","Back","Medicine Ball","Back","Back","1","74","image_target:Back;video_target:Back"
"336","mixed_grip_chin_up","Mixed Grip Chin-up","Back","Back","Back","Body weight","Back","","1","44","missing_video"
"337","multifidus","Multifidus","Back","Custom","Back","Body weight","","","1","24","missing_image;missing_video"
"338","muscle_up","Muscle Up","Back","Custom","Back","Body weight","Back","Back","2","74","image_target:Back;video_target:Back;duplicate_group"
"339","muscle_up_muscle_up_79x","Muscle-up","Back","Custom","Back","Body weight","Back","","2","44","missing_video;image_target:Back;duplicate_group"
"340","one_arm_against_wall","One Arm Against Wall","Back","Custom","Back","Body weight","Back","","1","44","missing_video;image_target:Back"
"341","one_arm_bent_over_row","One Arm Bent-over Row","Back","Back","Back","Dumbbell","Back","Back","1","74",""
"342","one_arm_chin_up","One Arm Chin-Up","Back","Back","Back","Body weight","Back","","1","44","missing_video"
"343","one_arm_lat_stretch","One arm Lat Stretch","Back","Custom","Back","Body weight","Back","","1","44","missing_video;image_target:Back"
"344","one_arm_row","One Arm Row","Back","Back","Back","Dumbbell","Back","Back","1","74",""
"345","one_arm_towel_row","One Arm Towel Row","Back","Back","Back","Body weight","Back","","1","44","missing_video"
"346","one_handed_hang","One Handed Hang","Back","Custom","Back","Body weight","Back","Back","1","74","image_target:Back;video_target:Back"
"347","palm_rotational_bent_over_row","Palm Rotational Bent Over Row","Back","Back","Back","Dumbbell","Back","Back","1","74",""
"348","prone_single_arm_trap_raise","Prone Single Arm Trap Raise","Back","Custom","Back","Body weight","Back","","1","44","missing_video;image_target:Back"
"349","pull_up_pull_up_6rj","Pull up","Back","Back","Back","Body weight","Back","Back","4","74","duplicate_group"
"350","pull_up","Pull up","Back","Back","Back","Body weight","Back","Back","4","74","duplicate_group"
"351","pull_up_pull_up_1i","Pull-up","Back","Back","Back","Body weight","Back","Back","4","74","duplicate_group"
"352","pull_up_pull_up_6rk","Pull-up","Back","Back","Back","Body weight","Back","Back","4","74","duplicate_group"
"353","pull_up_with_bent_knee_between_chairs","Pull-up with Bent Knee between Chairs","Back","Back","Back","Body weight","Back","Back","1","74",""
"354","pulldown","Pulldown","Back","Back","Back","Cable","Back","Back","2","74","duplicate_group"
"355","pulldown_pulldown_7k","Pulldown","Back","Back","Back","Cable","Back","Back","2","74","duplicate_group"
"356","pulse_row","Pulse Row","Back","Back","Back","Body weight","Back","Back","2","74","duplicate_group"
"357","pulse_row_pulse_row_8b9","Pulse Row","Back","Back","Back","Body weight","","Back","2","54","missing_image;duplicate_group"
"358","pvc_external_rotation","PVC External Rotation","Back","Custom","Back","Body weight","Back","Back","1","74","image_target:Back;video_target:Back"
"359","pvc_front_rack_stretch","PVC Front Rack Stretch","Back","Custom","Back","Body weight","","Back","1","54","missing_image;video_target:Back"
"360","reach_forward_upper_back_stretch","Reach forward upper back stretch","Back","Back","Back","Body weight","Back","","1","44","missing_video"
"361","reach_up_back_stretch","Reach up back stretch","Back","Back","Back","Body weight","Back","","1","44","missing_video"
"362","reaching_upper_back_stretch","Reaching upper back stretch","Back","Back","Back","Body weight","Back","","1","44","missing_video"
"363","rear_pull_up_rear_pull_up_1k","Rear Pull-up","Back","Back","Back","Body weight","Back","","2","44","missing_video;duplicate_group"
"364","rear_pull_up","Rear Pull-up","Back","Back","Back","Body weight","Back","","2","44","missing_video;duplicate_group"
"365","rear_pulldown","Rear Pulldown","Back","Back","Back","Cable","Back","Back","1","74",""
"366","resistance_band_bent_over_neutral_grip_row","Resistance Band Bent Over Neutral Grip Row","Back","Back","Back","Resistance Band","Back","","1","44","missing_video"
"367","resistance_band_bent_over_row","Resistance Band Bent Over Row","Back","Back","Back","Resistance Band","Back","","1","44","missing_video"
"368","resistance_band_external_rotation","Resistance Band External Rotation","Back","Custom","Back","Resistance Band","Back","","1","44","missing_video;image_target:Back"
"369","resistance_band_inverted_row","Resistance Band Inverted Row","Back","Back","Back","Resistance Band","Back","","1","44","missing_video"
"370","resistance_band_one_arm_bent_over_row","Resistance Band One Arm Bent Over Row","Back","Back","Back","Resistance Band","Back","","1","44","missing_video"
"371","resistance_band_seated_straight_back_row","Resistance Band Seated Straight Back Row","Back","Back","Back","Resistance Band","Back","","2","44","missing_video;duplicate_group"
"372","resistance_band_seated_straight_back_row_resistance_band_seated_straight_back_row_8iv","Resistance Band Seated Straight Back Row","Back","Back","Back","Resistance Band","Back","","2","44","missing_video;duplicate_group"
"373","resistance_band_skier","Resistance Band Skier","Back","Custom","Back","Resistance Band","","","1","44","missing_video"
"374","resistance_band_spider_crawls","Resistance Band Spider Crawls","Back","Custom","Back","Resistance Band","Back","","1","44","missing_video;image_target:Back"
"375","resistance_band_split_jump_with_single_arm_row","Resistance Band Split Jump with Single Arm Row","Back","Back","Back","Resistance Band","","","1","44","missing_video"
"376","reverse_grip_bent_over_row","Reverse Grip Bent over Row","Back","Back","Back","Barbell","Back","","1","74",""
"377","reverse_grip_incline_bench_row","Reverse Grip Incline Bench Row","Back","Back","Back","Barbell","Back","Back","1","74",""
"378","reverse_grip_incline_bench_two_arm_row","Reverse Grip Incline Bench Two Arm Row","Back","Back","Back","Dumbbell","Back","","1","44","missing_video"
"379","reverse_grip_machine_lat_pulldown_reverse_grip_machine_lat_pulldown_1m","Reverse grip machine lat pulldown","Back","Back","Back","Leverage machine","Back","Back","3","74","duplicate_group"
"380","reverse_grip_machine_lat_pulldown","Reverse grip machine lat pulldown","Back","Back","Back","Leverage machine","Back","Back","3","74","duplicate_group"
"381","reverse_grip_machine_lat_pulldown_reverse_grip_machine_lat_pulldown_8vq","Reverse Grip Machine Lat Pulldown","Back","Back","Back","Leverage machine","Back","Back","3","74","duplicate_group"
"382","reverse_grip_pull_up","Reverse grip Pull-up","Back","Back","Back","Body weight","Back","Back","2","74","duplicate_group"
"383","reverse_grip_pull_up_reverse_grip_pull_up_6s6","Reverse grip Pull-up","Back","Back","Back","Body weight","Back","Back","2","74","duplicate_group"
"384","reverse_grip_straight_back_seated_high_row","Reverse-grip Straight Back Seated High Row","Back","Back","Back","Cable","Back","Back","1","74",""
"385","rhomboid","Rhomboid","Back","Custom","Back","Body weight","","","1","24","missing_image;missing_video"
"386","rhomboid_major","Rhomboid Major","Back","Custom","Back","Body weight","","","1","24","missing_image;missing_video"
"387","rhomboid_minor","Rhomboid Minor","Back","Custom","Back","Body weight","","","1","24","missing_image;missing_video"
"388","rocky_pull_up_pulldown","Rocky Pull Up Pulldown","Back","Back","Back","Body weight","Back","","2","44","missing_video;duplicate_group"
"389","rocky_pull_up_pulldown_rocky_pull_up_pulldown_6s0","Rocky Pull-Up Pulldown","Back","Back","Back","Body weight","Back","","2","44","missing_video;duplicate_group"
"390","roll_back_stretch","Roll Back Stretch","Back","Back","Back","Roll","Back","","1","44","missing_video"
"391","roll_ball_infraspinatus","Roll Ball Infraspinatus","Back","Custom","Back","Rollball","Back","","2","44","missing_video;image_target:Back;duplicate_group"
"392","roll_ball_infraspinatus_roll_ball_infraspinatus_9iu","Roll Ball Infraspinatus","Back","Custom","Back","Rollball","Back","","2","44","missing_video;image_target:Back;duplicate_group"
"393","roll_ball_rhomboid","Roll Ball Rhomboid","Back","Custom","Back","Rollball","Back","","1","44","missing_video;image_target:Back"
"394","roll_ball_scapula_levator","Roll Ball Scapula Levator","Back","Custom","Back","Rollball","Back","","2","44","missing_video;image_target:Back;duplicate_group"
"395","roll_ball_scapula_levator_roll_ball_scapula_levator_9iw","Roll Ball Scapula Levator","Back","Custom","Back","Rollball","Back","","2","44","missing_video;image_target:Back;duplicate_group"
"396","roll_ball_trapezius_lower","Roll Ball Trapezius Lower","Back","Custom","Back","Rollball","Back","","2","44","missing_video;image_target:Back;duplicate_group"
"397","roll_ball_trapezius_lower_roll_ball_trapezius_lower_9ia","Roll Ball Trapezius Lower","Back","Custom","Back","Rollball","Back","","2","44","missing_video;image_target:Back;duplicate_group"
"398","roll_ball_trapezius_upper","Roll Ball Trapezius Upper","Back","Custom","Back","Rollball","Back","","1","44","missing_video;image_target:Back"
"399","roll_ball_upper_trapezius_release","Roll Ball Upper Trapezius Release","Back","Custom","Back","Rollball","Back","Back","1","74","image_target:Back;video_target:Back"
"400","roll_ball_wide_back","Roll Ball Wide Back","Back","Back","Back","Rollball","Back","","1","44","missing_video"
"401","roll_lat_foam_rolling","Roll Lat Foam Rolling","Back","Custom","Back","Roll","Back","Back","1","74","image_target:Back;video_target:Back"
"402","roll_side_lat_stretch","Roll Side Lat Stretch","Back","Custom","Back","Roll","Back","Back","1","74","image_target:Back;video_target:Back"
"403","roll_upper_back","Roll Upper Back","Back","Back","Back","Roll","Back","Back","1","74",""
"404","rope_climb","Rope Climb","Back","Custom","Back","Rope","Back","","1","44","missing_video;image_target:Back"
"405","rope_elevated_seated_row","Rope Elevated Seated Row","Back","Back","Back","Cable","Back","","1","44","missing_video"
"406","rope_seated_row","Rope Seated Row","Back","Back","Back","Cable","Back","Back","1","74",""
"407","rowing","Rowing","Back","Back","Cardio","Leverage machine","","","1","74",""
"408","rowing_boat_yoga_pose","Rowing Boat Yoga Pose","Back","Back","Stretching","Body weight","","","1","44","missing_video"
"409","scapula_elevation_depression","Scapula Elevation Depression","Back","Custom","Back","Body weight","","","1","44","missing_video"
"410","scapula_retraction_protraction","Scapula Retraction Protraction","Back","Custom","Back","Body weight","","","1","44","missing_video"
"411","scapular_pull_up","Scapular Pull-Up","Back","Back","Back","Body weight","Back","Back","1","74",""
"412","scapular_slide_back_to_wall","Scapular Slide Back to Wall","Back","Back","Back","Body weight","Back","Back","1","74",""
"413","seated_high_row","Seated High Row","Back","Back","Back","Cable","Back","Back","1","74",""
"414","seated_lower_back_stretch","Seated Lower Back Stretch","Back","Back","Back","Body weight","Back","Back","2","74","duplicate_group"
"415","seated_lower_back_stretch_seated_lower_back_stretch_6sm","Seated Lower Back Stretch","Back","Back","Back","Body weight","Back","Back","2","74","duplicate_group"
"416","seated_lower_trunk_extensor_lateral_flexor_stretch","Seated Lower Trunk Extensor Lateral Flexor Stretch","Back","Custom","Back","Body weight","Back","","1","44","missing_video;image_target:Back"
"417","seated_pull_up_between_chairs","Seated Pull-up between Chairs","Back","Back","Back","Body weight","Back","","1","44","missing_video"
"418","seated_row","seated row","Back","Back","Back","Cable","Back","Back","2","74","duplicate_group"
"419","seated_row_seated_row_3w","Seated Row","Back","Back","Back","Cable","Back","","2","44","missing_video;duplicate_group"
"420","seated_row_with_towel","Seated Row with Towel","Back","Back","Back","Body weight","Back","Back","1","74",""
"421","seated_wide_grip_row","Seated Wide-grip Row","Back","Back","Back","Cable","Back","Back","1","74",""
"422","semispinal_head","Semispinal head","Back","Custom","Back","Body weight","","","1","24","missing_image;missing_video"
"423","serratus_posterior","Serratus Posterior","Back","Custom","Back","Body weight","","","1","24","missing_image;missing_video"
"424","shrug","Shrug","Back","Back","Back","Body weight","Back","","4","44","missing_video;duplicate_group"
"425","shrug_shrug_61","Shrug","Back","Back","Back","Barbell","Back","Back","4","74","duplicate_group"
"426","shrug_shrug_7v","Shrug","Back","Back","Back","Cable","Back","Back","4","74","duplicate_group"
"427","shrug_shrug_9c","Shrug","Back","Back","Back","Dumbbell","Back","Back","4","74","duplicate_group"
"428","side_lat_stretch","Side Lat Stretch","Back","Custom","Back","Body weight","Back","","1","44","missing_video;image_target:Back"
"429","side_lying_floor_stretch","Side Lying Floor Stretch","Back","Custom","Back","Body weight","Back","","1","44","missing_video;image_target:Back"
"430","side_to_side_chin","Side-To-Side Chin","Back","Custom","Back","Body weight","Back","","1","44","missing_video;image_target:Back"
"431","sitting_bent_over_back_stretch","Sitting Bent Over Back Stretch","Back","Back","Back","Body weight","Back","Back","2","74","duplicate_group"
"432","sitting_bent_over_back_stretch_sitting_bent_over_back_stretch_7ib","Sitting Bent Over Back Stretch","Back","Back","Back","Body weight","Back","Back","2","74","duplicate_group"
"433","sitting_crossed_legged_reach_forward_stretch","Sitting Crossed Legged Reach Forward Stretch","Back","Custom","Back","Body weight","Back","","1","44","missing_video;image_target:Back"
"434","sitting_feet_together_reach_forward_stretch","Sitting Feet Together Reach Forward Stretch","Back","Custom","Back","Body weight","Back","","1","44","missing_video;image_target:Back"
"435","sitting_lower_trunk_extensor_stretch","Sitting Lower Trunk Extensor Stretch","Back","Custom","Back","Body weight","Back","","1","44","missing_video;image_target:Back"
"436","sitting_side_reach_stretch","Sitting Side Reach Stretch","Back","Custom","Back","Body weight","Back","Back","1","74","image_target:Back;video_target:Back"
"437","sliding_floor_pulldown_on_towel","Sliding Floor Pulldown on Towel","Back","Back","Back","Body weight","Back","Back","1","74",""
"438","slopes_towards_stretch","Slopes Towards Stretch","Back","Custom","Back","Body weight","Back","Back","2","74","image_target:Back;video_target:Back;duplicate_group"
"439","slopes_towards_stretch_slopes_towards_stretch_6u5","Slopes Towards Stretch","Back","Custom","Back","Body weight","Back","Back","2","74","image_target:Back;video_target:Back;duplicate_group"
"440","smith_back_shrug","Smith Back Shrug","Back","Back","Back","Smith machine","Back","Back","1","74",""
"441","smith_bent_over_narrow_supinated_grip_row","Smith Bent Over Narrow Supinated Grip Row","Back","Back","Back","Smith machine","Back","Back","1","74",""
"442","smith_bent_over_row","Smith Bent Over Row","Back","Back","Back","Smith machine","Back","Back","1","74",""
"443","smith_narrow_row_smith_narrow_row_85q","Smith Narrow Row","Back","Back","Back","Smith machine","Back","","2","44","missing_video;duplicate_group"
"444","smith_narrow_row","Smith Narrow Row","Back","Back","Back","Smith machine","Back","Back","2","74","duplicate_group"
"445","smith_one_arm_row","Smith One Arm Row","Back","Back","Back","Smith machine","Back","","1","44","missing_video"
"446","smith_reverse_grip_bent_over_row","Smith Reverse Grip Bent Over Row","Back","Back","Back","Smith machine","Back","","1","44","missing_video"
"447","smith_shrug","Smith Shrug","Back","Back","Back","Smith machine","Back","Back","2","74","duplicate_group"
"448","smith_shrug_smith_shrug_6ur","Smith Shrug","Back","Back","Back","Smith machine","Back","Back","2","74","duplicate_group"
"449","smith_single_arm_bent_over_row","Smith Single Arm Bent-Over Row","Back","Back","Back","Smith machine","Back","Back","1","74",""
"450","sphinx","Sphinx","Back","Custom","Back","Body weight","Back","","1","44","missing_video;image_target:Back"
"451","spinalis","Spinalis","Back","Custom","Back","Body weight","","","1","24","missing_image;missing_video"
"452","spine_erector","Spine erector","Back","Custom","Back","Body weight","","","1","24","missing_image;missing_video"
"453","spine_stretch","Spine Stretch","Back","Custom","Back","Body weight","Back","Back","2","74","image_target:Back;video_target:Back;duplicate_group"
"454","spine_stretch_spine_stretch_78d","Spine Stretch","Back","Custom","Back","Body weight","Back","Back","2","74","image_target:Back;video_target:Back;duplicate_group"
"455","splenius_of_the_head","Splenius of the head","Back","Custom","Back","Body weight","","","1","24","missing_image;missing_video"
"456","standing_back_rotation_stretch","Standing Back Rotation Stretch","Back","Back","Back","Body weight","Back","Back","2","74","duplicate_group"
"457","standing_back_rotation_stretch_standing_back_rotation_stretch_7j9","Standing Back Rotation Stretch","Back","Back","Back","Body weight","Back","Back","2","74","duplicate_group"
"458","standing_lateral_stretch","Standing Lateral Stretch","Back","Custom","Back","Body weight","Back","Back","2","74","image_target:Back;video_target:Back;duplicate_group"
"459","standing_lateral_stretch_standing_lateral_stretch_6vi","Standing Lateral Stretch","Back","Custom","Back","Body weight","Back","Back","2","74","image_target:Back;video_target:Back;duplicate_group"
"460","standing_pelvic_tilt","Standing Pelvic Tilt","Back","Custom","Back","Body weight","Back","","1","44","missing_video;image_target:Back"
"461","standing_reach_up_back_rotation_stretch","Standing reach up back rotation stretch","Back","Back","Back","Body weight","Back","Back","2","74","duplicate_group"
"462","standing_reach_up_back_rotation_stretch_standing_reach_up_back_rotation_stretch_7is","Standing reach up back rotation stretch","Back","Back","Back","Body weight","Back","Back","2","74","duplicate_group"
"463","standing_w_raise","Standing W-raise","Back","Custom","Back","Body weight","","","1","44","missing_video"
"464","static_position_lying_back_with_pad","Static Position Lying Back with Pad","Back","Back","","Body weight","Back","","2","44","missing_video;duplicate_group"
"465","static_position_lying_back_with_pad_static_position_lying_back_with_pad_8ww","Static Position Lying Back with Pad","Back","Back","","Body weight","Back","","2","44","missing_video;duplicate_group"
"466","static_position_seated_back_static_position_seated_back_8ir","Static Position Seated Back","Back","Back","","Body weight","Back","","2","44","missing_video;duplicate_group"
"467","static_position_seated_back","Static Position Seated Back","Back","Back","","Body weight","Back","","2","44","missing_video;duplicate_group"
"468","static_position_seated_back_with_pad","Static Position Seated Back with Pad","Back","Back","","Body weight","Back","","2","44","missing_video;duplicate_group"
"469","static_position_seated_back_with_pad_static_position_seated_back_with_pad_8wx","Static Position Seated Back with Pad","Back","Back","","Body weight","Back","","2","44","missing_video;duplicate_group"
"470","straight_arm_pulldown","Straight Arm Pulldown","Back","Back","Back","Cable","Back","Back","1","74",""
"471","straight_back_seated_row","Straight Back Seated Row","Back","Back","Back","Cable","Back","Back","1","74",""
"472","suspended_row","Suspended Row","Back","Back","Back","Body weight","Back","Back","1","74",""
"473","suspender_weighted_inverted_row","Suspender Weighted Inverted Row","Back","Back","Back","Suspension","Back","","2","44","missing_video;duplicate_group"
"474","suspender_weighted_inverted_row_suspender_weighted_inverted_row_809","Suspender Weighted Inverted Row","Back","Back","Back","Suspension","Back","","2","44","missing_video;duplicate_group"
"475","suspender_wide_grip_inverted_row","Suspender Wide Grip Inverted Row","Back","Back","Back","Suspension","Back","","1","44","missing_video"
"476","suspender_wide_grip_inverted_row_on_floor","Suspender Wide Grip Inverted Row on floor","Back","Back","Back","Suspension","Back","Back","1","74",""
"477","suspension_bent_knee_inverted_row","Suspension Bent knee Inverted Row","Back","Back","Back","Suspension","Back","","1","44","missing_video"
"478","suspension_inverted_row","Suspension Inverted Row","Back","Back","Back","Suspension","Back","","1","44","missing_video"
"479","suspension_lat_stretch","Suspension Lat Stretch","Back","Custom","Back","Suspension","Back","","1","44","missing_video;image_target:Back"
"480","suspension_power_pull","Suspension Power Pull","Back","Custom","Back","Suspension","Back","","1","44","missing_video;image_target:Back"
"481","suspension_pull_through","Suspension Pull Through","Back","Custom","Back","Suspension","Back","","1","44","missing_video;image_target:Back"
"482","suspension_pull_up","Suspension Pull-up","Back","Back","Back","Suspension","Back","","2","44","missing_video;duplicate_group"
"483","suspension_pull_up_suspension_pull_up_6ce","Suspension Pull-up","Back","Back","Back","Suspension","Back","Back","2","74","duplicate_group"
"484","suspension_reverse_fly_wake_up","Suspension Reverse Fly Wake-up","Back","Chest","Back","Suspension","Back","","1","44","missing_video;muscle_mismatch:Back->Chest;image_target:Back"
"485","suspension_row","Suspension Row","Back","Back","Back","Suspension","Back","","1","44","missing_video"
"486","suspension_self_assisted_pull_up","Suspension Self assisted Pull-up","Back","Back","Back","Suspension","Back","Back","1","74",""
"487","suspension_upper_back_stretch","Suspension Upper Back Stretch","Back","Back","Back","Suspension","Back","","1","44","missing_video"
"488","teres_major","Teres Major","Back","Custom","Back","Body weight","","","1","24","missing_image;missing_video"
"489","teres_minor","Teres Minor","Back","Custom","Back","Body weight","","","1","24","missing_image;missing_video"
"490","the_broadest_back","The broadest back","Back","Back","Back","Body weight","","","1","24","missing_image;missing_video"
"491","the_longest","The longest","Back","Custom","Back","Body weight","","","1","24","missing_image;missing_video"
"492","trap_bar_bent_over_row","Trap Bar Bent Over Row","Back","Back","Back","Trap bar","Back","Back","1","74",""
"493","trap_bar_standing_shrug","Trap Bar Standing Shrug","Back","Back","Back","Trap bar","Back","Back","1","74",""
"494","trapezius","Trapezius","Back","Custom","Back","EZ Barbell","","","1","24","missing_image;missing_video"
"495","twin_handle_parallel_grip_lat_pulldown","Twin handle parallel grip lat pulldown","Back","Back","Back","Cable","Back","Back","2","74","duplicate_group"
"496","twin_handle_parallel_grip_lat_pulldown_twin_handle_parallel_grip_lat_pulldown_6w6","Twin handle parallel grip lat pulldown","Back","Back","Back","Cable","Back","Back","2","74","duplicate_group"
"497","two_handed_hang_back_stretch","Two handed hang back stretch","Back","Back","Back","Body weight","Back","","1","44","missing_video"
"498","underhand_pulldown","Underhand Pulldown","Back","Back","Back","Cable","Back","Back","1","74",""
"499","underhand_grip_inverted_back_row","Underhand-Grip Inverted Back Row","Back","Back","Back","Body weight","Back","Back","1","74",""
"500","upper_back_stretch","Upper Back Stretch","Back","Back","Back","Body weight","Back","","1","44","missing_video"
"501","upper_row","Upper Row","Back","Back","Back","Cable","Back","","1","44","missing_video"
"502","upward_facing_dog","Upward Facing Dog","Back","Custom","Back","Body weight","Back","","1","44","missing_video;image_target:Back"
"503","weighted_chin_up","Weighted Chin-Up","Back","Back","Back","Weighted","Back","Back","1","74",""
"504","weighted_hang_chin_up","Weighted Hang Chin-Up","Back","Back","Back","Weighted","Back","Back","1","74",""
"505","weighted_inverted_row","Weighted Inverted Row","Back","Back","Back","Weighted","Back","","1","44","missing_video"
"506","weighted_muscle_up_weighted_muscle_up_8mm","Weighted Muscle up","Back","Custom","Back","Weighted","Back","","1","44","missing_video;image_target:Back"
"507","weighted_one_hand_pull_up","Weighted One Hand Pull up","Back","Back","Back","Weighted","","","1","44","missing_video"
"508","weighted_plate_bent_over_row","Weighted Plate Bent Over Row","Back","Back","Back","Weighted","Back","Back","1","74",""
"509","weighted_pull_up","Weighted Pull-Up","Back","Back","Back","Weighted","Back","Back","1","74",""
"510","weighted_pullover","Weighted Pullover","Back","Custom","Back","Weighted","Back","","1","44","missing_video;image_target:Back"
"511","wide_grip_pull_up","Wide Grip Pull Up","Back","Back","Back","Body weight","Back","Back","2","74","duplicate_group"
"512","wide_grip_pull_up_wide_grip_pull_up_f7","Wide Grip Pull-Up","Back","Back","Back","Body weight","Back","Back","2","74","duplicate_group"
"513","wide_grip_rear_pull_up","Wide Grip Rear Pull Up","Back","Back","Back","Body weight","Back","Back","2","74","duplicate_group"
"514","wide_grip_rear_pull_up_wide_grip_rear_pull_up_4w","Wide Grip Rear Pull-Up","Back","Back","Back","Body weight","Back","Back","2","74","duplicate_group"
"515","alternate_biceps_curl_alternate_biceps_curl_69l","Alternate Biceps Curl","Biceps","Biceps","Biceps, Upper Arms","Band","UpperArms","","3","44","missing_video;duplicate_group"
"516","alternate_biceps_curl_alternate_biceps_curl_3j","Alternate Biceps Curl","Biceps","Biceps","Biceps, Upper Arms","Dumbbell","UpperArms","UpperArms","3","74","duplicate_group"
"517","alternate_biceps_curl","Alternate Biceps Curl","Biceps","Biceps","Biceps, Upper Arms","Dumbbell","UpperArms","UpperArms","3","74","duplicate_group"
"518","band_45_degrees_biceps_curl","Band 45 degrees Biceps Curl","Biceps","Biceps","Biceps, Upper Arms","Band","","UpperArms","1","54","missing_image"
"519","band_alternating_biceps_curl","Band alternating biceps curl","Biceps","Biceps","Biceps, Upper Arms","Band","UpperArms","UpperArms","1","74",""
"520","band_biceps_curl","Band Biceps Curl","Biceps","Biceps","Biceps, Upper Arms","Band","UpperArms","","2","44","missing_video;duplicate_group"
"521","band_biceps_curl_band_biceps_curl_97m","Band Biceps Curl","Biceps","Biceps","Biceps, Upper Arms","Band","UpperArms","","2","44","missing_video;duplicate_group"
"522","band_concentration_curl","Band concentration curl","Biceps","Biceps","Biceps, Upper Arms","Band","UpperArms","","1","44","missing_video"
"523","band_cross_chest_biceps_curl","Band Cross Chest Biceps Curl","Biceps","Biceps","Biceps, Upper Arms","Band","UpperArms","UpperArms","1","74",""
"524","band_ez_barbell_close_grip_curl","Band EZ Barbell Close-grip Curl","Biceps","Biceps","Biceps, Upper Arms","Band","UpperArms","","1","44","missing_video"
"525","band_hammer_curl","Band hammer curl","Biceps","Biceps","Forearms","Band","Forearms","","1","44","missing_video;image_target:Forearms"
"526","band_horizontal_biceps_curl","Band Horizontal Biceps Curl","Biceps","Biceps","Biceps, Upper Arms","Band","","UpperArms","1","54","missing_image"
"527","band_kneeling_preacher_curl","Band Kneeling Preacher Curl","Biceps","Biceps","Biceps, Upper Arms","Band","UpperArms","UpperArms","1","74",""
"528","band_one_arm_overhead_biceps_cur","Band one arm overhead biceps cur","Biceps","Biceps","Biceps, Upper Arms","Band","UpperArms","","1","44","missing_video"
"529","band_standard_biceps_curl","Band Standard Biceps Curl","Biceps","Biceps","Biceps, Upper Arms","Band","","UpperArms","1","54","missing_image"
"530","band_standing_hammer_curl","Band Standing Hammer Curl","Biceps","Biceps","Biceps, Upper Arms","Band","UpperArms","UpperArms","1","74",""
"531","bar_biceps_curl","Bar Biceps Curl","Biceps","Biceps","Biceps, Upper Arms","Body weight","UpperArms","","1","44","missing_video"
"532","barbell_alternate_biceps_curl","Barbell Alternate Biceps Curl","Biceps","Biceps","Biceps, Upper Arms","Barbell","UpperArms","UpperArms","1","74",""
"533","barbell_biceps_curl","Barbell Biceps Curl","Biceps","Biceps","Biceps, Upper Arms","Barbell","UpperArms","","1","44","missing_video"
"534","barbell_curl_barbell_curl_8ud","Barbell Curl","Biceps","Biceps","Biceps, Upper Arms","Barbell","UpperArms","UpperArms","3","74","duplicate_group"
"535","barbell_curl","Barbell Curl","Biceps","Biceps","Biceps, Upper Arms","Barbell","UpperArms","UpperArms","3","74","duplicate_group"
"536","barbell_curl_barbell_curl_601","Barbell Curl","Biceps","Biceps","Biceps, Upper Arms","Barbell","UpperArms","UpperArms","3","74","duplicate_group"
"537","barbell_drag_curl","Barbell Drag Curl","Biceps","Biceps","Biceps, Upper Arms","Barbell","UpperArms","UpperArms","3","74","duplicate_group"
"538","barbell_drag_curl_barbell_drag_curl_60i","Barbell Drag Curl","Biceps","Biceps","Biceps, Upper Arms","Barbell","UpperArms","UpperArms","3","74","duplicate_group"
"539","barbell_drag_curl_barbell_drag_curl_i","Barbell Drag Curl","Biceps","Biceps","Biceps, Upper Arms","Barbell","UpperArms","UpperArms","3","74","duplicate_group"
"540","barbell_incline_reverse_grip_spider_curl_with_chest_support","Barbell Incline Reverse grip Spider Curl with Chest Support","Biceps","Biceps","Forearms","Barbell","Forearms","","1","44","missing_video;image_target:Forearms"
"541","barbell_lying_preacher_curl","Barbell Lying Preacher Curl","Biceps","Biceps","Biceps, Upper Arms","Barbell","UpperArms","","1","44","missing_video"
"542","barbell_preacher_curl","Barbell Preacher Curl","Biceps","Biceps","Biceps, Upper Arms","Barbell","UpperArms","UpperArms","2","74","duplicate_group"
"543","barbell_preacher_curl_barbell_preacher_curl_614","Barbell Preacher Curl","Biceps","Biceps","Biceps, Upper Arms","Barbell","UpperArms","UpperArms","2","74","duplicate_group"
"544","barbell_prone_incline_curl","Barbell Prone Incline Curl","Biceps","Biceps","Biceps, Upper Arms","Barbell","UpperArms","UpperArms","2","74","duplicate_group"
"545","barbell_prone_incline_curl_barbell_prone_incline_curl_61g","Barbell Prone Incline Curl","Biceps","Biceps","Biceps, Upper Arms","Barbell","UpperArms","UpperArms","2","74","duplicate_group"
"546","barbell_reverse_preacher_curl","Barbell Reverse Preacher Curl","Biceps","Biceps","Forearms","Barbell","Forearms","","2","44","missing_video;image_target:Forearms;duplicate_group"
"547","barbell_reverse_preacher_curl_barbell_reverse_preacher_curl_61p","Barbell Reverse Preacher Curl","Biceps","Biceps","Forearms","Barbell","Forearms","","2","44","missing_video;image_target:Forearms;duplicate_group"
"548","barbell_seated_close_grip_concentration_curl","Barbell Seated Close-grip Concentration Curl","Biceps","Biceps","Biceps, Upper Arms","Barbell","UpperArms","","1","74",""
"549","barbell_spider_curl","Barbell Spider Curl","Biceps","Biceps","Biceps, Upper Arms","Barbell","UpperArms","","1","44","missing_video"
"550","barbell_standing_concentration_curl","Barbell Standing Concentration Curl","Biceps","Biceps","Biceps, Upper Arms","Barbell","UpperArms","UpperArms","1","74",""
"551","barbell_standing_wide_grip_curl","Barbell Standing Wide-grip Curl","Biceps","Biceps","Biceps, Upper Arms","Barbell","UpperArms","UpperArms","1","74",""
"552","barbell_wide_grip_drag_curl","Barbell Wide-grip Drag Curl","Biceps","Biceps","Biceps, Upper Arms","Barbell","UpperArms","","1","44","missing_video"
"553","biceps_brachii","Biceps Brachii","Biceps","Biceps","Biceps, Upper Arms","Body weight","","","1","24","missing_image;missing_video"
"554","biceps_curl_biceps_curl_8j","Biceps Curl","Biceps","Biceps","Biceps, Upper Arms","Dumbbell","UpperArms","UpperArms","2","74","duplicate_group"
"555","biceps_curl","Biceps Curl","Biceps","Biceps","Biceps, Upper Arms","Cable","UpperArms","UpperArms","2","74","duplicate_group"
"556","biceps_curl_arms_body","Biceps Curl - Arms Body","Biceps","Biceps","Biceps, Upper Arms","Dumbbell","","","1","44","missing_video"
"557","biceps_curl_reverse","Biceps Curl Reverse","Biceps","Biceps","Biceps, Upper Arms","Dumbbell","UpperArms","","1","44","missing_video"
"558","biceps_curl_with_bed_sheet","Biceps Curl with Bed Sheet","Biceps","Biceps","Biceps, Upper Arms","Body weight","UpperArms","","1","44","missing_video"
"559","biceps_femoris_long_head","Biceps femoris Long head","Biceps","Biceps","Thighs","Body weight","","","1","24","missing_image;missing_video"
"560","biceps_femoris_short_head","Biceps femoris Short head","Biceps","Biceps","Thighs","Body weight","","","1","24","missing_image;missing_video"
"561","biceps_leg_concentration_curl","Biceps Leg Concentration Curl","Biceps","Biceps","Biceps, Upper Arms","Body weight","UpperArms","UpperArms","1","74",""
"562","biceps_stretch_behind_the_back","Biceps Stretch Behind The Back","Biceps","Biceps","Biceps, Upper Arms","Body weight","Back","","1","44","missing_video;image_target:Back"
"563","bodyweight_side_lying_biceps_curl","Bodyweight Side Lying Biceps Curl","Biceps","Biceps","Biceps, Upper Arms","Body weight","UpperArms","","1","44","missing_video"
"564","bodyweight_standing_biceps_curl","Bodyweight Standing Biceps Curl","Biceps","Biceps","Biceps, Upper Arms","Body weight","UpperArms","","2","44","missing_video;duplicate_group"
"565","bodyweight_standing_biceps_curl_bodyweight_standing_biceps_curl_82p","Bodyweight Standing Biceps Curl","Biceps","Biceps","Biceps, Upper Arms","Body weight","UpperArms","","2","44","missing_video;duplicate_group"
"566","bottle_hammer_curl","Bottle Hammer Curl","Biceps","Biceps","Biceps, Upper Arms","Weighted","UpperArms","","1","44","missing_video"
"567","cable_concentration_curl","Cable Concentration Curl","Biceps","Biceps","Biceps, Upper Arms","Cable","UpperArms","","1","44","missing_video"
"568","cable_curl_cable_curl_63s","Cable Curl","Biceps","Biceps","Biceps, Upper Arms","Cable","UpperArms","UpperArms","2","74","duplicate_group"
"569","cable_curl","Cable Curl","Biceps","Biceps","Biceps, Upper Arms","Cable","UpperArms","UpperArms","2","74","duplicate_group"
"570","cable_hammer_curl","Cable Hammer Curl","Biceps","Biceps","Forearms","Cable","Forearms","Forearms","2","74","image_target:Forearms;video_target:Forearms;duplicate_group"
"571","cable_hammer_curl_cable_hammer_curl_63c","Cable Hammer Curl","Biceps","Biceps","Forearms","Cable","Forearms","Forearms","2","74","image_target:Forearms;video_target:Forearms;duplicate_group"
"572","cable_lying_bicep_curl","Cable Lying Bicep Curl","Biceps","Biceps","Biceps, Upper Arms","Cable","UpperArms","UpperArms","2","74","duplicate_group"
"573","cable_lying_bicep_curl_cable_lying_bicep_curl_74x","Cable Lying Bicep Curl","Biceps","Biceps","Biceps, Upper Arms","Cable","UpperArms","UpperArms","2","74","duplicate_group"
"574","cable_lying_biceps_curl","Cable Lying Biceps Curl","Biceps","Biceps","Biceps, Upper Arms","Cable","UpperArms","UpperArms","1","74",""
"575","cable_lying_close_grip_curl","Cable Lying Close-grip Curl","Biceps","Biceps","Biceps, Upper Arms","Cable","UpperArms","","2","44","missing_video;duplicate_group"
"576","cable_lying_close_grip_curl_cable_lying_close_grip_curl_64i","Cable Lying Close-grip Curl","Biceps","Biceps","Biceps, Upper Arms","Cable","UpperArms","","2","44","missing_video;duplicate_group"
"577","cable_lying_curl","Cable Lying Curl","Biceps","Biceps","Biceps, Upper Arms","Cable","UpperArms","UpperArms","1","74",""
"578","cable_lying_regular_grip_curl","Cable Lying Regular grip Curl","Biceps","Biceps","Biceps, Upper Arms","Cable","UpperArms","","1","44","missing_video"
"579","cable_one_arm_biceps_curl","Cable One Arm Biceps Curl","Biceps","Biceps","Biceps, Upper Arms","Cable","UpperArms","","2","44","missing_video;duplicate_group"
"580","cable_one_arm_biceps_curl_cable_one_arm_biceps_curl_852","Cable One Arm Biceps Curl","Biceps","Biceps","Biceps, Upper Arms","Cable","UpperArms","","2","44","missing_video;duplicate_group"
"581","cable_one_arm_curl","Cable One Arm Curl","Biceps","Biceps","Biceps, Upper Arms","Cable","UpperArms","UpperArms","2","74","duplicate_group"
"582","cable_one_arm_curl_cable_one_arm_curl_64q","Cable One Arm Curl","Biceps","Biceps","Biceps, Upper Arms","Cable","UpperArms","UpperArms","2","74","duplicate_group"
"583","cable_one_arm_preacher_curl","Cable One Arm Preacher Curl","Biceps","Biceps","Biceps, Upper Arms","Cable","UpperArms","","1","44","missing_video"
"584","cable_one_arm_reverse_preacher_curl","Cable One Arm Reverse Preacher Curl","Biceps","Biceps","Biceps, Upper Arms","Cable","UpperArms","","1","44","missing_video"
"585","cable_overhead_curl_on_exercise_ball","Cable Overhead Curl on Exercise Ball","Biceps","Biceps","Biceps, Upper Arms","Cable","UpperArms","","1","44","missing_video"
"586","cable_preacher_curl","Cable Preacher Curl","Biceps","Biceps","Biceps, Upper Arms","Cable","UpperArms","UpperArms","1","74",""
"587","cable_pulldown_bicep_curl","Cable Pulldown Bicep Curl","Biceps","Biceps","Biceps, Upper Arms","Cable","UpperArms","","2","44","missing_video;duplicate_group"
"588","cable_pulldown_bicep_curl_cable_pulldown_bicep_curl_74a","Cable Pulldown Bicep Curl","Biceps","Biceps","Biceps, Upper Arms","Cable","UpperArms","","2","44","missing_video;duplicate_group"
"589","cable_reverse_one_arm_curl","Cable Reverse One Arm Curl","Biceps","Biceps","Biceps, Upper Arms","Cable","Forearms","","1","44","missing_video;image_target:Forearms"
"590","cable_reverse_preacher_curl","Cable Reverse Preacher Curl","Biceps","Biceps","Forearms","Cable","Forearms","","1","44","missing_video;image_target:Forearms"
"591","cable_rope_hammer_preacher_curl","Cable Rope Hammer Preacher Curl","Biceps","Biceps","Biceps, Upper Arms","Cable","UpperArms","","1","44","missing_video"
"592","cable_rope_one_arm_hammer_preacher_curl","Cable Rope One Arm Hammer Preacher Curl","Biceps","Biceps","Biceps, Upper Arms","Cable","UpperArms","","1","44","missing_video"
"593","cable_seated_curl","Cable Seated Curl","Biceps","Biceps","Biceps, Upper Arms","Cable","UpperArms","","1","44","missing_video"
"594","cable_seated_floor_one_arm_concentration_curl","Cable Seated Floor One Arm Concentration Curl","Biceps","Biceps","Biceps, Upper Arms","Cable","UpperArms","","1","44","missing_video"
"595","cable_seated_one_arm_concentration_curl","Cable Seated One Arm Concentration Curl","Biceps","Biceps","Biceps, Upper Arms","Cable","UpperArms","","2","44","missing_video;duplicate_group"
"596","cable_seated_one_arm_concentration_curl_cable_seated_one_arm_concentration_curl_74d","Cable Seated One Arm Concentration Curl","Biceps","Biceps","Biceps, Upper Arms","Cable","UpperArms","","2","44","missing_video;duplicate_group"
"597","cable_seated_overhead_curl","Cable Seated Overhead Curl","Biceps","Biceps","Biceps, Upper Arms","Cable","UpperArms","","2","44","missing_video;duplicate_group"
"598","cable_seated_overhead_curl_cable_seated_overhead_curl_74e","Cable Seated Overhead Curl","Biceps","Biceps","Biceps, Upper Arms","Cable","UpperArms","","2","44","missing_video;duplicate_group"
"599","cable_squatting_curl","Cable Squatting Curl","Biceps","Biceps","Biceps, Upper Arms","Cable","UpperArms","","2","44","missing_video;duplicate_group"
"600","cable_squatting_curl_cable_squatting_curl_7f5","Cable Squatting Curl","Biceps","Biceps","Biceps, Upper Arms","Cable","UpperArms","UpperArms","2","74","duplicate_group"
"601","cable_standing_biceps_curl","Cable Standing Biceps Curl","Biceps","Biceps","Biceps, Upper Arms","Cable","Forearms","","1","44","missing_video;image_target:Forearms"
"602","cable_standing_inner_curl_cable_standing_inner_curl_7d7","Cable Standing Inner Curl","Biceps","Biceps","Biceps, Upper Arms","Cable","UpperArms","UpperArms","2","74","duplicate_group"
"603","cable_standing_inner_curl","Cable Standing Inner Curl","Biceps","Biceps","Biceps, Upper Arms","Cable","UpperArms","UpperArms","2","74","duplicate_group"
"604","cable_two_arm_curl_on_incline_bench","Cable Two Arm Curl on Incline Bench","Biceps","Biceps","Biceps, Upper Arms","Cable","UpperArms","","1","44","missing_video"
"605","close_grip_curl","Close-grip Curl","Biceps","Biceps","Biceps, Upper Arms","EZ Barbell","UpperArms","UpperArms","1","74",""
"606","concentration_curl","Concentration Curl","Biceps","Biceps","Biceps, Upper Arms","Dumbbell","UpperArms","UpperArms","2","74","duplicate_group"
"607","concentration_curl_concentration_curl_gj","Concentration Curl","Biceps","Biceps","Biceps, Upper Arms","Cable","UpperArms","","2","44","missing_video;duplicate_group"
"608","concentration_curl_arms","Concentration Curl - Arms","Biceps","Biceps","Biceps, Upper Arms","Dumbbell","","","1","44","missing_video"
"609","cross_body_hammer_curl","Cross Body Hammer Curl","Biceps","Biceps","Forearms","Dumbbell","Forearms","Forearms","2","74","image_target:Forearms;video_target:Forearms;duplicate_group"
"610","cross_body_hammer_curl_cross_body_hammer_curl_go","Cross Body Hammer Curl","Biceps","Biceps","Biceps, Upper Arms","Dumbbell","UpperArms","UpperArms","2","74","duplicate_group"
"611","curl","Curl","Biceps","Biceps","Biceps, Upper Arms","EZ Barbell","UpperArms","UpperArms","2","74","duplicate_group"
"612","curl_curl_2p","Curl","Biceps","Biceps","Biceps, Upper Arms","Cable","UpperArms","UpperArms","2","74","duplicate_group"
"613","drag_curl","Drag Curl","Biceps","Biceps","Biceps, Upper Arms","Cable","UpperArms","","1","44","missing_video"
"614","dumbbell_alternate_biceps_curl_dumbbell_alternate_biceps_curl_7d1","Dumbbell Alternate Biceps Curl","Biceps","Biceps","Biceps, Upper Arms","Dumbbell","UpperArms","UpperArms","3","74","duplicate_group"
"615","dumbbell_alternate_biceps_curl","Dumbbell Alternate Biceps Curl","Biceps","Biceps","Biceps, Upper Arms","Dumbbell","UpperArms","","3","44","missing_video;duplicate_group"
"616","dumbbell_alternate_biceps_curl_dumbbell_alternate_biceps_curl_6h3","Dumbbell Alternate Biceps Curl","Biceps","Biceps","Biceps, Upper Arms","Dumbbell","UpperArms","UpperArms","3","74","duplicate_group"
"617","dumbbell_alternate_hammer_preacher_curl_dumbbell_alternate_hammer_preacher_curl_7ew","Dumbbell Alternate Hammer Preacher Curl","Biceps","Biceps","Biceps, Upper Arms","Dumbbell","UpperArms","","2","44","missing_video;duplicate_group"
"618","dumbbell_alternate_hammer_preacher_curl","Dumbbell Alternate Hammer Preacher Curl","Biceps","Biceps","Biceps, Upper Arms","Dumbbell","UpperArms","","2","44","missing_video;duplicate_group"
"619","dumbbell_alternate_preacher_curl","Dumbbell Alternate Preacher Curl","Biceps","Biceps","Biceps, Upper Arms","Dumbbell","UpperArms","","2","44","missing_video;duplicate_group"
"620","dumbbell_alternate_preacher_curl_dumbbell_alternate_preacher_curl_7f8","Dumbbell Alternate Preacher Curl","Biceps","Biceps","Biceps, Upper Arms","Dumbbell","UpperArms","","2","44","missing_video;duplicate_group"
"621","dumbbell_alternate_seated_hammer_curl","Dumbbell Alternate Seated Hammer Curl","Biceps","Biceps","Forearms","Dumbbell","UpperArms","","2","44","missing_video;duplicate_group"
"622","dumbbell_alternate_seated_hammer_curl_dumbbell_alternate_seated_hammer_curl_7f9","Dumbbell Alternate Seated Hammer Curl","Biceps","Biceps","Biceps, Upper Arms","Dumbbell","UpperArms","UpperArms","2","74","duplicate_group"
"623","dumbbell_alternating_bicep_curl_with_leg_raised_on_exercise_ball","Dumbbell Alternating Bicep Curl with Leg Raised on Exercise Ball","Biceps","Core","Biceps, Upper Arms","Dumbbell","UpperArms","","1","44","missing_video;muscle_mismatch:Biceps->Core;image_target:UpperArms"
"624","dumbbell_alternating_seated_bicep_curl_on_exercise_ball","Dumbbell Alternating Seated Bicep Curl on Exercise Ball","Biceps","Biceps","Biceps, Upper Arms","Dumbbell, Stability ball","UpperArms","","2","44","missing_video;duplicate_group"
"625","dumbbell_alternating_seated_bicep_curl_on_exercise_ball_dumbbell_alternating_seated_bicep_curl_on_exercise_ball_7f1","Dumbbell Alternating Seated Bicep Curl on Exercise Ball","Biceps","Biceps","Biceps, Upper Arms","Dumbbell","UpperArms","","2","44","missing_video;duplicate_group"
"626","dumbbell_bicep_curl_lunge_with_bowling_motion","Dumbbell Bicep Curl Lunge with Bowling Motion","Biceps","Biceps","Biceps, Upper Arms","Dumbbell","UpperArms","","1","44","missing_video"
"627","dumbbell_bicep_curl_on_exercise_ball_with_leg_raised","Dumbbell Bicep Curl on Exercise Ball with Leg Raised","Biceps","Core","Biceps, Upper Arms","Dumbbell","UpperArms","","1","44","missing_video;muscle_mismatch:Biceps->Core;image_target:UpperArms"
"628","dumbbell_bicep_curl_with_stork_stance","Dumbbell Bicep Curl With Stork Stance","Biceps","Biceps","Biceps, Upper Arms","Dumbbell","UpperArms","","1","44","missing_video"
"629","dumbbell_biceps_curl_dumbbell_biceps_curl_7aj","Dumbbell Biceps Curl","Biceps","Biceps","Biceps, Upper Arms","Dumbbell","UpperArms","UpperArms","4","74","duplicate_group"
"630","dumbbell_biceps_curl","Dumbbell Biceps Curl","Biceps","Biceps","Biceps, Upper Arms","Dumbbell","UpperArms","","4","44","missing_video;duplicate_group"
"631","dumbbell_biceps_curl_dumbbell_biceps_curl_8gx","Dumbbell Biceps Curl","Biceps","Biceps","Biceps, Upper Arms","Dumbbell","UpperArms","","4","44","missing_video;duplicate_group"
"632","dumbbell_biceps_curl_dumbbell_biceps_curl_6hm","Dumbbell Biceps Curl","Biceps","Biceps","Biceps, Upper Arms","Dumbbell","UpperArms","UpperArms","4","74","duplicate_group"
"633","dumbbell_biceps_curl_reverse","Dumbbell Biceps Curl Reverse","Biceps","Biceps","Forearms","Dumbbell","UpperArms","","1","44","missing_video"
"634","dumbbell_biceps_curl_squat","Dumbbell Biceps Curl Squat","Biceps","Biceps","Biceps, Upper Arms","Dumbbell","UpperArms","","1","44","missing_video"
"635","dumbbell_biceps_curl_v_sit_on_bosu_ball","Dumbbell Biceps Curl V Sit on Bosu Ball","Biceps","Biceps","Biceps, Upper Arms","Dumbbell","UpperArms","","1","44","missing_video"
"636","dumbbell_biceps_pose","Dumbbell Biceps Pose","Biceps","Biceps","Biceps, Upper Arms","Dumbbell","","","1","24","missing_image;missing_video"
"637","dumbbell_concentration_curl","Dumbbell Concentration Curl","Biceps","Biceps","Biceps, Upper Arms","Dumbbell","UpperArms","UpperArms","2","74","duplicate_group"
"638","dumbbell_concentration_curl_dumbbell_concentration_curl_6hp","Dumbbell Concentration Curl","Biceps","Biceps","Biceps, Upper Arms","Dumbbell","UpperArms","UpperArms","2","74","duplicate_group"
"639","dumbbell_cross_body_hammer_curl","Dumbbell Cross Body Hammer Curl","Biceps","Biceps","Biceps, Upper Arms","Dumbbell","UpperArms","UpperArms","2","74","duplicate_group"
"640","dumbbell_cross_body_hammer_curl_dumbbell_cross_body_hammer_curl_6hq","Dumbbell Cross Body Hammer Curl","Biceps","Biceps","Forearms","Dumbbell","Forearms","Forearms","2","74","image_target:Forearms;video_target:Forearms;duplicate_group"
"641","dumbbell_drag_bicep_curl","Dumbbell Drag Bicep Curl","Biceps","Biceps","Biceps, Upper Arms","Dumbbell","UpperArms","UpperArms","1","74",""
"642","dumbbell_hammer_curl","Dumbbell Hammer Curl","Biceps","Biceps","Biceps, Upper Arms","Dumbbell","UpperArms","UpperArms","4","74","duplicate_group"
"643","dumbbell_hammer_curl_dumbbell_hammer_curl_7al","Dumbbell Hammer Curl","Biceps","Biceps","Biceps, Upper Arms","Dumbbell","UpperArms","UpperArms","4","74","duplicate_group"
"644","dumbbell_hammer_curl_dumbbell_hammer_curl_7ts","Dumbbell Hammer Curl","Biceps","Biceps","Biceps, Upper Arms","Dumbbell","UpperArms","UpperArms","4","74","duplicate_group"
"645","dumbbell_hammer_curl_dumbbell_hammer_curl_6i5","Dumbbell Hammer Curl","Biceps","Biceps","Biceps, Upper Arms","Dumbbell","Forearms","Forearms","4","74","image_target:Forearms;video_target:Forearms;duplicate_group"
"646","dumbbell_hammer_curl_on_exercise_ball_dumbbell_hammer_curl_on_exercise_ball_7ec","Dumbbell Hammer Curl on Exercise Ball","Biceps","Biceps","Biceps, Upper Arms","Dumbbell, Stability ball","UpperArms","","2","44","missing_video;duplicate_group"
"647","dumbbell_hammer_curl_on_exercise_ball","Dumbbell Hammer Curl on Exercise Ball","Biceps","Biceps","Biceps, Upper Arms","Dumbbell","UpperArms","","2","44","missing_video;duplicate_group"
"648","dumbbell_hammer_curls","Dumbbell Hammer Curls","Biceps","Biceps","Forearms","Dumbbell","Forearms","","2","44","missing_video;image_target:Forearms;duplicate_group"
"649","dumbbell_hammer_curls_dumbbell_hammer_curls_8ga","Dumbbell Hammer Curls","Biceps","Biceps","Forearms","Dumbbell","Forearms","","2","44","missing_video;image_target:Forearms;duplicate_group"
"650","dumbbell_hammer_preacher_curl","Dumbbell Hammer Preacher Curl","Biceps","Biceps","Forearms","Dumbbell","Forearms","","1","44","missing_video;image_target:Forearms"
"651","dumbbell_incline_alternate_bicep_curl","Dumbbell Incline Alternate Bicep Curl","Biceps","Biceps","Biceps, Upper Arms","Dumbbell","UpperArms","UpperArms","1","74",""
"652","dumbbell_incline_alternate_hammer_curl","Dumbbell Incline Alternate Hammer Curl","Biceps","Biceps","Biceps, Upper Arms","Dumbbell","UpperArms","UpperArms","1","74",""
"653","dumbbell_incline_biceps_curl_dumbbell_incline_biceps_curl_7as","Dumbbell Incline Biceps Curl","Biceps","Biceps","Biceps, Upper Arms","Dumbbell","UpperArms","UpperArms","3","74","duplicate_group"
"654","dumbbell_incline_biceps_curl","Dumbbell Incline Biceps Curl","Biceps","Biceps","Biceps, Upper Arms","Dumbbell","UpperArms","UpperArms","3","74","duplicate_group"
"655","dumbbell_incline_biceps_curl_dumbbell_incline_biceps_curl_6i7","Dumbbell Incline Biceps Curl","Biceps","Biceps","Biceps, Upper Arms","Dumbbell","UpperArms","UpperArms","3","74","duplicate_group"
"656","dumbbell_incline_curl_dumbbell_incline_curl_6i9","Dumbbell Incline Curl","Biceps","Biceps","Biceps, Upper Arms","Dumbbell","UpperArms","UpperArms","2","74","duplicate_group"
"657","dumbbell_incline_curl","Dumbbell Incline Curl","Biceps","Biceps","Biceps, Upper Arms","Dumbbell","UpperArms","UpperArms","2","74","duplicate_group"
"658","dumbbell_incline_hammer_curl","Dumbbell Incline Hammer Curl","Biceps","Biceps","Biceps, Upper Arms","Dumbbell","UpperArms","UpperArms","2","74","duplicate_group"
"659","dumbbell_incline_hammer_curl_dumbbell_incline_hammer_curl_6i2","Dumbbell Incline Hammer Curl","Biceps","Biceps","Biceps, Upper Arms","Dumbbell","UpperArms","UpperArms","2","74","duplicate_group"
"660","dumbbell_incline_inner_biceps_curl","Dumbbell Incline Inner Biceps Curl","Biceps","Biceps","Biceps, Upper Arms","Dumbbell","UpperArms","","2","44","missing_video;duplicate_group"
"661","dumbbell_incline_inner_biceps_curl_dumbbell_incline_inner_biceps_curl_6i4","Dumbbell Incline Inner Biceps Curl","Biceps","Biceps","Biceps, Upper Arms","Dumbbell","UpperArms","UpperArms","2","74","duplicate_group"
"662","dumbbell_kneeling_bicep_curl_exercise_ball","Dumbbell Kneeling Bicep Curl Exercise Ball","Biceps","Biceps","Biceps, Upper Arms","Dumbbell","UpperArms","","1","44","missing_video"
"663","dumbbell_lateral_lunge_with_bicep_curl","Dumbbell Lateral Lunge with Bicep Curl","Biceps","Biceps","Thighs","Dumbbell","Thighs","","1","44","missing_video;image_target:Thighs"
"664","dumbbell_lunge_with_bicep_curl","Dumbbell Lunge with Bicep Curl","Biceps","Biceps","Thighs","Dumbbell","UpperArms","","2","44","missing_video;duplicate_group"
"665","dumbbell_lunge_with_bicep_curl_dumbbell_lunge_with_bicep_curl_7fh","Dumbbell Lunge with Bicep Curl","Biceps","Biceps","Biceps, Upper Arms","Dumbbell","UpperArms","UpperArms","2","74","duplicate_group"
"666","dumbbell_lying_supine_biceps_curl","Dumbbell Lying Supine Biceps Curl","Biceps","Biceps","Biceps, Upper Arms","Dumbbell","UpperArms","","1","44","missing_video"
"667","dumbbell_lying_wide_curl","Dumbbell Lying Wide Curl","Biceps","Biceps","Biceps, Upper Arms","Dumbbell","UpperArms","","1","44","missing_video"
"668","dumbbell_one_arm_concetration_curl","Dumbbell One Arm Concetration Curl","Biceps","Biceps","Biceps, Upper Arms","Dumbbell","UpperArms","","2","44","missing_video;duplicate_group"
"669","dumbbell_one_arm_concetration_curl_dumbbell_one_arm_concetration_curl_7dh","Dumbbell One Arm Concetration Curl","Biceps","Biceps","Biceps, Upper Arms","Dumbbell, Stability ball","UpperArms","","2","44","missing_video;duplicate_group"
"670","dumbbell_one_arm_hammer_preacher_curl","Dumbbell One Arm Hammer Preacher Curl","Biceps","Biceps","Biceps, Upper Arms","Dumbbell","UpperArms","UpperArms","1","74",""
"671","dumbbell_one_arm_prone_curl","Dumbbell One Arm Prone Curl","Biceps","Biceps","Biceps, Upper Arms","Dumbbell","UpperArms","","1","44","missing_video"
"672","dumbbell_one_arm_prone_hammer_curl","Dumbbell One Arm Prone Hammer Curl","Biceps","Biceps","Biceps, Upper Arms","Dumbbell","UpperArms","","1","44","missing_video"
"673","dumbbell_one_arm_reverse_preacher_curl","Dumbbell One Arm Reverse Preacher Curl","Biceps","Biceps","Forearms","Dumbbell","Forearms","Forearms","1","74","image_target:Forearms;video_target:Forearms"
"674","dumbbell_one_arm_reverse_spider_curl","Dumbbell One Arm Reverse Spider Curl","Biceps","Biceps","Biceps, Upper Arms","Dumbbell","UpperArms","","1","44","missing_video"
"675","dumbbell_one_arm_seated_bicep_curl_on_exercise_ball","Dumbbell One Arm Seated Bicep Curl on Exercise Ball","Biceps","Biceps","Biceps, Upper Arms","Dumbbell","UpperArms","","1","44","missing_video"
"676","dumbbell_one_arm_seated_hammer_curl","Dumbbell One Arm Seated Hammer Curl","Biceps","Biceps","Biceps, Upper Arms","Dumbbell","UpperArms","","1","44","missing_video"
"677","dumbbell_one_arm_standing_curl","Dumbbell One Arm Standing Curl","Biceps","Biceps","Biceps, Upper Arms","Dumbbell","UpperArms","","1","44","missing_video"
"678","dumbbell_one_arm_standing_hammer_curl","Dumbbell One Arm Standing Hammer Curl","Biceps","Biceps","Biceps, Upper Arms","Dumbbell","UpperArms","","1","44","missing_video"
"679","dumbbell_one_arm_zottman_preacher_curl","Dumbbell One Arm Zottman Preacher Curl","Biceps","Biceps","Biceps, Upper Arms","Dumbbell","UpperArms","UpperArms","2","74","duplicate_group"
"680","dumbbell_one_arm_zottman_preacher_curl_dumbbell_one_arm_zottman_preacher_curl_7fu","Dumbbell One Arm Zottman Preacher Curl","Biceps","Biceps","Biceps, Upper Arms","Dumbbell","UpperArms","UpperArms","2","74","duplicate_group"
"681","dumbbell_peacher_hammer_curl","Dumbbell Peacher Hammer Curl","Biceps","Biceps","Forearms","Dumbbell","Forearms","Forearms","1","74","image_target:Forearms;video_target:Forearms"
"682","dumbbell_preacher_curl","Dumbbell Preacher Curl","Biceps","Biceps","Biceps, Upper Arms","Dumbbell","UpperArms","UpperArms","2","74","duplicate_group"
"683","dumbbell_preacher_curl_dumbbell_preacher_curl_6js","Dumbbell Preacher Curl","Biceps","Biceps","Biceps, Upper Arms","Dumbbell","UpperArms","UpperArms","2","74","duplicate_group"
"684","dumbbell_preacher_curl_over_exercise_ball","Dumbbell Preacher Curl over Exercise Ball","Biceps","Biceps","Biceps, Upper Arms","Dumbbell","UpperArms","UpperArms","2","74","duplicate_group"
"685","dumbbell_preacher_curl_over_exercise_ball_dumbbell_preacher_curl_over_exercise_ball_7fv","Dumbbell Preacher Curl over Exercise Ball","Biceps","Biceps","Biceps, Upper Arms","Dumbbell","UpperArms","UpperArms","2","74","duplicate_group"
"686","dumbbell_prone_incline_curl","Dumbbell Prone Incline Curl","Biceps","Biceps","Biceps, Upper Arms","Dumbbell","UpperArms","UpperArms","2","74","duplicate_group"
"687","dumbbell_prone_incline_curl_dumbbell_prone_incline_curl_6ju","Dumbbell Prone Incline Curl","Biceps","Biceps","Biceps, Upper Arms","Dumbbell","UpperArms","UpperArms","2","74","duplicate_group"
"688","dumbbell_prone_incline_hammer_curl","Dumbbell Prone Incline Hammer Curl","Biceps","Biceps","Biceps, Upper Arms","Dumbbell","UpperArms","","2","44","missing_video;duplicate_group"
"689","dumbbell_prone_incline_hammer_curl_dumbbell_prone_incline_hammer_curl_7fw","Dumbbell Prone Incline Hammer Curl","Biceps","Biceps","Biceps, Upper Arms","Dumbbell","UpperArms","UpperArms","2","74","duplicate_group"
"690","dumbbell_revers_grip_biceps_curl","Dumbbell Revers grip Biceps Curl","Biceps","Biceps","Forearms","Dumbbell","Forearms","Forearms","1","74","image_target:Forearms;video_target:Forearms"
"691","dumbbell_reverse_preacher_curl","Dumbbell Reverse Preacher Curl","Biceps","Biceps","Forearms","Dumbbell","Forearms","","1","44","missing_video;image_target:Forearms"
"692","dumbbell_reverse_spider_curl","Dumbbell Reverse Spider Curl","Biceps","Biceps","Biceps, Upper Arms","Dumbbell","UpperArms","UpperArms","1","74",""
"693","dumbbell_seated_alternate_biceps_curl","Dumbbell Seated Alternate Biceps Curl","Biceps","Biceps","Biceps, Upper Arms","Dumbbell","UpperArms","UpperArms","1","74",""
"694","dumbbell_seated_alternate_hammer_curl_on_exercise_ball","Dumbbell Seated Alternate Hammer Curl on Exercise Ball","Biceps","Biceps","Biceps, Upper Arms","Dumbbell","UpperArms","","1","44","missing_video"
"695","dumbbell_seated_biceps_curl","Dumbbell Seated Biceps Curl","Biceps","Biceps","Biceps, Upper Arms","Dumbbell","UpperArms","","1","44","missing_video"
"696","dumbbell_seated_biceps_curl_to_shoulder_press","Dumbbell Seated Biceps Curl to Shoulder Press","Biceps","Biceps","Biceps, Upper Arms","Dumbbell","Shoulders","","1","44","missing_video;image_target:Shoulders"
"697","dumbbell_seated_curl_dumbbell_seated_curl_7tt","Dumbbell Seated Curl","Biceps","Biceps","Biceps, Upper Arms","Dumbbell","UpperArms","","3","44","missing_video;duplicate_group"
"698","dumbbell_seated_curl_dumbbell_seated_curl_8h6","Dumbbell Seated Curl","Biceps","Biceps","Biceps, Upper Arms","Dumbbell","UpperArms","","3","44","missing_video;duplicate_group"
"699","dumbbell_seated_curl","Dumbbell Seated Curl","Biceps","Biceps","Biceps, Upper Arms","Dumbbell","UpperArms","UpperArms","3","74","duplicate_group"
"700","dumbbell_seated_inner_biceps_curl","Dumbbell Seated Inner Biceps Curl","Biceps","Biceps","Biceps, Upper Arms","Dumbbell","UpperArms","","1","44","missing_video"
"701","dumbbell_seated_one_arm_bicep_curl_on_exercise_ball_with_leg_raised","Dumbbell Seated One Arm Bicep Curl on Exercise Ball with Leg Raised","Biceps","Core","Biceps, Upper Arms","Dumbbell","UpperArms","","1","44","missing_video;muscle_mismatch:Biceps->Core;image_target:UpperArms"
"702","dumbbell_seated_preacher_curl","Dumbbell Seated Preacher Curl","Biceps","Biceps","Biceps, Upper Arms","Dumbbell","UpperArms","UpperArms","1","74",""
"703","dumbbell_seated_revers_grip_concentration_curl","Dumbbell Seated Revers grip Concentration Curl","Biceps","Biceps","Forearms","Dumbbell","Forearms","Forearms","1","74","image_target:Forearms;video_target:Forearms"
"704","dumbbell_seated_reverse_grip_biceps_curl","Dumbbell Seated Reverse Grip Biceps Curl","Biceps","Biceps","Forearms","Dumbbell","Forearms","","1","44","missing_video;image_target:Forearms"
"705","dumbbell_seated_zottman_curl","Dumbbell Seated Zottman Curl","Biceps","Biceps","Biceps, Upper Arms","Dumbbell","UpperArms","","1","44","missing_video"
"706","dumbbell_single_arm_preacher_curl","Dumbbell Single Arm Preacher Curl","Biceps","Biceps","Biceps, Upper Arms","Dumbbell","UpperArms","UpperArms","1","74",""
"707","dumbbell_single_spider_curl_with_chest_support","Dumbbell Single Spider Curl with Chest Support","Biceps","Biceps","Biceps, Upper Arms","Dumbbell","UpperArms","","1","44","missing_video"
"708","dumbbell_standing_alternate_hammer_curl_and_press","Dumbbell Standing Alternate Hammer Curl and Press","Biceps","Biceps","Biceps, Upper Arms","Dumbbell","Shoulders","","1","44","missing_video;image_target:Shoulders"
"709","dumbbell_standing_biceps_curl","Dumbbell Standing Biceps Curl","Biceps","Biceps","Biceps, Upper Arms","Dumbbell","UpperArms","UpperArms","1","74",""
"710","dumbbell_standing_biceps_curl_to_shoulder_press","Dumbbell Standing Biceps Curl to Shoulder Press","Biceps","Biceps","Biceps, Upper Arms","Dumbbell","Shoulders","","1","44","missing_video;image_target:Shoulders"
"711","dumbbell_standing_concentration_curl","Dumbbell Standing Concentration Curl","Biceps","Biceps","Biceps, Upper Arms","Dumbbell","UpperArms","UpperArms","1","74",""
"712","dumbbell_standing_inner_biceps_curl","Dumbbell Standing Inner Biceps Curl","Biceps","Biceps","Biceps, Upper Arms","Dumbbell","UpperArms","UpperArms","1","74",""
"713","dumbbell_standing_one_arm_concentration_curl","Dumbbell Standing One Arm Concentration Curl","Biceps","Biceps","Biceps, Upper Arms","Dumbbell","UpperArms","","1","74",""
"714","dumbbell_standing_one_arm_curl","Dumbbell Standing One Arm Curl","Biceps","Biceps","Biceps, Upper Arms","Dumbbell","UpperArms","UpperArms","2","74","duplicate_group"
"715","dumbbell_standing_one_arm_curl_dumbbell_standing_one_arm_curl_8h8","Dumbbell Standing One Arm Curl","Biceps","Biceps","Biceps, Upper Arms","Dumbbell","UpperArms","","2","44","missing_video;duplicate_group"
"716","dumbbell_standing_one_arm_curl_over_incline_bench","Dumbbell Standing One Arm Curl Over Incline Bench","Biceps","Biceps","Biceps, Upper Arms","Dumbbell","UpperArms","","1","74",""
"717","dumbbell_standing_preacher_curl","Dumbbell Standing Preacher Curl","Biceps","Biceps","Biceps, Upper Arms","Dumbbell","UpperArms","UpperArms","1","74",""
"718","dumbbell_standing_single_spider_curl","Dumbbell Standing Single Spider Curl","Biceps","Biceps","Biceps, Upper Arms","Dumbbell","UpperArms","","1","44","missing_video"
"719","dumbbell_standing_zottman_preacher_curl","Dumbbell Standing Zottman Preacher Curl","Biceps","Biceps","Biceps, Upper Arms","Dumbbell","UpperArms","","1","44","missing_video"
"720","dumbbell_step_up_single_leg_balance_with_bicep_curl","Dumbbell Step Up Single Leg Balance with Bicep Curl","Biceps","Biceps","Biceps, Upper Arms","Dumbbell","UpperArms","","1","44","missing_video"
"721","dumbbell_two_arm_seated_hammer_curl_on_exercise_ball","Dumbbell Two Arm Seated Hammer Curl on Exercise Ball","Biceps","Biceps","Forearms","Dumbbell","UpperArms","","1","44","missing_video"
"722","dumbbell_zottman_curl","Dumbbell Zottman Curl","Biceps","Biceps","Biceps, Upper Arms","Dumbbell","UpperArms","UpperArms","1","74",""
"723","dumbbell_zottman_preacher_curl","Dumbbell Zottman Preacher Curl","Biceps","Biceps","Biceps, Upper Arms","Dumbbell","UpperArms","UpperArms","1","74",""
"724","ez_bar_biceps_curl","EZ bar Biceps Curl","Biceps","Biceps","Biceps, Upper Arms","EZ Barbell","UpperArms","","2","44","missing_video;duplicate_group"
"725","ez_bar_preacher_arms_stretch","Ez Bar Preacher Arms Stretch","Biceps","Custom","Upper Arms","EZ Barbell","UpperArms","","1","44","missing_video;image_target:UpperArms"
"726","ez_barbell_close_grip_curl_ez_barbell_close_grip_curl_6lu","EZ Barbell Close-grip Curl","Biceps","Biceps","Biceps, Upper Arms","EZ Barbell","UpperArms","UpperArms","1","74",""
"727","ez_barbell_curl","EZ Barbell Curl","Biceps","Biceps","Biceps, Upper Arms","EZ Barbell","UpperArms","UpperArms","2","74","duplicate_group"
"728","ez_barbell_curl_ez_barbell_curl_6lv","EZ Barbell Curl","Biceps","Biceps","Biceps, Upper Arms","EZ Barbell","UpperArms","UpperArms","2","74","duplicate_group"
"729","ez_barbell_reverse_grip_curl","EZ Barbell Reverse Grip Curl","Biceps","Biceps","Biceps, Upper Arms","EZ Barbell","Forearms","Forearms","1","74","image_target:Forearms;video_target:Forearms"
"730","ez_barbell_reverse_grip_preacher_curl","EZ Barbell Reverse grip Preacher Curl","Biceps","Biceps","Forearms","EZ Barbell","Forearms","","1","44","missing_video;image_target:Forearms"
"731","ez_barbell_spider_curl","EZ Barbell Spider Curl","Biceps","Biceps","Biceps, Upper Arms","EZ Barbell","UpperArms","","2","44","missing_video;duplicate_group"
"732","ez_barbell_spider_curl_ez_barbell_spider_curl_74v","EZ Barbell Spider Curl","Biceps","Biceps","Biceps, Upper Arms","EZ Barbell","UpperArms","UpperArms","2","74","duplicate_group"
"733","ez_bar_biceps_curl_ez_bar_biceps_curl_7y1","EZ-bar Biceps Curl","Biceps","Biceps","Biceps, Upper Arms","EZ Barbell","UpperArms","","2","44","missing_video;duplicate_group"
"734","ez_bar_drag_bicep_curl","EZ-bar Drag Bicep Curl","Biceps","Biceps","Biceps, Upper Arms","EZ Barbell","UpperArms","","1","44","missing_video"
"735","ez_barbell_standing_preacher_curl","EZ-Barbell Standing Preacher Curl","Biceps","Biceps","Biceps, Upper Arms","EZ Barbell","UpperArms","UpperArms","1","74",""
"736","ez_barbell_standing_wide_grip_biceps_curl","EZ-Barbell Standing Wide Grip Biceps Curl","Biceps","Biceps","Biceps, Upper Arms","EZ Barbell","UpperArms","UpperArms","1","74",""
"737","hammer_curl_hammer_curl_6a","Hammer Curl","Biceps","Biceps","Forearms","Cable","Forearms","Forearms","3","74","image_target:Forearms;video_target:Forearms;duplicate_group"
"738","hammer_curl_hammer_curl_8v","Hammer Curl","Biceps","Biceps","Biceps, Upper Arms","Dumbbell","UpperArms","UpperArms","3","74","duplicate_group"
"739","hammer_curl","Hammer Curl","Biceps","Biceps","Biceps, Upper Arms","Dumbbell","Forearms","Forearms","3","74","image_target:Forearms;video_target:Forearms;duplicate_group"
"740","high_curl","High Curl","Biceps","Biceps","Biceps, Upper Arms","Dumbbell","UpperArms","","1","44","missing_video"
"741","incline_inner_biceps_curl","Incline Inner Biceps Curl","Biceps","Biceps","Biceps, Upper Arms","Dumbbell","UpperArms","UpperArms","1","74",""
"742","inverted_chin_curl_with_bent_knee_between_chairs","Inverted Chin Curl with Bent Knee between Chairs","Biceps","Biceps","Biceps, Upper Arms","Body weight","UpperArms","UpperArms","1","74",""
"743","lever_alternate_biceps_curl","Lever Alternate Biceps Curl","Biceps","Biceps","Biceps, Upper Arms","Leverage machine","UpperArms","","1","44","missing_video"
"744","lever_bicep_curl","Lever Bicep Curl","Biceps","Biceps","Biceps, Upper Arms","Leverage machine","UpperArms","","3","44","missing_video;duplicate_group"
"745","lever_bicep_curl_lever_bicep_curl_0s","Lever Bicep Curl","Biceps","Biceps","Biceps, Upper Arms","Leverage machine","UpperArms","","3","44","missing_video;duplicate_group"
"746","lever_bicep_curl_lever_bicep_curl_6pf","Lever Bicep Curl","Biceps","Biceps","Biceps, Upper Arms","Leverage machine","UpperArms","","3","44","missing_video;duplicate_group"
"747","lever_biceps_curl","Lever Biceps Curl","Biceps","Biceps","Biceps, Upper Arms","Leverage machine","UpperArms","UpperArms","1","74",""
"748","lever_hammer_grip_preacher_curl","Lever Hammer Grip Preacher Curl","Biceps","Biceps","Biceps, Upper Arms","Leverage machine","UpperArms","","1","44","missing_video"
"749","lever_preacher_curl_lever_preacher_curl_85f","Lever Preacher Curl","Biceps","Biceps","Biceps, Upper Arms","Leverage machine","","","7","74","duplicate_group"
"750","lever_preacher_curl","Lever Preacher Curl","Biceps","Biceps","Biceps, Upper Arms","Leverage machine","UpperArms","UpperArms","7","74","duplicate_group"
"751","lever_preacher_curl_lever_preacher_curl_8hq","Lever Preacher Curl","Biceps","Biceps","Biceps, Upper Arms","Leverage machine","UpperArms","","7","44","missing_video;duplicate_group"
"752","lever_preacher_curl_lever_preacher_curl_16","Lever Preacher Curl","Biceps","Biceps","Biceps, Upper Arms","Leverage machine","UpperArms","UpperArms","7","74","duplicate_group"
"753","lever_preacher_curl_lever_preacher_curl_6pw","Lever Preacher Curl","Biceps","Biceps","Biceps, Upper Arms","Leverage machine","UpperArms","UpperArms","7","74","duplicate_group"
"754","lever_preacher_curl_lever_preacher_curl_g9","Lever Preacher Curl","Biceps","Biceps","Biceps, Upper Arms","Leverage machine","UpperArms","UpperArms","7","74","duplicate_group"
"755","lever_preacher_curl_lever_preacher_curl_hi","Lever Preacher Curl","Biceps","Biceps","Biceps, Upper Arms","Leverage machine","UpperArms","UpperArms","7","74","duplicate_group"
"756","lever_reverse_grip_preacher_curl","Lever Reverse Grip Preacher Curl","Biceps","Biceps","Biceps, Upper Arms","Leverage machine","UpperArms","","1","44","missing_video"
"757","lying_biceps_curl_with_towel","Lying Biceps Curl with Towel","Biceps","Biceps","Biceps, Upper Arms","Weighted","UpperArms","UpperArms","1","74",""
"758","lying_close_grip_curl","Lying Close-grip Curl","Biceps","Biceps","Biceps, Upper Arms","Cable","UpperArms","","1","44","missing_video"
"759","lying_double_legs_biceps_curl_with_towel","Lying Double Legs Biceps Curl with Towel","Biceps","Biceps","Biceps, Upper Arms","Body weight","UpperArms","UpperArms","1","74",""
"760","lying_double_legs_hammer_curl_with_towel","Lying Double Legs Hammer Curl with Towel","Biceps","Biceps","Biceps, Upper Arms","Body weight","UpperArms","UpperArms","1","74",""
"761","lying_single_legs_reverse_biceps_curl_with_towel","Lying Single Legs Reverse Biceps Curl with Towel","Biceps","Biceps","Forearms","Body weight","Forearms","Forearms","1","74","image_target:Forearms;video_target:Forearms"
"762","olympic_barbell_hammer_curl","Olympic Barbell Hammer Curl","Biceps","Biceps","Forearms","Olympic barbell","Forearms","Forearms","1","74","image_target:Forearms;video_target:Forearms"
"763","one_arm_curl","One Arm Curl","Biceps","Biceps","Biceps, Upper Arms","Cable","UpperArms","UpperArms","1","74",""
"764","one_arm_inner_biceps_curl","one arm inner biceps curl","Biceps","Biceps","Biceps, Upper Arms","Cable","UpperArms","UpperArms","1","74",""
"765","overhead_curl","Overhead Curl","Biceps","Biceps","Biceps, Upper Arms","Cable","UpperArms","UpperArms","1","74",""
"766","peacher_hammer_curl","Peacher Hammer Curl","Biceps","Biceps","Forearms","Dumbbell","Forearms","Forearms","1","74","image_target:Forearms;video_target:Forearms"
"767","power_sled_biceps_curl","Power Sled Biceps Curl","Biceps","Biceps","Biceps, Upper Arms","Power Sled","UpperArms","","1","44","missing_video"
"768","preacher_curl","Preacher Curl","Biceps","Biceps","Biceps, Upper Arms","Cable","UpperArms","UpperArms","2","74","duplicate_group"
"769","preacher_curl_preacher_curl_y","Preacher Curl","Biceps","Biceps","Biceps, Upper Arms","Barbell","UpperArms","UpperArms","2","74","duplicate_group"
"770","preacher_curl_wrists","Preacher Curl - Wrists","Biceps","Forearms","Biceps, Upper Arms","EZ Barbell","","","1","44","missing_video;muscle_mismatch:Biceps->Forearms"
"771","resistance_band_hammer_curl","Resistance Band Hammer Curl","Biceps","Biceps","Forearms","Resistance Band","UpperArms","","1","44","missing_video"
"772","resistance_band_seated_biceps_curl","Resistance Band Seated Biceps Curl","Biceps","Biceps","Biceps, Upper Arms","Resistance Band","UpperArms","","2","44","missing_video;duplicate_group"
"773","resistance_band_seated_biceps_curl_resistance_band_seated_biceps_curl_8i0","Resistance Band Seated Biceps Curl","Biceps","Biceps","Biceps, Upper Arms","Resistance Band","Chest","","2","44","missing_video;image_target:Chest;duplicate_group"
"774","revers_grip_biceps_curl","Revers grip Biceps Curl","Biceps","Biceps","Forearms","Dumbbell","Forearms","Forearms","1","74","image_target:Forearms;video_target:Forearms"
"775","reverse_grip_biceps_curl","Reverse Grip Biceps Curl","Biceps","Biceps","Biceps, Upper Arms","Cable","UpperArms","","1","44","missing_video"
"776","reverse_grip_preacher_curl","Reverse grip Preacher Curl","Biceps","Biceps","Forearms","EZ Barbell","Forearms","","1","44","missing_video;image_target:Forearms"
"777","reverse_preacher_curl","Reverse Preacher Curl","Biceps","Biceps","Forearms","Cable","Forearms","","3","44","missing_video;image_target:Forearms;duplicate_group"
"778","reverse_preacher_curl_reverse_preacher_curl_9r","Reverse Preacher Curl","Biceps","Biceps","Forearms","Dumbbell","Forearms","","3","44","missing_video;image_target:Forearms;duplicate_group"
"779","reverse_preacher_curl_reverse_preacher_curl_d","Reverse Preacher Curl","Biceps","Biceps","Forearms","Barbell","Forearms","","3","44","missing_video;image_target:Forearms;duplicate_group"
"780","roll_ball_bicep_brachii","Roll Ball Bicep Brachii","Biceps","Custom","Biceps, Upper Arms","Rollball","UpperArms","","1","44","missing_video;image_target:UpperArms"
"781","seated_bicep_curl","Seated Bicep Curl","Biceps","Biceps","Biceps, Upper Arms","Dumbbell","UpperArms","","1","44","missing_video"
"782","seated_close_grip_concentration_curl","Seated Close-grip Concentration Curl","Biceps","Biceps","Biceps, Upper Arms","Barbell","UpperArms","","1","74",""
"783","seated_curl","Seated Curl","Biceps","Biceps","Biceps, Upper Arms","Cable","UpperArms","","1","44","missing_video"
"784","seated_curls","Seated Curls","Biceps","Biceps","Biceps, Upper Arms","EZ Barbell","UpperArms","UpperArms","1","74",""
"785","seated_hammer_curl","Seated Hammer Curl","Biceps","Biceps","Biceps, Upper Arms","Dumbbell","UpperArms","UpperArms","1","74",""
"786","seated_preacher_curl","Seated Preacher Curl","Biceps","Biceps","Biceps, Upper Arms","Dumbbell","UpperArms","UpperArms","1","74",""
"787","seated_revers_grip_concentration_curl","Seated Revers grip Concentration Curl","Biceps","Biceps","Forearms","Dumbbell","Forearms","Forearms","1","74","image_target:Forearms;video_target:Forearms"
"788","smith_drag_curl","Smith Drag Curl","Biceps","Biceps","Biceps, Upper Arms","Smith machine","UpperArms","","1","44","missing_video"
"789","smith_machine_bicep_curl","Smith Machine Bicep Curl","Biceps","Biceps","Biceps, Upper Arms","Smith machine","UpperArms","UpperArms","1","74",""
"790","standing_biceps_curl","Standing Biceps Curl","Biceps","Biceps","Biceps, Upper Arms","Dumbbell","UpperArms","UpperArms","1","74",""
"791","standing_concentration_curl","Standing Concentration Curl","Biceps","Biceps","Biceps, Upper Arms","Dumbbell","UpperArms","UpperArms","1","74",""
"792","standing_inner_biceps_curl","Standing Inner Biceps Curl","Biceps","Biceps","Biceps, Upper Arms","Dumbbell","UpperArms","UpperArms","1","74",""
"793","standing_inner_curl","Standing Inner Curl","Biceps","Biceps","Biceps, Upper Arms","Cable","UpperArms","UpperArms","1","74",""
"794","standing_one_arm_concentration_curl","Standing One Arm Concentration Curl","Biceps","Biceps","Biceps, Upper Arms","Dumbbell","UpperArms","","1","74",""
"795","standing_wide_grip_biceps_curl","Standing Wide Grip Biceps Curl","Biceps","Biceps","Biceps, Upper Arms","Barbell","UpperArms","UpperArms","1","74",""
"796","standing_wide_grip_curl","Standing Wide-grip Curl","Biceps","Biceps","Biceps, Upper Arms","Barbell","UpperArms","UpperArms","1","74",""
"797","suspension_arm_curl","Suspension Arm Curl","Biceps","Biceps","Biceps, Upper Arms","Suspension","UpperArms","UpperArms","1","74",""
"798","suspension_arm_curl_to_ears","Suspension Arm Curl-to-Ears","Biceps","Biceps","Biceps, Upper Arms","Suspension","UpperArms","UpperArms","1","74",""
"799","suspension_biceps_clutch","Suspension Biceps Clutch","Biceps","Biceps","Biceps, Upper Arms","Suspension","UpperArms","","1","44","missing_video"
"800","suspension_one_arm_biceps_curl","Suspension One Arm Biceps Curl","Biceps","Biceps","Biceps, Upper Arms","Suspension","UpperArms","","1","44","missing_video"
"801","two_legs_hammer_curl_with_towel","Two Legs Hammer Curl with Towel","Biceps","Biceps","Biceps, Upper Arms","Body weight","","","1","74",""
"802","two_legs_reverse_biceps_curl_with_towel","Two Legs Reverse Biceps Curl with Towel","Biceps","Biceps","Biceps, Upper Arms","Body weight","UpperArms","","1","74",""
"803","weighted_seated_bicep_curl","Weighted Seated Bicep Curl","Biceps","Biceps","Biceps, Upper Arms","Medicine Ball","UpperArms","","1","44","missing_video"
"804","zottman_curl","Zottman Curl","Biceps","Biceps","Biceps, Upper Arms","Dumbbell","UpperArms","UpperArms","1","74",""
"805","ankle_dorsal_flexion_articulations","Ankle - Dorsal Flexion - Articulations","Calves","Custom","Calves","Body weight","Mobility","","1","74","image_target:Mobility"
"806","ankle_plantar_flexion_articulations","Ankle - Plantar Flexion - Articulations","Calves","Custom","Calves","Body weight","Mobility","","1","74","image_target:Mobility"
"807","ankle_circles","Ankle Circles","Calves","Custom","Calves","Body weight","Calves","Calves","2","74","image_target:Calves;video_target:Calves;duplicate_group"
"808","ankle_circles_ankle_circles_797","Ankle Circles","Calves","Custom","Calves","Body weight","Calves","","2","44","missing_video;image_target:Calves;duplicate_group"
"809","anterior_tibia","Anterior tibia","Calves","Calves","Calves","Body weight","","","1","24","missing_image;missing_video"
"810","assisted_lying_gastrocnemius_stretch","Assisted Lying Gastrocnemius Stretch","Calves","Calves","Calves","Assisted","Calves","","1","44","missing_video"
"811","balance_board","Balance Board","Calves","Custom","Calves","Body weight","Calves","","1","44","missing_video;image_target:Calves"
"812","band_calf_raise_band_calf_raise_6ah","Band calf raise","Calves","Calves","Calves","Band","Calves","","3","44","missing_video;duplicate_group"
"813","band_calf_raise_band_calf_raise_6y0","Band calf raise","Calves","Calves","Calves","Band","Calves","","3","44","missing_video;duplicate_group"
"814","band_calf_raise","Band Calf Raise","Calves","Calves","Calves","Band","Calves","","3","44","missing_video;duplicate_group"
"815","band_single_leg_calf_raise","Band single leg calf raise","Calves","Calves","Calves","Band","Calves","","1","44","missing_video"
"816","band_single_leg_reverse_calf_raise","Band single leg reverse calf raise","Calves","Calves","Calves","Band","Calves","","1","44","missing_video"
"817","band_two_legs_calf_raise","Band Two Legs Calf Raise -","Calves","Calves","Calves","Band","Calves","Calves","2","74","duplicate_group"
"818","band_two_legs_calf_raise_band_two_legs_calf_raise_950","Band Two Legs Calf Raise -","Calves","Calves","Calves","Band","Calves","Calves","2","74","duplicate_group"
"819","barbell_seated_calf_raise_barbell_seated_calf_raise_85v","Barbell Seated Calf Raise","Calves","Calves","Calves","Barbell","Calves","","3","44","missing_video;duplicate_group"
"820","barbell_seated_calf_raise","Barbell Seated Calf Raise","Calves","Calves","Calves","Barbell","Calves","Calves","3","74","duplicate_group"
"821","barbell_seated_calf_raise_barbell_seated_calf_raise_799","Barbell Seated Calf Raise","Calves","Calves","Calves","Barbell","Calves","","3","44","missing_video;duplicate_group"
"822","barbell_standing_calf_raise","Barbell Standing Calf Raise","Calves","Calves","Calves","Barbell","Calves","","2","44","missing_video;duplicate_group"
"823","barbell_standing_calf_raise_barbell_standing_calf_raise_790","Barbell Standing Calf Raise","Calves","Calves","Calves","Barbell","Calves","Calves","2","74","duplicate_group"
"824","barbell_standing_leg_calf_raise","Barbell Standing Leg Calf Raise","Calves","Calves","Calves","Barbell","","Calves","1","74",""
"825","barbell_standing_rocking_leg_calf_raise","Barbell Standing Rocking Leg Calf Raise","Calves","Calves","Calves","Barbell","","","1","44","missing_video"
"826","barbell_walk_calves_activation","Barbell Walk Calves Activation","Calves","Custom","Quadriceps, Thighs","Barbell","Thighs","","1","44","missing_video;image_target:Thighs"
"827","bodyweight_standing_calf_raise","Bodyweight Standing Calf Raise","Calves","Calves","Calves","Body weight","Calves","Calves","1","74",""
"828","bodyweight_standing_pulse_calf_raise","Bodyweight Standing Pulse Calf Raise","Calves","Calves","Calves","Body weight","Calves","","1","44","missing_video"
"829","box_jump_down_with_one_leg_stabilization","Box Jump Down with One Leg Stabilization","Calves","Custom","Calves","Body weight","Calves","","1","44","missing_video;image_target:Calves"
"830","cable_standing_one_leg_calf_raise","Cable Standing One Leg Calf Raise","Calves","Calves","Calves","Cable","Calves","","1","44","missing_video"
"831","calf_push_stretch_with_hands_against_wall","Calf Push Stretch With Hands Against Wall","Calves","Calves","Calves","Body weight","Calves","Calves","1","74",""
"832","calf_raise_from_deficit_with_chair_supported","Calf Raise from Deficit with Chair Supported","Calves","Calves","Calves","Body weight","Calves","Calves","1","74",""
"833","calf_self_massage_with_barbell","Calf self massage with barbell","Calves","Calves","Calves","Barbell","Calves","","1","44","missing_video"
"834","calf_stretch_with_hands_against_wall","Calf Stretch With Hands Against Wall","Calves","Calves","Calves","Body weight","Calves","Calves","1","74",""
"835","calf_stretch_with_rope","Calf Stretch with Rope","Calves","Calves","Calves","Body weight","Calves","Calves","2","74","duplicate_group"
"836","calf_stretch_with_rope_calf_stretch_with_rope_794","Calf Stretch with Rope","Calves","Calves","Calves","Rope","Calves","Calves","2","74","duplicate_group"
"837","calves_stretch_calves_stretch_6zh","Calves stretch","Calves","Custom","Calves","Body weight","Calves","Calves","2","74","image_target:Calves;video_target:Calves;duplicate_group"
"838","calves_stretch","Calves Stretch","Calves","Custom","Calves","Body weight","Calves","Calves","2","74","image_target:Calves;video_target:Calves;duplicate_group"
"839","calves_stretch_static_position","Calves Stretch Static Position","Calves","Custom","Calves","Body weight","Calves","","1","44","missing_video;image_target:Calves"
"840","circles_knee_stretch_circles_knee_stretch_8e7","Circles Knee Stretch","Calves","Custom","Calves","Body weight","Calves","Calves","3","74","image_target:Calves;video_target:Calves;duplicate_group"
"841","circles_knee_stretch","Circles Knee Stretch","Calves","Custom","Calves","Body weight","Calves","Calves","3","74","image_target:Calves;video_target:Calves;duplicate_group"
"842","circles_knee_stretch_circles_knee_stretch_6gl","Circles Knee Stretch","Calves","Custom","Calves","Body weight","Calves","Calves","3","74","image_target:Calves;video_target:Calves;duplicate_group"
"843","crouching_heel_back_achilles_stretch","Crouching Heel Back Achilles Stretch","Calves","Back","Calves","Body weight","Calves","","1","44","missing_video;muscle_mismatch:Calves->Back;image_target:Calves"
"844","crouching_heel_back_calf_stretch","Crouching Heel Back Calf Stretch","Calves","Calves","Calves","Body weight","Calves","Calves","1","74",""
"845","donkey_calf_raise","Donkey Calf Raise","Calves","Calves","Calves","Body weight","Calves","Calves","2","74","duplicate_group"
"846","donkey_calf_raise_donkey_calf_raise_6h2","Donkey Calf Raise","Calves","Calves","Calves","Body weight","Calves","Calves","2","74","duplicate_group"
"847","double_kneeling_shin_stretch","Double Kneeling Shin Stretch","Calves","Custom","Calves","Body weight","Calves","","1","44","missing_video;image_target:Calves"
"848","dumbbell_seated_calf_raise","Dumbbell Seated Calf Raise","Calves","Calves","Calves","Dumbbell","Calves","Calves","2","74","duplicate_group"
"849","dumbbell_seated_calf_raise_dumbbell_seated_calf_raise_79f","Dumbbell Seated Calf Raise","Calves","Calves","Calves","Dumbbell","Calves","Calves","2","74","duplicate_group"
"850","dumbbell_seated_one_leg_calf_raise","Dumbbell Seated One Leg Calf Raise","Calves","Calves","Calves","Dumbbell","Calves","","1","44","missing_video"
"851","dumbbell_seated_one_leg_calf_raise_hammer_grip","Dumbbell Seated One Leg Calf Raise - Hammer Grip","Calves","Calves","Calves","Dumbbell","Calves","","1","74",""
"852","dumbbell_seated_one_leg_calf_raise_palm_up","Dumbbell Seated One Leg Calf Raise - Palm up","Calves","Calves","Calves","Dumbbell","Calves","","1","44","missing_video"
"853","dumbbell_single_leg_calf_raise_dumbbell_single_leg_calf_raise_7ef","Dumbbell Single Leg Calf Raise","Calves","Calves","Calves","Dumbbell","Calves","","3","44","missing_video;duplicate_group"
"854","dumbbell_single_leg_calf_raise_dumbbell_single_leg_calf_raise_959","Dumbbell Single Leg Calf Raise","Calves","Calves","Calves","Dumbbell","Calves","Calves","3","74","duplicate_group"
"855","dumbbell_single_leg_calf_raise","Dumbbell Single Leg Calf Raise","Calves","Calves","Calves","Dumbbell","Calves","Calves","3","74","duplicate_group"
"856","dumbbell_squat_hold_calf_raise","Dumbbell Squat Hold Calf Raise","Calves","Calves","Thighs","Dumbbell","Calves","","1","44","missing_video"
"857","dumbbell_standing_calf_raise","Dumbbell Standing Calf Raise","Calves","Calves","Calves","Dumbbell","Calves","Calves","2","74","duplicate_group"
"858","dumbbell_standing_calf_raise_dumbbell_standing_calf_raise_6kb","Dumbbell Standing Calf Raise","Calves","Calves","Calves","Dumbbell","","Calves","2","74","duplicate_group"
"859","dumbbell_standing_single_leg_calf_raise","Dumbbell Standing Single Leg Calf Raise","Calves","Calves","Calves","Dumbbell","Calves","","2","44","missing_video;duplicate_group"
"860","dumbbell_standing_single_leg_calf_raise_dumbbell_standing_single_leg_calf_raise_8yg","Dumbbell Standing Single Leg Calf Raise","Calves","Calves","Calves","Dumbbell","Calves","Calves","2","74","duplicate_group"
"861","exercise_ball_on_the_wall_calf_raise","Exercise Ball on the Wall Calf Raise","Calves","Calves","Calves","Dumbbell","Calves","","3","44","missing_video;duplicate_group"
"862","exercise_ball_on_the_wall_calf_raise_exercise_ball_on_the_wall_calf_raise_8l3","Exercise Ball on the Wall Calf Raise","Calves","Calves","Calves","Dumbbell","Calves","","3","44","missing_video;duplicate_group"
"863","exercise_ball_on_the_wall_calf_raise_exercise_ball_on_the_wall_calf_raise_79i","Exercise Ball on the Wall Calf Raise","Calves","Calves","Calves","Dumbbell","Calves","","3","44","missing_video;duplicate_group"
"864","feet_and_ankles_rotation_stretch_feet_and_ankles_rotation_stretch_8li","Feet and Ankles Rotation Stretch","Calves","Custom","Calves","Body weight","Calves","Calves","2","74","image_target:Calves;video_target:Calves;duplicate_group"
"865","feet_and_ankles_rotation_stretch","Feet and Ankles Rotation Stretch","Calves","Custom","Calves","Body weight","Calves","Calves","2","74","image_target:Calves;video_target:Calves;duplicate_group"
"866","feet_and_ankles_side_to_side_stretch","Feet and Ankles Side to Side Stretch","Calves","Custom","Calves","Body weight","Calves","Calves","1","74","image_target:Calves;video_target:Calves"
"867","feet_and_ankles_stretch","Feet and Ankles Stretch","Calves","Custom","Calves","Body weight","Calves","Calves","2","74","image_target:Calves;video_target:Calves;duplicate_group"
"868","feet_and_ankles_stretch_feet_and_ankles_stretch_933","Feet and Ankles Stretch","Calves","Custom","Calves","Body weight","Calves","Calves","2","74","image_target:Calves;video_target:Calves;duplicate_group"
"869","fibula_short","Fibula short","Calves","Custom","Calves","Body weight","","","1","24","missing_image;missing_video"
"870","floor_calf_raise","Floor Calf Raise","Calves","Calves","Calves","Barbell","Calves","","1","44","missing_video"
"871","front_cross_over_shin_stretch","Front Cross Over Shin Stretch","Calves","Custom","Calves","Body weight","Calves","","1","44","missing_video;image_target:Calves"
"872","gastrocnemius","Gastrocnemius","Calves","Calves","Calves","Body weight","","","1","24","missing_image;missing_video"
"873","hack_calf_raise","Hack Calf Raise","Calves","Calves","Calves","Sled machine","Calves","","1","44","missing_video"
"874","hack_one_leg_calf_raise","Hack One Leg Calf Raise","Calves","Calves","Calves","Sled machine","Calves","","1","44","missing_video"
"875","kneeling_heel_down_achilles_stretch","Kneeling Heel Down Achilles Stretch","Calves","Custom","Calves","Body weight","Calves","","1","44","missing_video;image_target:Calves"
"876","leaning_heel_back_achilles_stretch","Leaning Heel Back Achilles Stretch","Calves","Back","Calves","Body weight","Calves","","1","44","missing_video;muscle_mismatch:Calves->Back;image_target:Calves"
"877","lever_calf_press","Lever Calf Press","Calves","Calves","Calves","Leverage machine","Calves","","1","44","missing_video"
"878","lever_calf_raise","Lever Calf Raise","Calves","Calves","Calves","Leverage machine","Calves","","1","44","missing_video"
"879","lever_calf_stretch","Lever Calf Stretch","Calves","Calves","Calves","Leverage machine","","","1","44","missing_video"
"880","lever_donkey_calf_raise","Lever Donkey Calf Raise","Calves","Calves","Calves","Leverage machine","Calves","","1","44","missing_video"
"881","lever_rotary_calf","Lever Rotary Calf","Calves","Calves","Calves","Leverage machine","Calves","Calves","2","74","duplicate_group"
"882","lever_rotary_calf_lever_rotary_calf_7vv","Lever Rotary Calf","Calves","Calves","Calves","Leverage machine","Calves","Calves","2","74","duplicate_group"
"883","lever_seated_calf_press","Lever Seated Calf Press","Calves","Calves","Calves","Leverage machine","Calves","Calves","2","74","duplicate_group"
"884","lever_seated_calf_press_lever_seated_calf_press_7w4","Lever Seated Calf Press","Calves","Calves","Calves","Leverage machine","Calves","Calves","2","74","duplicate_group"
"885","lever_seated_calf_raise","Lever Seated Calf Raise","Calves","Calves","Calves","Leverage machine","","","4","74","duplicate_group"
"886","lever_seated_calf_raise_lever_seated_calf_raise_85l","Lever Seated Calf Raise","Calves","Calves","Calves","Leverage machine","Calves","Calves","4","74","duplicate_group"
"887","lever_seated_calf_raise_lever_seated_calf_raise_8ht","Lever Seated Calf Raise","Calves","Calves","Calves","Leverage machine","Calves","Calves","4","74","duplicate_group"
"888","lever_seated_calf_raise_lever_seated_calf_raise_17","Lever Seated Calf Raise","Calves","Calves","Calves","Leverage machine","","","4","74","duplicate_group"
"889","lever_seated_one_leg_calf_raise","Lever seated one leg calf raise","Calves","Calves","Calves","Leverage machine","Calves","","1","44","missing_video"
"890","lever_seated_squat_calf_raise_on_leg_press","Lever Seated Squat Calf Raise on Leg Press","Calves","Calves","Thighs","Leverage machine","Calves","","1","44","missing_video"
"891","lever_seated_squat_calf_raise_on_leg_press_machine","Lever Seated Squat Calf Raise on Leg Press Machine","Calves","Calves","Calves","Leverage machine","Calves","Calves","1","74",""
"892","lever_standing_calf_raise_lever_standing_calf_raise_7sa","Lever Standing Calf Raise","Calves","Calves","Calves","Leverage machine","Calves","Calves","3","74","duplicate_group"
"893","lever_standing_calf_raise","Lever Standing Calf Raise","Calves","Calves","Calves","Leverage machine","","Calves","3","74","duplicate_group"
"894","lever_standing_calf_raise_lever_standing_calf_raise_6q9","Lever Standing Calf Raise","Calves","Calves","Calves","Leverage machine","","Calves","3","74","duplicate_group"
"895","long_extensor_of_the_fingers","Long extensor of the fingers","Calves","Forearms","Calves","Body weight","","","1","24","missing_image;missing_video;muscle_mismatch:Calves->Forearms;reviewed_forearm_rule"
"896","lunging_straight_leg_calf_stretch","Lunging Straight Leg Calf Stretch","Calves","Calves","Calves","Body weight","Calves","","1","44","missing_video"
"897","mobilization_of_ankle_stretch","Mobilization Of Ankle Stretch","Calves","Custom","Calves","Body weight","Calves","","1","44","missing_video;image_target:Calves"
"898","one_leg_donkey_calf_raise","One Leg Donkey Calf Raise","Calves","Calves","Calves","Body weight","Calves","","1","44","missing_video"
"899","one_leg_floor_calf_raise","One Leg Floor Calf Raise","Calves","Calves","Calves","Body weight","Calves","Calves","2","74","duplicate_group"
"900","one_leg_floor_calf_raise_one_leg_floor_calf_raise_79m","One Leg Floor Calf Raise","Calves","Calves","Calves","Body weight","Calves","Calves","2","74","duplicate_group"
"901","peroneals_stretch_peroneals_stretch_94k","Peroneals Stretch","Calves","Custom","Calves","Body weight","Calves","Calves","2","74","image_target:Calves;video_target:Calves;duplicate_group"
"902","peroneals_stretch","Peroneals Stretch","Calves","Custom","Calves","Rope","Calves","Calves","2","74","image_target:Calves;video_target:Calves;duplicate_group"
"903","peroneus_longus","Peroneus longus","Calves","Custom","Calves","Body weight","","","1","24","missing_image;missing_video"
"904","plantar_flexor_and_foot_everter_stretch","Plantar Flexor And Foot Everter Stretch","Calves","Custom","Calves","Body weight","Calves","","1","44","missing_video;image_target:Calves"
"905","plantar_flexor_and_foot_inverter_stretch","Plantar Flexor And Foot Inverter Stretch","Calves","Custom","Calves","Body weight","Calves","","1","44","missing_video;image_target:Calves"
"906","posterior_tibial","Posterior tibial","Calves","Calves","Calves","Body weight","","","1","24","missing_image;missing_video"
"907","posterior_tibialis_stretch","Posterior Tibialis Stretch","Calves","Calves","Calves","Rope","Calves","","1","44","missing_video"
"908","raised_foot_shin_stretch","Raised Foot Shin Stretch","Calves","Custom","Calves","Body weight","Calves","","1","44","missing_video;image_target:Calves"
"909","resistance_band_calf_raise","Resistance Band Calf Raise","Calves","Calves","Calves","Resistance Band","Calves","","1","44","missing_video"
"910","resistance_band_foot_eversion","Resistance Band Foot Eversion","Calves","Custom","Calves","Resistance Band","Calves","","1","44","missing_video;image_target:Calves"
"911","resistance_band_foot_external_rotation","Resistance Band Foot External Rotation","Calves","Custom","Calves","Resistance Band","Calves","","1","44","missing_video;image_target:Calves"
"912","resistance_band_foot_inversion","Resistance Band Foot Inversion","Calves","Custom","Calves","Resistance Band","Calves","","1","44","missing_video;image_target:Calves"
"913","resistance_band_foot_plantar_flexion","Resistance Band Foot Plantar Flexion","Calves","Custom","Calves","Resistance Band","Calves","","1","44","missing_video;image_target:Calves"
"914","resistance_band_standing_back_achilles_stretch","Resistance Band Standing Back Achilles Stretch","Calves","Back","Calves","Resistance Band","Calves","","1","44","missing_video;muscle_mismatch:Calves->Back;image_target:Calves"
"915","resistance_band_standing_forward_achilles_stretch","Resistance Band Standing Forward Achilles Stretch","Calves","Custom","Calves","Resistance Band","Calves","","1","44","missing_video;image_target:Calves"
"916","rocking_ankle_stretch","Rocking Ankle Stretch","Calves","Custom","Calves","Body weight","","","1","44","missing_video"
"917","roll_anterior_calf_foam_rolling","Roll Anterior Calf Foam Rolling","Calves","Calves","Calves","Roll","Calves","","1","44","missing_video"
"918","roll_ball_calf","Roll Ball Calf","Calves","Calves","Calves","Rollball","Calves","","1","44","missing_video"
"919","roll_ball_foot","Roll Ball Foot","Calves","Custom","Calves","Rollball","Calves","","1","44","missing_video;image_target:Calves"
"920","roll_ball_peroneus","Roll Ball Peroneus","Calves","Custom","Calves","Rollball","Calves","","1","44","missing_video;image_target:Calves"
"921","roll_ball_tibialis_anterior","Roll Ball Tibialis Anterior","Calves","Calves","Calves","Rollball","Calves","","1","44","missing_video"
"922","roll_ball_tibialis_posterior","Roll Ball Tibialis Posterior","Calves","Calves","Calves","Rollball","Calves","","1","44","missing_video"
"923","roll_calves","Roll Calves","Calves","Custom","Calves","Roll","Chest","Shoulders","2","74","image_target:Chest;video_target:Shoulders;duplicate_group"
"924","roll_calves_roll_calves_7sv","Roll Calves","Calves","Custom","Calves","Roll","Core","Core","2","74","image_target:Core;video_target:Core;duplicate_group"
"925","seated_ankle_stretch","Seated Ankle Stretch","Calves","Custom","Calves","Body weight","Calves","Calves","1","74","image_target:Calves;video_target:Calves"
"926","seated_calf_raise","Seated Calf Raise","Calves","Calves","Calves","Barbell","Calves","Calves","1","74",""
"927","seated_calf_stretch","Seated Calf Stretch","Calves","Calves","Calves","Body weight","Calves","Calves","2","74","duplicate_group"
"928","seated_calf_stretch_seated_calf_stretch_93z","Seated Calf Stretch","Calves","Calves","Calves","Body weight","Calves","Calves","2","74","duplicate_group"
"929","seated_straight_leg_calf_stretch","Seated Straight Leg Calf Stretch","Calves","Calves","Calves","Body weight","Calves","Calves","1","74",""
"930","seated_toe_extensor_and_foot_everter_stretch","Seated Toe Extensor And Foot Everter Stretch","Calves","Custom","Calves","Body weight","Calves","","1","44","missing_video;image_target:Calves"
"931","seated_toe_extensor_and_foot_inverter_stretch","Seated Toe Extensor And Foot Inverter Stretch","Calves","Custom","Calves","Body weight","Calves","","1","44","missing_video;image_target:Calves"
"932","seated_toe_extensor_stretch","Seated Toe Extensor Stretch","Calves","Custom","Calves","Body weight","Calves","","1","44","missing_video;image_target:Calves"
"933","seated_toe_flexor_and_foot_everter_stretch","Seated Toe Flexor And Foot Everter Stretch","Calves","Custom","Calves","Body weight","Calves","","1","44","missing_video;image_target:Calves"
"934","seated_toe_flexor_and_foot_inverter_stretch","Seated Toe Flexor And Foot Inverter Stretch","Calves","Custom","Calves","Body weight","Calves","","1","44","missing_video;image_target:Calves"
"935","seated_toe_flexor_stretch","Seated Toe Flexor Stretch","Calves","Custom","Calves","Body weight","Calves","","1","44","missing_video;image_target:Calves"
"936","self_anterior_calf_foam_rolling","Self Anterior Calf Foam Rolling","Calves","Calves","Calves","Roll","Calves","","1","44","missing_video"
"937","separation_between_fingers_stretch","Separation Between Fingers Stretch","Calves","Forearms","Calves","Body weight","Calves","","1","44","missing_video;muscle_mismatch:Calves->Forearms;image_target:Calves;reviewed_forearm_rule"
"938","single_heel_drop_achilles_stretch","Single Heel Drop Achilles Stretch","Calves","Custom","Calves","Body weight","Calves","","1","44","missing_video;image_target:Calves"
"939","single_heel_drop_calf_stretch","Single Heel Drop Calf Stretch","Calves","Calves","Calves","Body weight","Calves","","1","44","missing_video"
"940","single_leg_calf_raise","Single Leg Calf Raise","Calves","Calves","Calves","Dumbbell","Calves","","1","44","missing_video"
"941","sitting_toe_pull_achilles_stretch","Sitting Toe Pull Achilles Stretch","Calves","Custom","Calves","Body weight","Calves","","1","44","missing_video;image_target:Calves"
"942","sitting_toe_pull_calf_stretch","Sitting Toe Pull Calf Stretch","Calves","Calves","Calves","Body weight","Calves","Calves","1","74",""
"943","sled_45_calf_press","Sled 45° Calf Press","Calves","Calves","Calves","Sled machine","","Calves","2","74","duplicate_group"
"944","sled_45_calf_press_sled_45_calf_press_6ty","Sled 45° Calf Press","Calves","Calves","Calves","Sled machine","","Calves","2","74","duplicate_group"
"945","sled_calf_press_on_leg_press","Sled Calf Press On Leg Press","Calves","Calves","Calves","Sled machine","Calves","Calves","2","74","duplicate_group"
"946","sled_calf_press_on_leg_press_sled_calf_press_on_leg_press_4b","Sled Calf Press On Leg Press","Calves","Calves","Calves","Sled machine","Calves","Calves","2","74","duplicate_group"
"947","sled_forward_angled_calf_raise_sled_forward_angled_calf_raise_1q","Sled Forward Angled Calf Raise","Calves","Calves","Calves","Sled machine","","","2","44","missing_video;duplicate_group"
"948","sled_forward_angled_calf_raise","Sled Forward Angled Calf Raise","Calves","Calves","Calves","Sled machine","","","2","44","missing_video;duplicate_group"
"949","sled_lying_calf_press","Sled Lying Calf Press","Calves","Calves","Calves","Sled machine","Calves","","1","44","missing_video"
"950","sled_one_leg_calf_press_on_leg_press","Sled One Leg Calf Press on Leg Press","Calves","Calves","Calves","Sled machine","Calves","","1","44","missing_video"
"951","smith_calf_raise","Smith Calf Raise","Calves","Calves","Calves","Smith machine","Calves","","2","44","missing_video;duplicate_group"
"952","smith_calf_raise_smith_calf_raise_32","Smith Calf Raise","Calves","Calves","Calves","Smith machine","Calves","Calves","2","74","duplicate_group"
"953","smith_one_leg_floor_calf_raise","Smith One Leg Floor Calf Raise","Calves","Calves","Calves","Smith machine","Calves","","2","44","missing_video;duplicate_group"
"954","smith_one_leg_floor_calf_raise_smith_one_leg_floor_calf_raise_79r","Smith One Leg Floor Calf Raise","Calves","Calves","Calves","Smith machine","Calves","Calves","2","74","duplicate_group"
"955","smith_reverse_calf_raises","Smith Reverse Calf Raises","Calves","Calves","Calves","Smith machine","Calves","","4","44","missing_video;duplicate_group"
"956","smith_reverse_calf_raises_smith_reverse_calf_raises_1e","Smith Reverse Calf Raises","Calves","Calves","Calves","Smith machine","","","4","44","missing_video;duplicate_group"
"957","smith_reverse_calf_raises_smith_reverse_calf_raises_4c","Smith Reverse Calf Raises","Calves","Calves","Calves","Smith machine","Calves","Calves","4","74","duplicate_group"
"958","smith_reverse_calf_raises_smith_reverse_calf_raises_6un","Smith Reverse Calf Raises","Calves","Calves","Calves","Smith machine","","","4","44","missing_video;duplicate_group"
"959","smith_seated_calf_raise","Smith Seated Calf Raise","Calves","Calves","Calves","Smith machine","Calves","","1","44","missing_video"
"960","smith_seated_one_leg_calf_raise","Smith Seated One Leg Calf Raise","Calves","Calves","Calves","Smith machine","Calves","","1","44","missing_video"
"961","smith_standing_leg_calf_raise","Smith Standing Leg Calf Raise","Calves","Calves","Calves","Smith machine","","","2","74","duplicate_group"
"962","smith_standing_leg_calf_raise_smith_standing_leg_calf_raise_6ux","Smith Standing Leg Calf Raise","Calves","Calves","Calves","Smith machine","","","2","44","missing_video;duplicate_group"
"963","smith_toe_raise","Smith Toe Raise","Calves","Custom","Calves","Smith machine","Calves","","2","44","missing_video;image_target:Calves;duplicate_group"
"964","smith_toe_raise_smith_toe_raise_4d","Smith Toe Raise","Calves","Custom","Calves","Smith machine","Calves","","2","44","missing_video;image_target:Calves;duplicate_group"
"965","soleus","Soleus","Calves","Calves","Calves","Body weight","","","1","24","missing_image;missing_video"
"966","squat_hold_calf_raise","Squat Hold Calf Raise","Calves","Calves","Calves","Body weight","Calves","","1","44","missing_video"
"967","squatting_achilles_stretch","Squatting Achilles Stretch","Calves","Quads","Calves","Body weight","Calves","","1","44","missing_video;muscle_mismatch:Calves->Quads;image_target:Calves"
"968","squatting_toe_stretch","Squatting Toe Stretch","Calves","Quads","Calves","Body weight","Calves","","1","44","missing_video;muscle_mismatch:Calves->Quads;image_target:Calves"
"969","standing_achilles_stretch","Standing Achilles Stretch","Calves","Custom","Calves","Body weight","Calves","","1","44","missing_video;image_target:Calves"
"970","standing_calf_raise","Standing Calf Raise","Calves","Calves","Calves","Body weight","Calves","","5","44","missing_video;duplicate_group"
"971","standing_calf_raise_standing_calf_raise_7xl","Standing Calf Raise","Calves","Calves","Calves","Body weight","Calves","","5","44","missing_video;duplicate_group"
"972","standing_calf_raise_standing_calf_raise_8f3","Standing Calf Raise","Calves","Calves","Calves","Body weight","Calves","Calves","5","74","duplicate_group"
"973","standing_calf_raise_standing_calf_raise_07","Standing Calf Raise","Calves","Calves","Calves","Dumbbell","","Calves","5","74","duplicate_group"
"974","standing_calf_raise_standing_calf_raise_4z","Standing Calf Raise","Calves","Calves","Calves","Cable","Calves","","5","44","missing_video;duplicate_group"
"975","standing_calf_raise_with_support","Standing Calf Raise with Support","Calves","Calves","Calves","Body weight","Calves","","1","44","missing_video"
"976","standing_gastrocnemius","Standing Gastrocnemius","Calves","Calves","Calves","Body weight","Calves","","1","44","missing_video"
"977","standing_gastrocnemius_calf_stretch","Standing Gastrocnemius Calf Stretch","Calves","Calves","Calves","Body weight","Calves","Calves","2","74","duplicate_group"
"978","standing_gastrocnemius_calf_stretch_standing_gastrocnemius_calf_stretch_79u","Standing Gastrocnemius Calf Stretch","Calves","Calves","Calves","Body weight","Calves","Calves","2","74","duplicate_group"
"979","standing_hamstring_and_calf_stretch_with_starp","Standing Hamstring and Calf Stretch with Starp","Calves","Calves","Hamstrings, Thighs","Body weight","Thighs","Thighs","1","74","image_target:Thighs;video_target:Thighs"
"980","standing_hamstring_and_calf_stretch_with_strap","Standing Hamstring and Calf Stretch with Strap","Calves","Calves","Hamstrings, Thighs","Rope","Thighs","Thighs","1","74","image_target:Thighs;video_target:Thighs"
"981","standing_heel_back_achilles_stretch","Standing Heel Back Achilles Stretch","Calves","Back","Calves","Body weight","Calves","","1","44","missing_video;muscle_mismatch:Calves->Back;image_target:Calves"
"982","standing_leg_calf_raise","Standing Leg Calf Raise","Calves","Calves","Calves","Barbell","","Calves","1","74",""
"983","standing_shin_stretch","Standing Shin Stretch","Calves","Custom","Calves","Body weight","Calves","","1","44","missing_video;image_target:Calves"
"984","standing_single_leg_calf_raise_with_support","Standing Single Leg Calf Raise with Support","Calves","Calves","Calves","Body weight","Calves","","1","44","missing_video"
"985","standing_toe_extensor_stretch","Standing Toe Extensor Stretch","Calves","Custom","Calves","Body weight","Calves","","1","44","missing_video;image_target:Calves"
"986","standing_toe_flexor_stretch","Standing Toe Flexor Stretch","Calves","Custom","Calves","Body weight","Calves","","1","44","missing_video;image_target:Calves"
"987","standing_toe_up_achilles_stretch","Standing Toe Up Achilles Stretch","Calves","Custom","Calves","Body weight","Calves","","1","44","missing_video;image_target:Calves"
"988","standing_toe_up_calf_stretch","Standing Toe Up Calf Stretch","Calves","Calves","Calves","Body weight","Calves","","1","44","missing_video"
"989","suspension_calf_raise","Suspension Calf Raise","Calves","Calves","Calves","Suspension","Calves","","1","44","missing_video"
"990","tibial_flexion_stretch_on_wall_bar","Tibial Flexion Stretch On Wall Bar","Calves","Calves","Calves","Body weight","Calves","","1","44","missing_video"
"991","tibial_stretch_with_semi_flexed_knee","Tibial Stretch With Semi Flexed Knee","Calves","Calves","Calves","Body weight","Calves","","1","44","missing_video"
"992","tiger_tail_peroneal","Tiger Tail Peroneal","Calves","Custom","Calves","Body weight","Calves","","1","44","missing_video;image_target:Calves"
"993","toe_squat_stretch","Toe Squat Stretch","Calves","Quads","Calves","Body weight","Calves","","1","44","missing_video;muscle_mismatch:Calves->Quads;image_target:Calves"
"994","weighted_donkey_calf_raise","Weighted Donkey Calf Raise","Calves","Calves","Calves","Weighted","Calves","","1","44","missing_video"
"995","weighted_seated_calf_raise","Weighted Seated Calf Raise","Calves","Calves","Calves","Weighted","Calves","","1","44","missing_video"
"996","above_head_chest_stretch","Above Head Chest Stretch","Chest","Chest","Chest","Body weight","Chest","Chest","2","74","duplicate_group"
"997","above_head_chest_stretch_above_head_chest_stretch_7i9","Above Head Chest Stretch","Chest","Chest","Chest","Body weight","Chest","Chest","2","74","duplicate_group"
"998","archer_push_up","Archer Push up","Chest","Chest","Chest","Body weight","Chest","Chest","1","74",""
"999","arm_crossover","Arm Crossover","Chest","Custom","Chest","Body weight","Chest","Chest","1","74","image_target:Chest;video_target:Chest"
"1000","assisted_chest_dip","Assisted Chest Dip","Chest","Chest","Chest","Leverage machine","Chest","","2","44","missing_video;duplicate_group"
"1001","assisted_chest_dip_assisted_chest_dip_7br","Assisted Chest Dip","Chest","Chest","Chest","Leverage machine","Chest","","2","44","missing_video;duplicate_group"
"1002","assisted_pulling_arms_in_prone_position_chest_stretch","Assisted Pulling Arms in Prone Position Chest Stretch","Chest","Chest","Chest","Body weight","Chest","","1","44","missing_video"
"1003","assisted_pulling_backs_chest_stretch","Assisted Pulling Backs Chest Stretch","Chest","Chest","Chest","Assisted","Chest","","1","44","missing_video"
"1004","assisted_seated_chest_stretch","Assisted Seated Chest Stretch","Chest","Chest","Chest","Assisted","Chest","","1","44","missing_video"
"1005","assisted_seated_pectoralis_major_stretch_with_stability_ball","Assisted Seated Pectoralis Major Stretch With Stability Ball","Chest","Chest","Chest","Assisted","Chest","","1","44","missing_video"
"1006","assisted_standing_chest_stretch","Assisted Standing Chest Stretch","Chest","Chest","Chest","Assisted","Chest","","1","44","missing_video"
"1007","assisted_straight_arms_lying_stretch","Assisted Straight Arms Lying Stretch","Chest","Custom","Chest","Assisted","Chest","","1","44","missing_video;image_target:Chest"
"1008","assisted_trunk_flex_chest_stretch","Assisted Trunk Flex Chest Stretch","Chest","Chest","Chest","Assisted","Chest","","1","44","missing_video"
"1009","assisted_weighted_push_up","Assisted Weighted Push-up","Chest","Chest","Chest","Weighted","Chest","Chest","1","74",""
"1010","assisted_wide_grip_chest_dip","Assisted Wide-Grip Chest Dip","Chest","Chest","Chest","Leverage machine","Chest","","1","44","missing_video"
"1011","back_pec_stretch_back_pec_stretch_79b","Back Pec Stretch","Chest","Chest","Back","Body weight","Back","Back","2","74","image_target:Back;video_target:Back;duplicate_group"
"1012","back_pec_stretch","Back Pec Stretch","Chest","Chest","Back, Chest","Body weight","Back","Back","2","74","image_target:Back;video_target:Back;duplicate_group"
"1013","band_alternate_low_chest_fly","Band Alternate Low Chest Fly","Chest","Chest","Chest","Band","Chest","Chest","1","74",""
"1014","band_assisted_dip","Band Assisted Dip","Chest","Custom","Upper Arms","Band","","","2","24","missing_image;missing_video;duplicate_group"
"1015","band_assisted_dip_band_assisted_dip_91j","Band Assisted Dip","Chest","Custom","Back","Band","Back","Back","2","74","image_target:Back;video_target:Back;duplicate_group"
"1016","band_bench_press","Band Bench Press","Chest","Chest","Chest","Band","Chest","Chest","1","74",""
"1017","band_chest_fly","Band Chest Fly","Chest","Chest","Chest","Band","Chest","Chest","1","74",""
"1018","band_close_grip_push_up","Band close-grip push-up","Chest","Chest","Triceps, Upper Arms","Band","UpperArms","","1","44","missing_video;image_target:UpperArms"
"1019","band_cross_body_one_arm_chest_press","Band Cross Body One Arm Chest Press","Chest","Chest","Chest","Band","Chest","Chest","1","74",""
"1020","band_high_fly","Band high fly","Chest","Chest","Chest","Band","Chest","Chest","2","74","duplicate_group"
"1021","band_high_fly_band_high_fly_6y4","Band high fly","Chest","Chest","Chest","Band","Chest","Chest","2","74","duplicate_group"
"1022","band_incline_bench_press","Band Incline Bench Press","Chest","Chest","Chest","Band","Chest","","1","44","missing_video"
"1023","band_low_alternate_chest_press","Band Low Alternate Chest Press","Chest","Chest","Chest","Band","Chest","Chest","1","74",""
"1024","band_low_chest_fly","Band Low Chest Fly","Chest","Chest","Chest","Band","Chest","Chest","1","74",""
"1025","band_low_chest_press","Band Low Chest Press","Chest","Chest","Chest","Band","Chest","Chest","1","74",""
"1026","band_low_fly","Band low fly","Chest","Chest","Chest","Band","Chest","","1","44","missing_video"
"1027","band_middle_fly","Band middle fly","Chest","Chest","Chest","Band","Chest","","1","44","missing_video"
"1028","band_push_up","Band push-up","Chest","Chest","Chest","Band","Chest","","1","44","missing_video"
"1029","band_standing_alternate_chest_press","Band Standing Alternate Chest Press","Chest","Chest","Chest","Band","Chest","Chest","1","74",""
"1030","band_standing_chest_press_band_standing_chest_press_6ya","Band standing chest press","Chest","Chest","Chest","Band","Chest","","2","44","missing_video;duplicate_group"
"1031","band_standing_chest_press","Band Standing Chest Press","Chest","Chest","Chest","Band","Chest","Chest","2","74","duplicate_group"
"1032","band_standing_incline_chest_press","Band standing incline chest press","Chest","Chest","Chest","Band","Chest","","1","44","missing_video"
"1033","bar_band_kneeling_incline_press","Bar Band Kneeling Incline Press","Chest","Custom","Chest","Stick","Chest","","1","44","missing_video;image_target:Chest"
"1034","barbell_bench_press","Barbell Bench Press","Chest","Chest","Chest","Barbell","Chest","Chest","4","74","duplicate_group"
"1035","barbell_bench_press_barbell_bench_press_8jo","Barbell Bench Press","Chest","Chest","Chest","Barbell","Chest","","4","44","missing_video;duplicate_group"
"1036","barbell_bench_press_barbell_bench_press_8jz","Barbell Bench Press","Chest","Chest","Chest","Barbell","Chest","","4","44","missing_video;duplicate_group"
"1037","barbell_bench_press_barbell_bench_press_605","Barbell Bench Press","Chest","Chest","Chest","Barbell","Chest","Chest","4","74","duplicate_group"
"1038","barbell_bench_press_against_chains","Barbell Bench Press against Chains","Chest","Chest","Chest","Barbell","Chest","","1","44","missing_video"
"1039","barbell_bench_press_with_1_board","Barbell Bench Press with 1 board","Chest","Chest","Chest","Barbell","Chest","","3","44","missing_video;duplicate_group"
"1040","barbell_bench_press_with_2_board","Barbell Bench Press with 2 board","Chest","Chest","Chest","Barbell","Chest","","3","44","missing_video;duplicate_group"
"1041","barbell_bench_press_with_3_board","Barbell Bench Press with 3 board","Chest","Chest","Chest","Barbell","Chest","","3","44","missing_video;duplicate_group"
"1042","barbell_bench_press_with_band_suspended_kettlebell","Barbell Bench Press with Band Suspended Kettlebell","Chest","Chest","Chest","Barbell","Chest","","1","44","missing_video"
"1043","barbell_chest_press_on_stability_ball","Barbell Chest Press on Stability Ball","Chest","Chest","Chest","Barbell, Stability ball","Chest","","1","44","missing_video"
"1044","barbell_close_grip_bench_press","Barbell Close-Grip Bench Press","Chest","Chest","Triceps, Upper Arms","Barbell","UpperArms","UpperArms","1","74","image_target:UpperArms;video_target:UpperArms"
"1045","barbell_decline_bench_press","Barbell Decline Bench Press","Chest","Chest","Chest","Barbell","Chest","Chest","2","74","duplicate_group"
"1046","barbell_decline_bench_press_barbell_decline_bench_press_603","Barbell Decline Bench Press","Chest","Chest","Chest","Barbell","Chest","Chest","2","74","duplicate_group"
"1047","barbell_decline_wide_grip_press","Barbell Decline Wide-grip Press","Chest","Custom","Chest","Barbell","Chest","","1","44","missing_video;image_target:Chest"
"1048","barbell_floor_chest_press","Barbell Floor Chest Press","Chest","Chest","Chest","Barbell","Chest","Chest","1","74",""
"1049","barbell_guillotine_bench_press","Barbell Guillotine Bench Press","Chest","Chest","Chest","Barbell","Chest","Chest","1","74",""
"1050","barbell_incline_bench_press","Barbell Incline Bench Press","Chest","Chest","Chest","Barbell","Chest","Chest","2","74","duplicate_group"
"1051","barbell_incline_bench_press_barbell_incline_bench_press_60r","Barbell Incline Bench Press","Chest","Chest","Chest","Barbell","Chest","Chest","2","74","duplicate_group"
"1052","barbell_jm_bench_press_barbell_jm_bench_press_8fn","Barbell JM Bench Press","Chest","Chest","Upper Arms","Barbell","UpperArms","","2","44","missing_video;image_target:UpperArms;duplicate_group"
"1053","barbell_jm_bench_press","Barbell JM Bench Press","Chest","Chest","Triceps, Upper Arms","Barbell","UpperArms","UpperArms","2","74","image_target:UpperArms;video_target:UpperArms;duplicate_group"
"1054","barbell_reverse_band_bench_press","Barbell Reverse Band Bench Press","Chest","Chest","Triceps, Upper Arms","Band","UpperArms","","1","44","missing_video;image_target:UpperArms"
"1055","barbell_reverse_close_grip_bench_press","Barbell Reverse Close-grip Bench Press","Chest","Chest","Triceps, Upper Arms","Barbell","UpperArms","UpperArms","1","74","image_target:UpperArms;video_target:UpperArms"
"1056","barbell_weighted_bench_press","Barbell Weighted Bench Press","Chest","Chest","Chest","Barbell","Chest","","1","44","missing_video"
"1057","barbell_wide_bench_press","Barbell Wide Bench Press","Chest","Chest","Chest","Barbell","Chest","Chest","1","74",""
"1058","behind_head_chest_stretch","Behind Head Chest Stretch","Chest","Chest","Chest","Assisted","Chest","","1","44","missing_video"
"1059","bench_dip","Bench Dip","Chest","Triceps","Triceps, Upper Arms","Body weight","UpperArms","","4","44","missing_video;muscle_mismatch:Chest->Triceps;duplicate_group"
"1060","bench_dip_bench_dip_7xj","Bench Dip","Chest","Triceps","Triceps, Upper Arms","Body weight","UpperArms","UpperArms","4","74","muscle_mismatch:Chest->Triceps;duplicate_group"
"1061","bench_dip_bench_dip_2j","Bench Dip","Chest","Triceps","Triceps, Upper Arms","Weighted","UpperArms","","4","44","missing_video;muscle_mismatch:Chest->Triceps;duplicate_group"
"1062","bench_dip_bench_dip_6p","Bench Dip","Chest","Triceps","Triceps, Upper Arms","Body weight","UpperArms","","4","44","missing_video;muscle_mismatch:Chest->Triceps;duplicate_group"
"1063","bench_dip_back_arms","Bench Dip - Back Arms","Chest","Triceps","Upper Arms","Body weight","Back","","1","44","missing_video;muscle_mismatch:Chest->Triceps;image_target:Back"
"1064","bench_dip_on_floor","Bench dip on floor","Chest","Triceps","Triceps, Upper Arms","Body weight","UpperArms","UpperArms","3","74","muscle_mismatch:Chest->Triceps;duplicate_group"
"1065","bench_dip_on_floor_bench_dip_on_floor_79v","Bench dip on floor","Chest","Triceps","Triceps, Upper Arms","Body weight","UpperArms","UpperArms","3","74","muscle_mismatch:Chest->Triceps;duplicate_group"
"1066","bench_dip_on_floor_bench_dip_on_floor_9f1","Bench Dip on floor","Chest","Triceps","Triceps, Upper Arms","Body weight","UpperArms","","3","44","missing_video;muscle_mismatch:Chest->Triceps;duplicate_group"
"1067","bench_dip_with_legs_on_bench","Bench Dip with legs on bench","Chest","Triceps","Triceps, Upper Arms","Body weight","UpperArms","","1","44","missing_video;muscle_mismatch:Chest->Triceps"
"1068","bench_press","Bench Press","Chest","Chest","Chest","Barbell","Chest","Chest","1","74",""
"1069","bent_arm_chest_stretch","Bent Arm Chest Stretch","Chest","Chest","Chest","Body weight","Chest","Chest","1","74",""
"1070","bird_dog_push_up","Bird Dog Push-Up","Chest","Chest","Chest","Body weight","Chest","","1","44","missing_video"
"1071","bodyweight_kneeling_push_up_row","Bodyweight Kneeling Push-up Row","Chest","Chest","Chest","Body weight","Chest","Chest","1","74",""
"1072","burpee_with_push_up","Burpee with Push-up","Chest","Chest","Cardio","Body weight","","","2","44","missing_video;duplicate_group"
"1073","burpee_with_push_up_burpee_with_push_up_8r2","Burpee with Push-up","Chest","Chest","Cardio","Body weight","","","2","44","missing_video;duplicate_group"
"1074","cable_bench_press","Cable Bench Press","Chest","Chest","Chest","Cable","Chest","","3","44","missing_video;duplicate_group"
"1075","cable_bench_press_cable_bench_press_63n","Cable Bench Press","Chest","Chest","Chest","Cable","Chest","Chest","3","74","duplicate_group"
"1076","cable_bench_press_cable_bench_press_6s","Cable Bench Press","Chest","Chest","Chest","Cable","Chest","Chest","3","74","duplicate_group"
"1077","cable_cross_over_variation","Cable Cross-over Variation","Chest","Custom","Chest","Cable","Chest","","1","44","missing_video;image_target:Chest"
"1078","cable_decline_fly_cable_decline_fly_7b1","Cable Decline Fly","Chest","Chest","Chest","Cable","Chest","Chest","2","74","duplicate_group"
"1079","cable_decline_fly","Cable Decline Fly","Chest","Chest","Chest","Cable","Chest","Chest","2","74","duplicate_group"
"1080","cable_decline_one_arm_press","Cable Decline One Arm Press","Chest","Custom","Chest","Cable","Chest","","1","44","missing_video;image_target:Chest"
"1081","cable_decline_press","Cable Decline Press","Chest","Custom","Chest","Cable","Chest","","1","44","missing_video;image_target:Chest"
"1082","cable_fly_with_chest_supported","Cable Fly with Chest Supported","Chest","Chest","Chest","Cable","Chest","","1","44","missing_video"
"1083","cable_incline_bench_press","Cable Incline Bench Press","Chest","Chest","Chest","Cable","Chest","","2","44","missing_video;duplicate_group"
"1084","cable_incline_bench_press_cable_incline_bench_press_645","Cable Incline Bench Press","Chest","Chest","Chest","Cable","Chest","Chest","2","74","duplicate_group"
"1085","cable_incline_fly","Cable Incline Fly","Chest","Chest","Chest","Cable","Chest","Chest","3","74","duplicate_group"
"1086","cable_incline_fly_cable_incline_fly_8g9","Cable Incline Fly","Chest","Chest","Chest","Cable","Chest","Chest","3","74","duplicate_group"
"1087","cable_incline_fly_cable_incline_fly_647","Cable Incline Fly","Chest","Chest","Chest","Cable","Chest","Chest","3","74","duplicate_group"
"1088","cable_low_fly","Cable Low Fly","Chest","Chest","Chest","Cable","Chest","Chest","2","74","duplicate_group"
"1089","cable_low_fly_cable_low_fly_64f","Cable Low Fly","Chest","Chest","Chest","Cable","Chest","Chest","2","74","duplicate_group"
"1090","cable_lying_fly","Cable Lying Fly","Chest","Chest","Chest","Cable","Chest","Chest","2","74","duplicate_group"
"1091","cable_lying_fly_cable_lying_fly_64l","Cable Lying Fly","Chest","Chest","Chest","Cable","Chest","Chest","2","74","duplicate_group"
"1092","cable_middle_fly_cable_middle_fly_7z0","Cable Middle Fly","Chest","Chest","Chest","Cable","Chest","","2","44","missing_video;duplicate_group"
"1093","cable_middle_fly","Cable Middle Fly","Chest","Chest","Chest","Cable","Chest","Chest","2","74","duplicate_group"
"1094","cable_one_arm_decline_chest_fly","Cable One Arm Decline Chest Fly","Chest","Chest","Chest","Cable","Chest","","1","44","missing_video"
"1095","cable_one_arm_fly_on_exercise_ball","Cable One Arm Fly on Exercise Ball","Chest","Chest","Chest","Cable","Chest","","1","44","missing_video"
"1096","cable_one_arm_incline_fly_on_exercise_ball","Cable One Arm Incline Fly on Exercise Ball","Chest","Chest","Chest","Cable","Chest","","1","44","missing_video"
"1097","cable_one_arm_incline_press","Cable One Arm Incline Press","Chest","Custom","Chest","Cable","Chest","","1","44","missing_video;image_target:Chest"
"1098","cable_one_arm_incline_press_on_exercise_ball","Cable One Arm Incline Press on Exercise Ball","Chest","Custom","Chest","Cable","Chest","","1","44","missing_video;image_target:Chest"
"1099","cable_one_arm_lateral_bent_over_cable_one_arm_lateral_bent_over_7b2","Cable One Arm Lateral Bent over","Chest","Custom","Chest","Cable","Chest","","2","44","missing_video;image_target:Chest;duplicate_group"
"1100","cable_one_arm_lateral_bent_over","Cable One Arm Lateral Bent-over","Chest","Custom","Chest","Cable","Chest","","2","74","image_target:Chest;duplicate_group"
"1101","cable_one_arm_press_on_exercise_ball","Cable One Arm Press on Exercise Ball","Chest","Custom","Chest","Cable","Chest","","1","44","missing_video;image_target:Chest"
"1102","cable_press_on_exercise_ball","Cable Press on Exercise Ball","Chest","Custom","Chest","Cable","Chest","","1","44","missing_video;image_target:Chest"
"1103","cable_seated_chest_fly","Cable Seated Chest Fly","Chest","Chest","Chest","Cable","Chest","","1","44","missing_video"
"1104","cable_seated_chest_press","Cable Seated Chest Press","Chest","Chest","Chest","Cable","Chest","","2","44","missing_video;duplicate_group"
"1105","cable_seated_chest_press_cable_seated_chest_press_7rs","Cable Seated Chest Press","Chest","Chest","Chest","Cable","Chest","","2","44","missing_video;duplicate_group"
"1106","cable_standing_alternate_low_fly","Cable Standing Alternate Low Fly","Chest","Chest","Chest","Cable","Chest","","1","44","missing_video"
"1107","cable_standing_chest_press","Cable Standing Chest Press","Chest","Chest","Chest","Cable","Chest","Chest","2","74","duplicate_group"
"1108","cable_standing_chest_press_cable_standing_chest_press_8om","Cable Standing Chest Press","Chest","Chest","Chest","Cable","Chest","Chest","2","74","duplicate_group"
"1109","cable_standing_fly","Cable Standing Fly","Chest","Chest","Chest","Cable","Chest","Chest","1","74",""
"1110","cable_standing_up_straight_crossovers","Cable Standing Up Straight Crossovers","Chest","Custom","Chest","Cable","Chest","Chest","1","74","image_target:Chest;video_target:Chest"
"1111","cable_upper_chest_crossovers","Cable Upper Chest Crossovers","Chest","Chest","Chest","Cable","Chest","Chest","1","74",""
"1112","chest_bench_press_arms","Chest Bench Press - Arms","Chest","Chest","Chest","Barbell","Chest","","1","44","missing_video"
"1113","chest_bench_press_butt","Chest Bench Press - Butt","Chest","Chest","Chest","Barbell","Chest","","1","44","missing_video"
"1114","chest_bench_press_elbows","Chest Bench Press - Elbows","Chest","Chest","Chest","Barbell","Chest","","1","44","missing_video"
"1115","chest_bench_press_grip_width","Chest Bench Press - Grip Width","Chest","Chest","Chest","Barbell","Chest","","1","44","missing_video"
"1116","chest_dip","Chest Dip","Chest","Chest","Chest","Body weight","Chest","Chest","4","74","duplicate_group"
"1117","chest_dip_chest_dip_8v0","Chest Dip","Chest","Chest","Chest","Body weight","Chest","Chest","4","74","duplicate_group"
"1118","chest_dip_chest_dip_6gf","Chest Dip","Chest","Chest","Chest","Body weight","Chest","Chest","4","74","duplicate_group"
"1119","chest_dip_chest_dip_88","Chest Dip","Chest","Chest","Chest","Body weight","Chest","Chest","4","74","duplicate_group"
"1120","chest_dip_on_straight_bar","Chest Dip on Straight Bar","Chest","Chest","Chest","Body weight","Chest","","1","44","missing_video"
"1121","chest_fly_arms","Chest Fly - Arms","Chest","Chest","Chest","Dumbbell","Chest","","1","44","missing_video"
"1122","chest_stretch_with_exercise_ball","Chest Stretch with Exercise Ball","Chest","Chest","Chest","Stability ball","Chest","","1","44","missing_video"
"1123","chest_tap_push_up","Chest Tap Push-up","Chest","Chest","Chest","Body weight","Chest","Chest","1","74",""
"1124","clock_push_up","Clock Push-Up","Chest","Chest","Chest","Body weight","Chest","Chest","1","74",""
"1125","close_grip_bench_press","Close-Grip Bench Press","Chest","Chest","Triceps, Upper Arms","Barbell","UpperArms","UpperArms","1","74","image_target:UpperArms;video_target:UpperArms"
"1126","close_grip_push_up","Close-grip Push-up","Chest","Chest","Triceps, Upper Arms","Body weight","UpperArms","UpperArms","5","74","image_target:UpperArms;video_target:UpperArms;duplicate_group"
"1127","close_grip_push_up_close_grip_push_up_7y5","Close-grip Push-up","Chest","Chest","Triceps, Upper Arms","Body weight","UpperArms","","5","44","missing_video;image_target:UpperArms;duplicate_group"
"1128","close_grip_push_up_close_grip_push_up_6gn","Close-grip Push-up","Chest","Chest","Triceps, Upper Arms","Body weight","UpperArms","UpperArms","5","74","image_target:UpperArms;video_target:UpperArms;duplicate_group"
"1129","close_grip_push_up_close_grip_push_up_80","Close-grip Push-up","Chest","Chest","Triceps, Upper Arms","Body weight","UpperArms","UpperArms","5","74","image_target:UpperArms;video_target:UpperArms;duplicate_group"
"1130","close_grip_push_up_close_grip_push_up_7e6","Close-Grip Push-up","Chest","Chest","Triceps, Upper Arms","Body weight","UpperArms","UpperArms","5","74","image_target:UpperArms;video_target:UpperArms;duplicate_group"
"1131","conner_wall_chest_stretch","Conner Wall Chest Stretch","Chest","Chest","Chest","Body weight","Chest","Chest","1","74",""
"1132","cross_arms_push_up","Cross Arms Push-up","Chest","Chest","Triceps, Upper Arms","Body weight","UpperArms","","1","44","missing_video;image_target:UpperArms"
"1133","cross_over_variation","Cross-over Variation","Chest","Custom","Chest","Cable","Chest","","1","44","missing_video;image_target:Chest"
"1134","decline_bench_press","Decline Bench Press","Chest","Chest","Chest","Barbell","Chest","Chest","2","74","duplicate_group"
"1135","decline_bench_press_decline_bench_press_8o","Decline Bench Press","Chest","Chest","Chest","Dumbbell","Chest","Chest","2","74","duplicate_group"
"1136","decline_fly_decline_fly_6x","Decline Fly","Chest","Chest","Chest","Cable","Chest","Chest","2","74","duplicate_group"
"1137","decline_fly","Decline Fly","Chest","Chest","Chest","Dumbbell","Chest","Chest","2","74","duplicate_group"
"1138","decline_hammer_press","Decline Hammer Press","Chest","Biceps","Chest","Dumbbell","Chest","","1","44","missing_video;muscle_mismatch:Chest->Biceps;image_target:Chest"
"1139","decline_kneeling_push_up_on_box","Decline Kneeling Push-up on Box","Chest","Chest","Chest","Body weight","Chest","Chest","1","74",""
"1140","decline_press","Decline Press","Chest","Custom","Chest","Cable","Chest","","1","44","missing_video;image_target:Chest"
"1141","decline_pullover","Decline Pullover","Chest","Custom","Chest","Barbell","Chest","Chest","1","74","image_target:Chest;video_target:Chest"
"1142","decline_push_up","Decline Push-up","Chest","Chest","Chest","Stability ball","Chest","","5","44","missing_video;duplicate_group"
"1143","decline_push_up_decline_push_up_8e8","Decline Push-up","Chest","Chest","Chest","Body weight","Chest","Chest","5","74","duplicate_group"
"1144","decline_push_up_decline_push_up_6h7","Decline Push-Up","Chest","Chest","Chest","Body weight","Chest","Chest","5","74","duplicate_group"
"1145","decline_push_up_decline_push_up_6h8","Decline Push-Up","Chest","Chest","Chest","Body weight","Chest","Chest","5","74","duplicate_group"
"1146","decline_push_up_decline_push_up_81","Decline Push-Up","Chest","Chest","Chest","Body weight","Chest","Chest","5","74","duplicate_group"
"1147","decline_push_up_against_wall","Decline Push-up against Wall","Chest","Chest","Chest","Body weight","Chest","Chest","1","74",""
"1148","decline_wide_grip_press","Decline Wide-grip Press","Chest","Custom","Chest","Barbell","Chest","","1","44","missing_video;image_target:Chest"
"1149","deep_push_up_deep_push_up_771","Deep Push Up","Chest","Chest","Chest","Dumbbell","Chest","Chest","2","74","duplicate_group"
"1150","deep_push_up","Deep Push-Up","Chest","Chest","Chest","Dumbbell","Chest","Chest","2","74","duplicate_group"
"1151","diamond_press","Diamond Press","Chest","Custom","Back, Chest","Body weight","Back","Back","1","74","image_target:Back;video_target:Back"
"1152","diamond_push_up_diamond_push_up_86g","Diamond Push up","Chest","Chest","Upper Arms","Body weight","UpperArms","UpperArms","3","74","image_target:UpperArms;video_target:UpperArms;duplicate_group"
"1153","diamond_push_up","Diamond Push-up","Chest","Chest","Triceps, Upper Arms","Body weight","UpperArms","UpperArms","3","74","image_target:UpperArms;video_target:UpperArms;duplicate_group"
"1154","diamond_push_up_diamond_push_up_6h1","Diamond Push-up","Chest","Chest","Triceps, Upper Arms","Body weight","UpperArms","UpperArms","3","74","image_target:UpperArms;video_target:UpperArms;duplicate_group"
"1155","dip_hold_isometric","Dip Hold Isometric","Chest","Custom","Chest","Body weight","","","1","44","missing_video"
"1156","dip_on_floor_with_chair","Dip on Floor with Chair","Chest","Custom","Chest","Body weight","Chest","Chest","2","74","image_target:Chest;video_target:Chest;duplicate_group"
"1157","dip_on_floor_with_chair_dip_on_floor_with_chair_8qy","Dip on Floor with Chair","Chest","Custom","Triceps, Upper Arms","Body weight","Chest","Chest","2","74","image_target:Chest;video_target:Chest;duplicate_group"
"1158","dips_between_chairs","Dips between Chairs","Chest","Custom","Triceps, Upper Arms","Body weight","Chest","Chest","1","74","image_target:Chest;video_target:Chest"
"1159","drop_push_up","Drop Push Up","Chest","Chest","Chest","Body weight","Chest","","1","44","missing_video"
"1160","dumbbell_alternate_bench_press","Dumbbell Alternate Bench Press","Chest","Chest","Chest","Dumbbell","Chest","Chest","1","74",""
"1161","dumbbell_alternating_floor_press","Dumbbell Alternating Floor Press","Chest","Custom","Chest","Dumbbell","Chest","","2","44","missing_video;image_target:Chest;duplicate_group"
"1162","dumbbell_alternating_floor_press_dumbbell_alternating_floor_press_843","Dumbbell Alternating Floor Press","Chest","Custom","Chest","Dumbbell","Chest","Chest","2","74","image_target:Chest;video_target:Chest;duplicate_group"
"1163","dumbbell_around_pullover","Dumbbell Around Pullover","Chest","Custom","Chest","Dumbbell","Chest","Chest","1","74","image_target:Chest;video_target:Chest"
"1164","dumbbell_banded_bench_press","Dumbbell Banded Bench Press","Chest","Chest","Chest","Dumbbell","Chest","","1","44","missing_video"
"1165","dumbbell_bench_dip","Dumbbell Bench Dip","Chest","Triceps","Upper Arms","Dumbbell","","","1","24","missing_image;missing_video;muscle_mismatch:Chest->Triceps"
"1166","dumbbell_bench_dip_with_legs_elevated","Dumbbell Bench Dip with Legs Elevated","Chest","Triceps","Upper Arms","Dumbbell","","","1","24","missing_image;missing_video;muscle_mismatch:Chest->Triceps"
"1167","dumbbell_bench_press_dumbbell_bench_press_7u7","Dumbbell Bench Press","Chest","Chest","Chest","Dumbbell","Chest","Chest","3","74","duplicate_group"
"1168","dumbbell_bench_press","Dumbbell Bench Press","Chest","Chest","Chest","Dumbbell","Chest","Chest","3","74","duplicate_group"
"1169","dumbbell_bench_press_dumbbell_bench_press_84","Dumbbell Bench Press","Chest","Chest","Chest","Dumbbell","Chest","Chest","3","74","duplicate_group"
"1170","dumbbell_bent_arm_pullover","Dumbbell Bent Arm Pullover","Chest","Custom","Chest","Dumbbell","Chest","","1","44","missing_video;image_target:Chest"
"1171","dumbbell_bent_arm_pullover_hold_isometric","Dumbbell Bent Arm Pullover Hold Isometric","Chest","Custom","Chest","Dumbbell","","","1","44","missing_video"
"1172","dumbbell_bent_arm_pullover_with_knees_bent","Dumbbell Bent Arm Pullover with Knees Bent","Chest","Custom","Chest","Dumbbell","Chest","","1","44","missing_video;image_target:Chest"
"1173","dumbbell_decline_bench_press","Dumbbell Decline Bench Press","Chest","Chest","Chest","Dumbbell","Chest","Chest","2","74","duplicate_group"
"1174","dumbbell_decline_bench_press_dumbbell_decline_bench_press_6ht","Dumbbell Decline Bench Press","Chest","Chest","Chest","Dumbbell","Chest","Chest","2","74","duplicate_group"
"1175","dumbbell_decline_fly","Dumbbell Decline Fly","Chest","Chest","Chest","Dumbbell","Chest","Chest","1","74",""
"1176","dumbbell_decline_hammer_press","Dumbbell Decline Hammer Press","Chest","Biceps","Chest","Dumbbell","Chest","","1","44","missing_video;muscle_mismatch:Chest->Biceps;image_target:Chest"
"1177","dumbbell_decline_one_arm_fly","Dumbbell Decline One Arm Fly","Chest","Chest","Chest","Dumbbell","Chest","","1","44","missing_video"
"1178","dumbbell_devils_press","Dumbbell Devils Press","Chest","Custom","Chest","Dumbbell","","","1","44","missing_video"
"1179","dumbbell_flat_flye_hold_isometric","Dumbbell Flat Flye Hold Isometric","Chest","Chest","Chest","Dumbbell","","","1","44","missing_video"
"1180","dumbbell_floor_fly","Dumbbell Floor Fly","Chest","Chest","Chest","Dumbbell","Chest","Chest","1","74",""
"1181","dumbbell_fly","Dumbbell Fly","Chest","Chest","Chest","Dumbbell","Chest","Chest","3","74","duplicate_group"
"1182","dumbbell_fly_dumbbell_fly_8jp","Dumbbell Fly","Chest","Chest","Chest","Dumbbell","Chest","","3","44","missing_video;duplicate_group"
"1183","dumbbell_fly_dumbbell_fly_6ha","Dumbbell Fly","Chest","Chest","Chest","Dumbbell","Chest","Chest","3","74","duplicate_group"
"1184","dumbbell_fly_on_exercise_ball","Dumbbell Fly on Exercise Ball","Chest","Chest","Chest","Dumbbell, Stability ball","Chest","Chest","2","74","duplicate_group"
"1185","dumbbell_fly_on_exercise_ball_dumbbell_fly_on_exercise_ball_774","Dumbbell Fly on Exercise Ball","Chest","Chest","Chest","Dumbbell","Chest","Chest","2","74","duplicate_group"
"1186","dumbbell_incline_30_degrees_flye_hold_isometric","Dumbbell Incline 30 degrees Flye Hold Isometric","Chest","Chest","Chest","Dumbbell","","","1","44","missing_video"
"1187","dumbbell_incline_alternate_press","Dumbbell Incline Alternate Press","Chest","Custom","Chest","Dumbbell","Chest","Chest","1","74","image_target:Chest;video_target:Chest"
"1188","dumbbell_incline_bench_press","Dumbbell Incline Bench Press","Chest","Chest","Chest","Dumbbell","Chest","Chest","2","74","duplicate_group"
"1189","dumbbell_incline_bench_press_dumbbell_incline_bench_press_6i6","Dumbbell Incline Bench Press","Chest","Chest","Chest","Dumbbell","Chest","Chest","2","74","duplicate_group"
"1190","dumbbell_incline_breeding","Dumbbell Incline Breeding","Chest","Custom","Chest","Dumbbell","Chest","Chest","1","74","image_target:Chest;video_target:Chest"
"1191","dumbbell_incline_fly","Dumbbell Incline Fly","Chest","Chest","Chest","Dumbbell","Chest","Chest","2","74","duplicate_group"
"1192","dumbbell_incline_fly_dumbbell_incline_fly_6i1","Dumbbell Incline Fly","Chest","Chest","Chest","Dumbbell","Chest","Chest","2","74","duplicate_group"
"1193","dumbbell_incline_fly_on_exercise_ball","Dumbbell Incline Fly on Exercise Ball","Chest","Chest","Chest","Dumbbell, Stability ball","Chest","Chest","2","74","duplicate_group"
"1194","dumbbell_incline_fly_on_exercise_ball_dumbbell_incline_fly_on_exercise_ball_77f","Dumbbell Incline Fly on Exercise Ball","Chest","Chest","Chest","Dumbbell","Chest","Chest","2","74","duplicate_group"
"1195","dumbbell_incline_hammer_press","Dumbbell Incline Hammer Press","Chest","Biceps","Chest","Dumbbell","Chest","Chest","2","74","muscle_mismatch:Chest->Biceps;image_target:Chest;video_target:Chest;duplicate_group"
"1196","dumbbell_incline_hammer_press_dumbbell_incline_hammer_press_6i3","Dumbbell Incline Hammer Press","Chest","Biceps","Chest","Dumbbell","Chest","Chest","2","74","muscle_mismatch:Chest->Biceps;image_target:Chest;video_target:Chest;duplicate_group"
"1197","dumbbell_incline_one_arm_fly","Dumbbell Incline One Arm Fly","Chest","Chest","Chest","Dumbbell","Chest","","1","44","missing_video"
"1198","dumbbell_incline_one_arm_fly_on_exercise_ball","Dumbbell Incline One Arm Fly on Exercise Ball","Chest","Chest","Chest","Dumbbell","Chest","","1","44","missing_video"
"1199","dumbbell_incline_one_arm_press","Dumbbell Incline One Arm Press","Chest","Custom","Chest","Dumbbell","Chest","Chest","1","74","image_target:Chest;video_target:Chest"
"1200","dumbbell_incline_one_arm_press_on_exercise_ball","Dumbbell Incline One Arm Press on Exercise Ball","Chest","Custom","Chest","Dumbbell","Chest","","1","44","missing_video;image_target:Chest"
"1201","dumbbell_incline_palm_in_press","Dumbbell Incline Palm in Press","Chest","Custom","Chest","Dumbbell","Chest","","2","44","missing_video;image_target:Chest;duplicate_group"
"1202","dumbbell_incline_palm_in_press_dumbbell_incline_palm_in_press_6ig","Dumbbell Incline Palm-in Press","Chest","Custom","Chest","Dumbbell","Chest","Chest","2","74","image_target:Chest;video_target:Chest;duplicate_group"
"1203","dumbbell_incline_press_on_exercise_ball_dumbbell_incline_press_on_exercise_ball_7ei","Dumbbell Incline Press on Exercise Ball","Chest","Custom","Chest","Dumbbell, Stability ball","Chest","","2","44","missing_video;image_target:Chest;duplicate_group"
"1204","dumbbell_incline_press_on_exercise_ball","Dumbbell Incline Press on Exercise Ball","Chest","Custom","Chest","Dumbbell","Chest","","2","44","missing_video;image_target:Chest;duplicate_group"
"1205","dumbbell_low_fly","Dumbbell Low Fly","Chest","Chest","Chest","Dumbbell","Chest","Chest","1","74",""
"1206","dumbbell_lying_hammer_press","Dumbbell Lying Hammer Press","Chest","Biceps","Chest","Dumbbell","Chest","Chest","2","74","muscle_mismatch:Chest->Biceps;image_target:Chest;video_target:Chest;duplicate_group"
"1207","dumbbell_lying_hammer_press_dumbbell_lying_hammer_press_6iw","Dumbbell Lying Hammer Press","Chest","Biceps","Chest","Dumbbell","Chest","Chest","2","74","muscle_mismatch:Chest->Biceps;image_target:Chest;video_target:Chest;duplicate_group"
"1208","dumbbell_lying_on_floor_chest_press","Dumbbell Lying on Floor Chest Press","Chest","Chest","Chest","Dumbbell","Chest","Chest","1","74",""
"1209","dumbbell_lying_on_floor_hammer_press","Dumbbell Lying on Floor Hammer Press","Chest","Biceps","Chest","Dumbbell","Chest","","2","44","missing_video;muscle_mismatch:Chest->Biceps;image_target:Chest;duplicate_group"
"1210","dumbbell_lying_on_floor_hammer_press_dumbbell_lying_on_floor_hammer_press_8nj","Dumbbell Lying on Floor Hammer Press","Chest","Biceps","Chest","Dumbbell","Chest","Chest","2","74","muscle_mismatch:Chest->Biceps;image_target:Chest;video_target:Chest;duplicate_group"
"1211","dumbbell_lying_one_arm_press","Dumbbell Lying One Arm Press","Chest","Custom","Chest","Dumbbell","Chest","","3","44","missing_video;image_target:Chest;duplicate_group"
"1212","dumbbell_lying_one_arm_press_dumbbell_lying_one_arm_press_85z","Dumbbell Lying One Arm Press","Chest","Custom","Chest","Dumbbell","Chest","","3","44","missing_video;image_target:Chest;duplicate_group"
"1213","dumbbell_lying_one_arm_press_dumbbell_lying_one_arm_press_6iz","Dumbbell Lying One Arm Press","Chest","Custom","Chest","Dumbbell","Chest","Chest","3","74","image_target:Chest;video_target:Chest;duplicate_group"
"1214","dumbbell_lying_pullover_on_exercise_ball","Dumbbell Lying Pullover on Exercise Ball","Chest","Custom","Chest","Dumbbell","Chest","Chest","1","74","image_target:Chest;video_target:Chest"
"1215","dumbbell_neutral_grip_bench_press","Dumbbell Neutral Grip Bench Press","Chest","Chest","Triceps, Upper Arms","Dumbbell","UpperArms","","1","44","missing_video;image_target:UpperArms"
"1216","dumbbell_one_arm_bench_fly","Dumbbell One Arm Bench Fly","Chest","Chest","Chest","Dumbbell","Chest","","1","44","missing_video"
"1217","dumbbell_one_arm_chest_fly_on_exercise_ball","Dumbbell One Arm Chest Fly on Exercise Ball","Chest","Chest","Chest","Dumbbell","Chest","","1","44","missing_video"
"1218","dumbbell_one_arm_decline_chest_press","Dumbbell One Arm Decline Chest Press","Chest","Chest","Chest","Dumbbell","Chest","","1","44","missing_video"
"1219","dumbbell_one_arm_floor_fly","Dumbbell One Arm Floor Fly","Chest","Chest","Chest","Dumbbell","Chest","Chest","1","74",""
"1220","dumbbell_one_arm_fly_on_exercise_ball","Dumbbell One Arm Fly on Exercise Ball","Chest","Chest","Chest","Dumbbell","Chest","","1","44","missing_video"
"1221","dumbbell_one_arm_incline_chest_press","Dumbbell One Arm Incline Chest Press","Chest","Chest","Chest","Dumbbell","Chest","","1","44","missing_video"
"1222","dumbbell_one_arm_low_fly","Dumbbell One Arm Low Fly","Chest","Chest","Chest","Dumbbell","Chest","Chest","1","74",""
"1223","dumbbell_one_arm_press","Dumbbell One Arm Press","Chest","Custom","Chest","Dumbbell","Chest","","1","44","missing_video;image_target:Chest"
"1224","dumbbell_one_arm_press_on_exercise_ball","Dumbbell One Arm Press on Exercise Ball","Chest","Custom","Chest","Dumbbell","Chest","","1","44","missing_video;image_target:Chest"
"1225","dumbbell_one_arm_pullover_on_exercise_ball","Dumbbell One Arm Pullover on Exercise Ball","Chest","Custom","Chest","Dumbbell","Chest","","1","44","missing_video;image_target:Chest"
"1226","dumbbell_one_arm_reverse_grip_press","Dumbbell One Arm Reverse Grip Press","Chest","Custom","Chest","Dumbbell","Chest","","1","44","missing_video;image_target:Chest"
"1227","dumbbell_one_arm_wide_grip_bench_press","Dumbbell One Arm Wide-Grip Bench Press","Chest","Chest","Chest","Dumbbell","Chest","Chest","1","74",""
"1228","dumbbell_one_leg_fly_on_exercise_ball","Dumbbell One Leg Fly on Exercise Ball","Chest","Chest","Chest","Dumbbell","Chest","","1","44","missing_video"
"1229","dumbbell_press_on_exercise_ball_dumbbell_press_on_exercise_ball_8ge","Dumbbell Press on Exercise Ball","Chest","Custom","Chest","Dumbbell, Stability ball","Chest","","2","44","missing_video;image_target:Chest;duplicate_group"
"1230","dumbbell_press_on_exercise_ball","Dumbbell Press on Exercise Ball","Chest","Custom","Chest","Dumbbell","Chest","","2","44","missing_video;image_target:Chest;duplicate_group"
"1231","dumbbell_pullover","Dumbbell Pullover","Chest","Custom","Chest","Dumbbell","Chest","Chest","1","74","image_target:Chest;video_target:Chest"
"1232","dumbbell_pullover_hip_extension_on_exercise_ball","Dumbbell Pullover Hip Extension on Exercise Ball","Chest","Custom","Chest","Dumbbell","Chest","Glutes","1","74","image_target:Chest;video_target:Glutes"
"1233","dumbbell_pullover_on_exercise_ball_dumbbell_pullover_on_exercise_ball_7e2","Dumbbell Pullover on Exercise Ball","Chest","Custom","Back","Dumbbell, Stability ball","Chest","Chest","2","74","image_target:Chest;video_target:Chest;duplicate_group"
"1234","dumbbell_pullover_on_exercise_ball","Dumbbell Pullover on Exercise Ball","Chest","Custom","Chest","Dumbbell","Chest","Chest","2","74","image_target:Chest;video_target:Chest;duplicate_group"
"1235","dumbbell_reverse_bench_press","Dumbbell Reverse Bench Press","Chest","Chest","Triceps, Upper Arms","Dumbbell","Chest","","1","44","missing_video"
"1236","dumbbell_seated_upright_alternate_squeeze_press","Dumbbell Seated Upright Alternate Squeeze Press","Chest","Custom","Chest","Dumbbell","Chest","","1","44","missing_video;image_target:Chest"
"1237","dumbbell_squeeze_bench_press","Dumbbell Squeeze Bench Press","Chest","Chest","Chest","Dumbbell","Chest","Chest","1","74",""
"1238","dumbbell_straight_arm_pullover","Dumbbell Straight Arm Pullover","Chest","Custom","Back","Dumbbell","Chest","Chest","4","74","image_target:Chest;video_target:Chest;duplicate_group"
"1239","dumbbell_straight_arm_pullover_dumbbell_straight_arm_pullover_8jc","Dumbbell Straight Arm Pullover","Chest","Custom","Chest","Dumbbell","Chest","","4","44","missing_video;image_target:Chest;duplicate_group"
"1240","dumbbell_straight_arm_pullover_dumbbell_straight_arm_pullover_8jq","Dumbbell Straight Arm Pullover","Chest","Custom","Chest","Dumbbell","Chest","","4","44","missing_video;image_target:Chest;duplicate_group"
"1241","dumbbell_straight_arm_pullover_dumbbell_straight_arm_pullover_6lh","Dumbbell Straight Arm Pullover","Chest","Custom","Chest","Dumbbell","Chest","Chest","4","74","image_target:Chest;video_target:Chest;duplicate_group"
"1242","dumbbell_svend_press","Dumbbell Svend Press","Chest","Custom","Chest","Dumbbell","Chest","","2","44","missing_video;image_target:Chest;duplicate_group"
"1243","dumbbell_svend_press_dumbbell_svend_press_8r7","Dumbbell Svend Press","Chest","Custom","Chest","Dumbbell","Chest","Chest","2","74","image_target:Chest;video_target:Chest;duplicate_group"
"1244","dumbbells_straight_arm_pullover","Dumbbells Straight Arm Pullover","Chest","Custom","Chest","Dumbbell","Chest","","1","44","missing_video;image_target:Chest"
"1245","dynamic_chest_stretch","Dynamic Chest Stretch","Chest","Chest","Chest","Body weight","Chest","Chest","2","74","duplicate_group"
"1246","dynamic_chest_stretch_dynamic_chest_stretch_6lp","Dynamic Chest Stretch","Chest","Chest","Chest","Body weight","Chest","Chest","2","74","duplicate_group"
"1247","elbow_dips","Elbow dips","Chest","Custom","Triceps, Upper Arms","Body weight","UpperArms","","1","44","missing_video;image_target:UpperArms"
"1248","elbow_lift_reverse_push_up","Elbow Lift - Reverse Push-Up","Chest","Chest","Back","Body weight","Back","Back","1","74","image_target:Back;video_target:Back"
"1249","elbows_back_stretch_elbows_back_stretch_9mb","Elbows Back Stretch","Chest","Back","Back, Chest","Body weight","Chest","Chest","2","74","muscle_mismatch:Chest->Back;image_target:Chest;video_target:Chest;duplicate_group"
"1250","elbows_back_stretch","Elbows Back Stretch","Chest","Back","Chest","Body weight","Chest","Chest","2","74","muscle_mismatch:Chest->Back;image_target:Chest;video_target:Chest;duplicate_group"
"1251","elevanted_push_up","Elevanted Push-Up","Chest","Chest","Chest","Body weight","Chest","Chest","1","74",""
"1252","exercise_ball_dip","Exercise Ball Dip","Chest","Custom","Upper Arms","Stability ball","UpperArms","","1","44","missing_video;image_target:UpperArms"
"1253","exercise_ball_pike_push_up","Exercise Ball Pike Push up","Chest","Chest","Chest","Stability ball","Chest","","1","44","missing_video"
"1254","ez_barbell_jm_bench_press","EZ Barbell JM Bench Press","Chest","Chest","Triceps, Upper Arms","EZ Barbell","UpperArms","","1","44","missing_video;image_target:UpperArms"
"1255","ez_bar_close_grip_bench_press_ez_bar_close_grip_bench_press_7ye","EZ-bar Close-Grip Bench Press","Chest","Chest","Triceps, Upper Arms","EZ Barbell","UpperArms","UpperArms","2","74","image_target:UpperArms;video_target:UpperArms;duplicate_group"
"1256","ez_bar_close_grip_bench_press","EZ-bar Close-Grip Bench Press","Chest","Chest","Triceps, Upper Arms","EZ Barbell","UpperArms","UpperArms","2","74","image_target:UpperArms;video_target:UpperArms;duplicate_group"
"1257","finger_push_up","Finger Push-up","Chest","Forearms","Chest","Body weight","Chest","Chest","1","74","muscle_mismatch:Chest->Forearms;image_target:Chest;video_target:Chest;reviewed_forearm_rule"
"1258","floor_fly","Floor Fly","Chest","Chest","Chest","Barbell","Chest","","1","44","missing_video"
"1259","floor_fly_with_towels","Floor Fly with Towels","Chest","Chest","Chest","Body weight","Chest","","1","44","missing_video"
"1260","fly","Fly","Chest","Chest","Chest","Dumbbell","Chest","Chest","1","74",""
"1261","fly_agains_chains","Fly agains Chains","Chest","Chest","Chest","Body weight","Chest","","1","44","missing_video"
"1262","full_planche_push_up","Full Planche Push-Up","Chest","Chest","Upper Arms","Body weight","","","1","74",""
"1263","grasshopper_push_up","Grasshopper Push-up","Chest","Chest","Back","Body weight","Back","","1","44","missing_video;image_target:Back"
"1264","half_kneeling_pvc_pec_mobilization_stretch","Half Kneeling PVC Pec Mobilization Stretch","Chest","Chest","Chest","Stick","Chest","","1","44","missing_video"
"1265","hammer_grip_pull_up_on_dip_cage","Hammer Grip Pull-up on Dip Cage","Chest","Biceps","Back","Body weight","Back","Back","2","74","muscle_mismatch:Chest->Biceps;image_target:Back;video_target:Back;duplicate_group"
"1266","hammer_grip_pull_up_on_dip_cage_hammer_grip_pull_up_on_dip_cage_h1","Hammer Grip Pull-up on Dip Cage","Chest","Biceps","Back","Body weight","Back","Back","2","74","muscle_mismatch:Chest->Biceps;image_target:Back;video_target:Back;duplicate_group"
"1267","hands_release_push_up","Hands Release Push-Up","Chest","Chest","Chest","Body weight","Chest","","1","44","missing_video"
"1268","handstand_push_up","Handstand Push-Up","Chest","Chest","Triceps, Upper Arms","Body weight","UpperArms","UpperArms","1","74","image_target:UpperArms;video_target:UpperArms"
"1269","hyght_dumbbell_fly","Hyght Dumbbell Fly","Chest","Chest","Chest","Dumbbell","Chest","","2","44","missing_video;duplicate_group"
"1270","hyght_dumbbell_fly_hyght_dumbbell_fly_8l6","Hyght Dumbbell Fly","Chest","Chest","Chest","Dumbbell","Chest","","2","44","missing_video;duplicate_group"
"1271","impossible_dips","Impossible dips","Chest","Custom","Upper Arms","Body weight","UpperArms","","1","44","missing_video;image_target:UpperArms"
"1272","incline_bench_press","Incline Bench Press","Chest","Chest","Chest","Cable","Chest","Chest","3","74","duplicate_group"
"1273","incline_bench_press_incline_bench_press_8x","Incline Bench Press","Chest","Chest","Chest","Dumbbell","Chest","Chest","3","74","duplicate_group"
"1274","incline_bench_press_incline_bench_press_p","Incline Bench Press","Chest","Chest","Chest","Barbell","Chest","Chest","3","74","duplicate_group"
"1275","incline_fly","Incline Fly","Chest","Chest","Chest","Cable","Chest","Chest","2","74","duplicate_group"
"1276","incline_fly_incline_fly_8y","Incline Fly","Chest","Chest","Chest","Dumbbell","Chest","Chest","2","74","duplicate_group"
"1277","incline_push_press","Incline Push Press","Chest","Custom","Chest","Body weight","Chest","Chest","1","74","image_target:Chest;video_target:Chest"
"1278","incline_push_up_depth_jump","Incline Push Up Depth Jump","Chest","Chest","Chest","Body weight","Chest","","1","44","missing_video"
"1279","incline_push_up_incline_push_up_6n5","Incline Push-up","Chest","Chest","Chest","Body weight","Chest","Chest","2","74","duplicate_group"
"1280","incline_push_up","Incline Push-Up","Chest","Chest","Chest","Body weight","Chest","","2","74","duplicate_group"
"1281","incline_reverse_grip_push_up_incline_reverse_grip_push_up_0p","Incline Reverse Grip Push-Up","Chest","Chest","Chest","Body weight","Chest","","2","44","missing_video;duplicate_group"
"1282","incline_reverse_grip_push_up","Incline Reverse Grip Push-Up","Chest","Chest","Chest","Body weight","Chest","","2","44","missing_video;duplicate_group"
"1283","incline_reverse_grip_30_degrees_bench_press","Incline reverse-grip 30 degrees bench press","Chest","Chest","Chest","Dumbbell","Chest","","1","44","missing_video"
"1284","incline_scapula_push_up","Incline Scapula Push up","Chest","Chest","Chest","Body weight","Chest","","1","44","missing_video"
"1285","incline_wide_reverse_grip_bench_press","Incline Wide Reverse-grip Bench Press","Chest","Chest","Chest","Barbell","Chest","","1","44","missing_video"
"1286","intercostal","Intercostal","Chest","Custom","Chest","Body weight","","","1","24","missing_image;missing_video"
"1287","isometric_chest_squeeze","Isometric Chest Squeeze","Chest","Chest","Chest","Body weight","Chest","","1","44","missing_video"
"1288","isometric_wipers","Isometric Wipers","Chest","Custom","Chest","Body weight","Chest","","1","44","missing_video;image_target:Chest"
"1289","jack_burpee_with_push_up","Jack Burpee with Push-Up","Chest","Chest","Cardio","Body weight","","","1","44","missing_video"
"1290","kettlebell_alternating_press_on_floor_kettlebell_alternating_press_on_floor_7bv","Kettlebell Alternating Press on Floor","Chest","Custom","Chest","Kettlebell","Chest","","2","44","missing_video;image_target:Chest;duplicate_group"
"1291","kettlebell_alternating_press_on_floor","Kettlebell Alternating Press on Floor","Chest","Custom","Chest","Kettlebell","Chest","Chest","2","74","image_target:Chest;video_target:Chest;duplicate_group"
"1292","kettlebell_bottom_up_one_arm_bench_press","Kettlebell Bottom Up One Arm Bench Press","Chest","Chest","Chest","Kettlebell","Chest","","1","44","missing_video"
"1293","kettlebell_deep_push_up","Kettlebell Deep Push-Up","Chest","Chest","Chest","Kettlebell","Chest","","1","44","missing_video"
"1294","kettlebell_extended_range_one_arm_press_on_floor","Kettlebell Extended Range One Arm Press on Floor","Chest","Custom","Chest","Kettlebell","Chest","","1","44","missing_video;image_target:Chest"
"1295","kettlebell_one_arm_bench_press","Kettlebell One Arm Bench Press","Chest","Chest","Chest","Kettlebell","Chest","","1","44","missing_video"
"1296","kettlebell_one_arm_floor_press","Kettlebell One Arm Floor Press","Chest","Custom","Chest","Kettlebell","Chest","Chest","1","74","image_target:Chest;video_target:Chest"
"1297","kettlebell_plyo_push_up","Kettlebell Plyo Push-up","Chest","Chest","Chest","Kettlebell","Chest","","1","44","missing_video"
"1298","kettlebell_press_up","Kettlebell Press-Up","Chest","Custom","Chest","Kettlebell","Chest","","1","44","missing_video;image_target:Chest"
"1299","kneeling_chest_stretch","Kneeling Chest Stretch","Chest","Chest","Chest","Body weight","Chest","","1","44","missing_video"
"1300","kneeling_push_up","Kneeling Push-up","Chest","Chest","Chest","Body weight","","Chest","1","74",""
"1301","kneeling_scapular_push_up","Kneeling Scapular Push-Up","Chest","Chest","Back","Body weight","Back","","1","44","missing_video;image_target:Back"
"1302","kneeling_wide_hand_push_up","Kneeling Wide Hand Push-Up","Chest","Chest","Chest","Body weight","Chest","","1","44","missing_video"
"1303","knuckle_push_up","Knuckle Push-Up","Chest","Chest","Chest","Body weight","Chest","","1","44","missing_video"
"1304","korean_dips","Korean dips","Chest","Custom","Chest","Body weight","Chest","","1","44","missing_video;image_target:Chest"
"1305","landmine_floor_one_arm_chest_fly","Landmine Floor One Arm Chest Fly","Chest","Chest","Chest","Leverage machine","Chest","","1","44","missing_video"
"1306","landmine_kneeling_squeeze_press","Landmine Kneeling Squeeze Press","Chest","Custom","Chest","Leverage machine","Chest","Chest","1","74","image_target:Chest;video_target:Chest"
"1307","lever_banded_chest_press","Lever Banded Chest Press","Chest","Chest","Chest","Leverage machine","Chest","","1","44","missing_video"
"1308","lever_chest_press_lever_chest_press_6pg","Lever Chest Press","Chest","Chest","Chest","Leverage machine","Chest","Chest","8","74","duplicate_group"
"1309","lever_chest_press","Lever Chest Press","Chest","Chest","Chest","Leverage machine","Chest","Chest","8","74","duplicate_group"
"1310","lever_chest_press_lever_chest_press_7zr","Lever Chest Press","Chest","Chest","Chest","Leverage machine","Chest","Chest","8","74","duplicate_group"
"1311","lever_chest_press_lever_chest_press_7zs","Lever Chest Press","Chest","Chest","Chest","Leverage machine","Chest","","8","44","missing_video;duplicate_group"
"1312","lever_chest_press_lever_chest_press_0t","Lever Chest Press","Chest","Chest","Chest","Leverage machine","Chest","Chest","8","74","duplicate_group"
"1313","lever_chest_press_lever_chest_press_0u","Lever Chest Press","Chest","Chest","Chest","Leverage machine","Chest","Chest","8","74","duplicate_group"
"1314","lever_chest_press_lever_chest_press_6ph","Lever Chest Press","Chest","Chest","Chest","Leverage machine","Chest","Chest","8","74","duplicate_group"
"1315","lever_chest_press_lever_chest_press_fh","Lever Chest Press","Chest","Chest","Chest","Leverage machine","Chest","","8","44","missing_video;duplicate_group"
"1316","lever_crossovers","Lever Crossovers","Chest","Custom","Chest","Leverage machine","Chest","","1","74","image_target:Chest"
"1317","lever_decline_chest_press_lever_decline_chest_press_7uu","Lever Decline Chest Press","Chest","Chest","Chest","Leverage machine","Chest","Chest","3","74","duplicate_group"
"1318","lever_decline_chest_press","Lever Decline Chest Press","Chest","Chest","Chest","Leverage machine","Chest","","3","44","missing_video;duplicate_group"
"1319","lever_decline_chest_press_lever_decline_chest_press_48","Lever Decline Chest Press","Chest","Chest","Chest","Leverage machine","Chest","Chest","3","74","duplicate_group"
"1320","lever_incline_chest_press","Lever Incline Chest Press","Chest","Chest","Chest","Leverage machine","Chest","","4","44","missing_video;duplicate_group"
"1321","lever_incline_chest_press_lever_incline_chest_press_854","Lever Incline Chest Press","Chest","Chest","Chest","Leverage machine","Chest","Chest","4","74","duplicate_group"
"1322","lever_incline_chest_press_lever_incline_chest_press_47","Lever Incline Chest Press","Chest","Chest","Chest","Leverage machine","Chest","Chest","4","74","duplicate_group"
"1323","lever_incline_chest_press_lever_incline_chest_press_fo","Lever Incline Chest Press","Chest","Chest","Chest","Leverage machine","Chest","Chest","4","74","duplicate_group"
"1324","lever_incline_hammer_chest_press","Lever Incline Hammer Chest Press","Chest","Biceps","Chest","Leverage machine","Chest","Chest","2","74","muscle_mismatch:Chest->Biceps;image_target:Chest;video_target:Chest;duplicate_group"
"1325","lever_incline_hammer_chest_press_lever_incline_hammer_chest_press_3i","Lever Incline Hammer Chest Press","Chest","Biceps","Chest","Leverage machine","Chest","Chest","2","74","muscle_mismatch:Chest->Biceps;image_target:Chest;video_target:Chest;duplicate_group"
"1326","lever_incline_one_arm_chest_press","Lever Incline One Arm Chest Press","Chest","Chest","Chest","Leverage machine","Chest","","1","44","missing_video"
"1327","lever_lying_chest_press_lever_lying_chest_press_8vl","Lever Lying Chest Press","Chest","Chest","Chest","Leverage machine","Chest","Chest","2","74","duplicate_group"
"1328","lever_lying_chest_press","Lever Lying Chest Press","Chest","Chest","Chest","Leverage machine","Chest","Chest","2","74","duplicate_group"
"1329","lever_one_arm_chest_press","Lever One Arm Chest Press","Chest","Chest","Chest","Leverage machine","Chest","","2","44","missing_video;duplicate_group"
"1330","lever_one_arm_chest_press_lever_one_arm_chest_press_846","Lever One Arm Chest Press","Chest","Chest","Chest","Leverage machine","Chest","","2","44","missing_video;duplicate_group"
"1331","lever_parallel_chest_press","Lever Parallel Chest Press","Chest","Chest","Chest","Leverage machine","Chest","","1","44","missing_video"
"1332","lever_pec_deck_fly_lever_pec_deck_fly_7yy","Lever Pec Deck Fly","Chest","Chest","Chest","Leverage machine","Chest","Chest","2","74","duplicate_group"
"1333","lever_pec_deck_fly","Lever Pec Deck Fly","Chest","Chest","Chest","Leverage machine","Chest","Chest","2","74","duplicate_group"
"1334","lever_seated_dip","Lever Seated Dip","Chest","Custom","Triceps, Upper Arms","Leverage machine","UpperArms","UpperArms","2","74","image_target:UpperArms;video_target:UpperArms;duplicate_group"
"1335","lever_seated_dip_lever_seated_dip_ff","Lever Seated Dip","Chest","Custom","Triceps, Upper Arms","Leverage machine","UpperArms","UpperArms","2","74","image_target:UpperArms;video_target:UpperArms;duplicate_group"
"1336","lever_seated_fly_lever_seated_fly_7u8","Lever Seated Fly","Chest","Chest","Chest","Leverage machine","Chest","Chest","3","74","duplicate_group"
"1337","lever_seated_fly_lever_seated_fly_18","Lever Seated Fly","Chest","Chest","Chest","Leverage machine","Chest","Chest","3","74","duplicate_group"
"1338","lever_seated_fly","Lever Seated Fly","Chest","Chest","Chest","Leverage machine","Chest","Chest","3","74","duplicate_group"
"1339","lever_standing_chest_press","Lever Standing Chest Press","Chest","Chest","Chest","Leverage machine","Chest","","1","44","missing_video"
"1340","low_fly","Low Fly","Chest","Chest","Chest","Cable","Chest","Chest","1","74",""
"1341","lying_fly","Lying Fly","Chest","Chest","Chest","Cable","Chest","Chest","1","74",""
"1342","lying_hammer_press","Lying Hammer Press","Chest","Biceps","Chest","Dumbbell","Chest","","2","74","muscle_mismatch:Chest->Biceps;image_target:Chest;duplicate_group"
"1343","lying_hammer_press_lying_hammer_press_90","Lying Hammer Press","Chest","Biceps","Chest","Dumbbell","Chest","Chest","2","74","muscle_mismatch:Chest->Biceps;image_target:Chest;video_target:Chest;duplicate_group"
"1344","machine_inner_chest_press","Machine Inner Chest Press","Chest","Chest","Chest","Leverage machine","Chest","","1","44","missing_video"
"1345","medicine_ball_chest_pass","Medicine Ball Chest Pass","Chest","Chest","Chest","Medicine Ball","Chest","","1","44","missing_video"
"1346","medicine_ball_chest_push_from_3_point_stance","Medicine Ball Chest Push from 3 Point Stance","Chest","Chest","Chest","Medicine Ball","Chest","","1","44","missing_video"
"1347","medicine_ball_chest_push_multiple_response","Medicine Ball Chest Push Multiple Response","Chest","Chest","Chest","Medicine Ball","Chest","","1","44","missing_video"
"1348","medicine_ball_chest_push_single_response","Medicine Ball Chest Push Single Response","Chest","Chest","Chest","Medicine Ball","Chest","","1","44","missing_video"
"1349","medicine_ball_chest_push_with_run_release","Medicine Ball Chest Push with Run Release","Chest","Chest","Chest","Medicine Ball","Chest","","1","44","missing_video"
"1350","medicine_ball_half_kneeling_chest_push","Medicine Ball Half Kneeling Chest Push","Chest","Chest","Chest","Medicine Ball","Chest","","1","44","missing_video"
"1351","medicine_ball_standing_overhead_throw","Medicine Ball Standing Overhead Throw","Chest","Back","Triceps, Upper Arms","Medicine Ball","Chest","","1","44","missing_video;muscle_mismatch:Chest->Back;image_target:Chest"
"1352","medicine_ball_supine_chest_throw","Medicine Ball Supine Chest Throw","Chest","Chest","Upper Arms","Medicine Ball","UpperArms","UpperArms","1","74","image_target:UpperArms;video_target:UpperArms"
"1353","middle_fly","Middle Fly","Chest","Chest","Chest","Cable","Chest","Chest","1","74",""
"1354","modified_hindu_push_up","Modified Hindu Push-up","Chest","Chest","Chest","Body weight","","","1","74",""
"1355","narrow_push_up_on_exercise_ball","Narrow Push-Up on Exercise Ball","Chest","Chest","Triceps, Upper Arms","Stability ball","UpperArms","","1","44","missing_video;image_target:UpperArms"
"1356","one_arm_dip","One Arm Dip","Chest","Custom","Triceps, Upper Arms","Body weight","UpperArms","","1","44","missing_video;image_target:UpperArms"
"1357","one_side_archer_push_up","One Side Archer Push-up","Chest","Chest","Chest","Body weight","Chest","Chest","1","74",""
"1358","over_head_straight_arm_stretch","Over Head Straight Arm Stretch","Chest","Custom","Chest","Body weight","Chest","","1","44","missing_video;image_target:Chest"
"1359","palms_in_incline_bench_press","Palms In Incline Bench Press","Chest","Chest","Upper Arms","Dumbbell","UpperArms","","1","74","image_target:UpperArms"
"1360","pectoralis_major","Pectoralis Major","Chest","Chest","Chest","Body weight","","","1","24","missing_image;missing_video"
"1361","pectoralis_major_calvicular","Pectoralis Major Calvicular","Chest","Chest","Chest","Body weight","","","1","24","missing_image;missing_video"
"1362","pectoralis_major_sternal_head","Pectoralis Major Sternal Head","Chest","Chest","Chest","Body weight","","","1","24","missing_image;missing_video"
"1363","pectoralis_minor","Pectoralis minor","Chest","Chest","Chest","Body weight","","","1","24","missing_image;missing_video"
"1364","pike_push_up_pike_push_up_8p0","Pike Push up","Chest","Chest","Chest","Body weight","Chest","Chest","5","74","duplicate_group"
"1365","pike_push_up_pike_push_up_82o","Pike Push up","Chest","Chest","Chest","Body weight","Chest","Chest","5","74","duplicate_group"
"1366","pike_push_up","Pike Push-up","Chest","Chest","Chest","Body weight","Chest","","5","44","missing_video;duplicate_group"
"1367","pike_push_up_pike_push_up_807","Pike Push-up","Chest","Chest","Chest","Body weight","Chest","","5","44","missing_video;duplicate_group"
"1368","pike_push_up_pike_push_up_8b6","Pike Push-up","Chest","Chest","Chest","Body weight","Chest","Chest","5","74","duplicate_group"
"1369","plyo_push_up","Plyo Push Up","Chest","Chest","Chest","Body weight","Chest","","1","44","missing_video"
"1370","power_push_aways","Power Push Aways","Chest","Custom","Back, Chest","Body weight","Back","","1","44","missing_video;image_target:Back"
"1371","pseudo_planche_push_up","Pseudo Planche Push-up","Chest","Chest","Chest","Body weight","Chest","Chest","1","74",""
"1372","pullover","Pullover","Chest","Custom","Chest","Dumbbell","Chest","Chest","1","74","image_target:Chest;video_target:Chest"
"1373","push_and_pull_bodyweight","Push and Pull Bodyweight","Chest","Custom","Chest","Body weight","Chest","","1","44","missing_video;image_target:Chest"
"1374","push_up_push_up_85y","Push Up","Chest","Chest","Chest","Stability ball","Chest","","14","44","missing_video;duplicate_group"
"1375","push_up_on_bosu_ball","Push Up on Bosu Ball","Chest","Chest","Chest","Bosu ball","Chest","","1","44","missing_video"
"1376","push_with_chair","Push with Chair","Chest","Custom","Chest","Body weight","Chest","","1","44","missing_video;image_target:Chest"
"1377","push_up_push_up_6rl","Push-up","Chest","Chest","Chest","Bosu ball","Chest","Chest","14","74","duplicate_group"
"1378","push_up","Push-up","Chest","Chest","Cardio","Body weight","","","14","44","missing_video;duplicate_group"
"1379","push_up_push_up_6rn","Push-up","Chest","Chest","Chest","Stability ball","Chest","","14","44","missing_video;duplicate_group"
"1380","push_up_push_up_6rp","Push-up","Chest","Chest","Chest","Stability ball","Chest","","14","44","missing_video;duplicate_group"
"1381","push_up_push_up_6rq","Push-up","Chest","Chest","Chest","Body weight","Chest","Chest","14","74","duplicate_group"
"1382","push_up_push_up_6rr","Push-up","Chest","Chest","Chest","Body weight","Chest","","14","44","missing_video;duplicate_group"
"1383","push_up_push_up_71p","Push-up","Chest","Chest","Chest","Body weight","Chest","","14","44","missing_video;duplicate_group"
"1384","push_up_push_up_75j","Push-up","Chest","Chest","Chest","Body weight","Chest","Chest","14","74","duplicate_group"
"1385","push_up_push_up_7e5","Push-up","Chest","Chest","Chest","Body weight","Chest","Chest","14","74","duplicate_group"
"1386","push_up_push_up_1j","Push-up","Chest","Chest","Chest","Body weight","Chest","Chest","14","74","duplicate_group"
"1387","push_up_push_up_6ru","Push-up","Chest","Chest","Chest","Body weight","Chest","Chest","14","74","duplicate_group"
"1388","push_up_push_up_6rx","Push-up","Chest","Chest","Chest","Body weight","Chest","Chest","14","74","duplicate_group"
"1389","push_up_push_up_6ro","Push-Up","Chest","Chest","Chest","Stability ball","","","14","44","missing_video;duplicate_group"
"1390","push_up_end_position","Push-up - End position","Chest","Chest","Chest","Body weight","","","1","44","missing_video"
"1391","push_up_start_position","Push-up - Start position","Chest","Chest","Chest","Body weight","","","1","44","missing_video"
"1392","push_up_hand_by_hand","Push-up Hand by Hand","Chest","Chest","Triceps, Upper Arms","Body weight","Chest","","1","44","missing_video"
"1393","push_up_medicine_ball","Push-Up Medicine Ball","Chest","Chest","Chest","Medicine Ball","Chest","Chest","1","74",""
"1394","push_up_plus","Push-Up Plus","Chest","Chest","Chest","Body weight","Chest","Chest","2","74","duplicate_group"
"1395","push_up_plus_push_up_plus_8iw","Push-Up Plus","Chest","Chest","Chest","Body weight","Chest","Chest","2","74","duplicate_group"
"1396","push_up_pose","Push-up Pose","Chest","Chest","Chest","Body weight","","","1","24","missing_image;missing_video"
"1397","raise_single_arm_push_up","Raise Single Arm Push-up","Chest","Chest","Chest","Body weight","Chest","","1","44","missing_video"
"1398","raise_single_leg_push_up","Raise Single Leg Push-up","Chest","Chest","Chest","Body weight","Chest","Chest","1","74",""
"1399","resistance_band_punch","Resistance Band Punch","Chest","Custom","Chest","Resistance Band","Chest","","1","44","missing_video;image_target:Chest"
"1400","resistance_band_push_up","Resistance Band Push-Up","Chest","Chest","Chest","Resistance Band","Chest","Chest","1","74",""
"1401","resistance_band_seated_chest_press","Resistance Band Seated Chest Press","Chest","Chest","Chest","Resistance Band","Chest","","2","44","missing_video;duplicate_group"
"1402","resistance_band_seated_chest_press_resistance_band_seated_chest_press_8i1","Resistance Band Seated Chest Press","Chest","Chest","Chest","Resistance Band","UpperArms","","2","44","missing_video;image_target:UpperArms;duplicate_group"
"1403","reverse_bench_press","Reverse Bench Press","Chest","Chest","Chest","Dumbbell","Chest","","1","44","missing_video"
"1404","reverse_chest_stretch","Reverse Chest Stretch","Chest","Chest","Chest","Body weight","Chest","","1","44","missing_video"
"1405","reverse_dip","Reverse Dip","Chest","Custom","Triceps, Upper Arms","Body weight","UpperArms","UpperArms","3","74","image_target:UpperArms;video_target:UpperArms;duplicate_group"
"1406","reverse_dip_reverse_dip_1l","Reverse Dip","Chest","Custom","Triceps, Upper Arms","Body weight","UpperArms","UpperArms","3","74","image_target:UpperArms;video_target:UpperArms;duplicate_group"
"1407","reverse_dip_reverse_dip_6re","Reverse Dip","Chest","Custom","Triceps, Upper Arms","Body weight","UpperArms","UpperArms","3","74","image_target:UpperArms;video_target:UpperArms;duplicate_group"
"1408","reverse_grip_decline_bench_press","Reverse Grip Decline Bench Press","Chest","Chest","Chest","Barbell","Chest","","1","44","missing_video"
"1409","reverse_grip_incline_bench_press","Reverse Grip Incline Bench Press","Chest","Chest","Chest","Barbell","Chest","","1","44","missing_video"
"1410","reverse_push_up","Reverse Push-up","Chest","Chest","Triceps, Upper Arms","Body weight","UpperArms","UpperArms","1","74","image_target:UpperArms;video_target:UpperArms"
"1411","ring_dips","Ring Dips","Chest","Custom","Triceps, Upper Arms","Body weight","UpperArms","UpperArms","1","74","image_target:UpperArms;video_target:UpperArms"
"1412","roll_ball_pectoralis_major_clavicular","Roll Ball Pectoralis Major - Clavicular","Chest","Chest","Chest","Rollball","Chest","","1","44","missing_video"
"1413","roll_ball_pectoralis_major_sternal","Roll Ball Pectoralis Major - Sternal","Chest","Chest","Chest","Rollball","Chest","","1","44","missing_video"
"1414","roll_ball_pectorial_release","Roll Ball Pectorial Release","Chest","Chest","Chest","Rollball","Chest","Chest","1","74",""
"1415","roll_pec_foam_rolling","Roll Pec Foam Rolling","Chest","Chest","Chest","Roll","Chest","Chest","1","74",""
"1416","scapula_dips","Scapula Dips","Chest","Custom","Back","Body weight","Back","Back","2","74","image_target:Back;video_target:Back;duplicate_group"
"1417","scapula_dips_scapula_dips_8f7","Scapula Dips","Chest","Custom","Back","Body weight","Back","Back","2","74","image_target:Back;video_target:Back;duplicate_group"
"1418","scapula_push_up","Scapula Push-up","Chest","Chest","Chest","Body weight","Chest","Chest","1","74",""
"1419","seal_push_up","Seal Push up","Chest","Chest","Back","Body weight","Back","","1","44","missing_video;image_target:Back"
"1420","serrated_anterior","Serrated Anterior","Chest","Custom","Chest","Body weight","","","1","24","missing_image;missing_video"
"1421","side_push_up","Side Push-up","Chest","Chest","Triceps, Upper Arms","Body weight","UpperArms","UpperArms","1","74","image_target:UpperArms;video_target:UpperArms"
"1422","side_push_up_with_towel","Side Push-up with Towel","Chest","Chest","Chest","Body weight","Chest","","1","44","missing_video"
"1423","single_arm_push_up","Single Arm Push-up","Chest","Chest","Chest","Body weight","Chest","","2","44","missing_video;duplicate_group"
"1424","single_arm_push_up_single_arm_push_up_6tl","Single Arm Push-up","Chest","Chest","Chest","Body weight","Chest","Chest","2","74","duplicate_group"
"1425","single_arm_push_up_on_medicine_ball","Single Arm Push-Up on Medicine Ball","Chest","Chest","Chest","Medicine Ball","Chest","","1","44","missing_video"
"1426","single_arm_push_up_supported_wall","Single Arm Push-up Supported Wall","Chest","Chest","Chest","Body weight","Chest","Chest","1","74",""
"1427","single_arm_scapula_push_up","Single Arm Scapula Push up","Chest","Chest","Back","Body weight","","","1","44","missing_video"
"1428","single_leg_dip_on_floor","Single Leg Dip on floor","Chest","Custom","Triceps, Upper Arms","Body weight","UpperArms","UpperArms","1","74","image_target:UpperArms;video_target:UpperArms"
"1429","smith_bench_press","Smith Bench Press","Chest","Chest","Chest","Smith machine","Chest","Chest","2","74","duplicate_group"
"1430","smith_bench_press_smith_bench_press_6u8","Smith Bench Press","Chest","Chest","Chest","Smith machine","Chest","Chest","2","74","duplicate_group"
"1431","smith_close_grip_bench_press_smith_close_grip_bench_press_1w","Smith Close-Grip Bench Press","Chest","Chest","Triceps, Upper Arms","Smith machine","UpperArms","UpperArms","2","74","image_target:UpperArms;video_target:UpperArms;duplicate_group"
"1432","smith_close_grip_bench_press","Smith Close-Grip Bench Press","Chest","Chest","Triceps, Upper Arms","Smith machine","UpperArms","UpperArms","2","74","image_target:UpperArms;video_target:UpperArms;duplicate_group"
"1433","smith_decline_bench_press","Smith Decline Bench Press","Chest","Chest","Chest","Smith machine","Chest","Chest","2","74","duplicate_group"
"1434","smith_decline_bench_press_smith_decline_bench_press_6u3","Smith Decline Bench Press","Chest","Chest","Chest","Smith machine","Chest","Chest","2","74","duplicate_group"
"1435","smith_decline_reverse_grip_press","Smith Decline Reverse-grip Press","Chest","Custom","Chest","Smith machine","Chest","","2","44","missing_video;image_target:Chest;duplicate_group"
"1436","smith_decline_reverse_grip_press_smith_decline_reverse_grip_press_6u4","Smith Decline Reverse-grip Press","Chest","Custom","Chest","Smith machine","Chest","","2","44","missing_video;image_target:Chest;duplicate_group"
"1437","smith_hex_press","Smith Hex Press","Chest","Custom","Chest","Smith machine","Chest","Chest","1","74","image_target:Chest;video_target:Chest"
"1438","smith_incline_bench_press_smith_incline_bench_press_1a","Smith Incline Bench Press","Chest","Chest","Chest","Smith machine","Chest","Chest","2","74","duplicate_group"
"1439","smith_incline_bench_press","Smith Incline Bench Press","Chest","Chest","Chest","Smith machine","Chest","Chest","2","74","duplicate_group"
"1440","smith_incline_reverse_grip_press_smith_incline_reverse_grip_press_1b","Smith Incline Reverse-grip Press","Chest","Custom","Chest","Smith machine","Chest","","2","44","missing_video;image_target:Chest;duplicate_group"
"1441","smith_incline_reverse_grip_press","Smith Incline Reverse-grip Press","Chest","Custom","Chest","Smith machine","Chest","","2","44","missing_video;image_target:Chest;duplicate_group"
"1442","smith_reverse_grip_press","Smith Reverse-grip Press","Chest","Custom","Chest","Smith machine","Chest","","2","44","missing_video;image_target:Chest;duplicate_group"
"1443","smith_reverse_grip_press_smith_reverse_grip_press_6uo","Smith Reverse-grip Press","Chest","Custom","Chest","Smith machine","Chest","","2","44","missing_video;image_target:Chest;duplicate_group"
"1444","smith_wide_grip_bench_press","Smith Wide Grip Bench Press","Chest","Chest","Chest","Smith machine","Chest","","1","44","missing_video"
"1445","smith_wide_grip_decline_bench_press","Smith Wide Grip Decline Bench Press","Chest","Chest","Chest","Smith machine","Chest","","1","44","missing_video"
"1446","standing_chest_stretch","Standing Chest Stretch","Chest","Chest","Chest","Body weight","Chest","","1","44","missing_video"
"1447","standing_fly","Standing Fly","Chest","Chest","Chest","Cable","Chest","Chest","1","74",""
"1448","standing_one_arm_chest_stretch","Standing one arm chest stretch","Chest","Chest","Chest","Body weight","Chest","Chest","1","74",""
"1449","standing_up_straight_crossovers","Standing Up Straight Crossovers","Chest","Custom","Chest","Cable","Chest","Chest","1","74","image_target:Chest;video_target:Chest"
"1450","straight_arm_pullover","Straight Arm Pullover","Chest","Custom","Chest","Dumbbell","Chest","Chest","1","74","image_target:Chest;video_target:Chest"
"1451","straight_arms_backward_chest_stretch","Straight Arms Backward Chest Stretch","Chest","Chest","Chest","Body weight","Chest","","1","44","missing_video"
"1452","superman_push_up","Superman Push-up","Chest","Chest","Chest","Body weight","Chest","Chest","1","74",""
"1453","suspended_push_up","Suspended Push-Up","Chest","Chest","Chest","Body weight","Chest","Chest","1","74",""
"1454","suspension_chest_dip","Suspension Chest Dip","Chest","Chest","Chest","Suspension","Chest","Chest","1","74",""
"1455","suspension_chest_press","Suspension Chest Press","Chest","Chest","Chest","Suspension","Chest","","1","44","missing_video"
"1456","suspension_close_grip_chest_press","Suspension Close-grip Chest Press","Chest","Chest","Chest","Suspension","Chest","","1","44","missing_video"
"1457","suspension_fly","Suspension Fly","Chest","Chest","Chest","Suspension","Chest","Chest","1","74",""
"1458","suspension_handstand_push_up","Suspension Handstand Push-up","Chest","Chest","Triceps, Upper Arms","Suspension","UpperArms","","1","44","missing_video;image_target:UpperArms"
"1459","suspension_incline_push_up","Suspension Incline Push-up","Chest","Chest","Chest","Suspension","Chest","","1","44","missing_video"
"1460","suspension_one_arm_chest_press","Suspension One Arm Chest Press","Chest","Chest","Chest","Suspension","Chest","","1","44","missing_video"
"1461","suspension_one_arm_leg_push_up","Suspension One Arm Leg Push-up","Chest","Chest","Chest","Suspension","Chest","","1","44","missing_video"
"1462","suspension_one_leg_chest_press","Suspension One Leg Chest Press","Chest","Chest","Chest","Suspension","Chest","","1","44","missing_video"
"1463","suspension_push_up","Suspension Push-up","Chest","Chest","Chest","Suspension","Chest","","1","44","missing_video"
"1464","suspension_self_assisted_chest_dip","Suspension Self assisted Chest Dip","Chest","Chest","Chest","Suspension","Chest","Chest","1","74",""
"1465","three_bench_dip","Three Bench Dip","Chest","Triceps","Upper Arms","Body weight","UpperArms","","1","44","missing_video;muscle_mismatch:Chest->Triceps"
"1466","upper_chest_crossovers","Upper Chest Crossovers","Chest","Chest","Chest","Cable","Chest","","1","44","missing_video"
"1467","weighted_bench_dip","Weighted Bench Dip","Chest","Triceps","Triceps, Upper Arms","Weighted","UpperArms","","1","44","missing_video;muscle_mismatch:Chest->Triceps"
"1468","weighted_drop_push_up","Weighted Drop Push Up","Chest","Chest","Chest","Weighted","Chest","","1","44","missing_video"
"1469","weighted_hammer_grip_pull_up_on_dip_cage","Weighted Hammer Grip Pull-up on Dip Cage","Chest","Biceps","Back","Weighted","Back","Back","1","74","muscle_mismatch:Chest->Biceps;image_target:Back;video_target:Back"
"1470","weighted_push_up_with_vest","Weighted Push-up with Vest","Chest","Chest","Chest","Weighted","Chest","","1","44","missing_video"
"1471","weighted_straight_bar_dip","Weighted Straight Bar Dip","Chest","Custom","Chest","Weighted","Chest","","1","44","missing_video;image_target:Chest"
"1472","weighted_svend_press_weighted_svend_press_8qh","Weighted Svend Press","Chest","Custom","Chest","Weighted","Chest","","2","44","missing_video;image_target:Chest;duplicate_group"
"1473","weighted_svend_press","Weighted Svend Press","Chest","Custom","Chest","Weighted","Chest","Chest","2","74","image_target:Chest;video_target:Chest;duplicate_group"
"1474","weighted_three_bench_dips","Weighted Three Bench Dips","Chest","Triceps","Triceps, Upper Arms","Weighted","UpperArms","UpperArms","1","74","muscle_mismatch:Chest->Triceps"
"1475","wide_grip_pull_up_on_dip_cage","Wide Grip Pull-Up on Dip Cage","Chest","Back","Back","Body weight","Back","","1","44","missing_video;muscle_mismatch:Chest->Back"
"1476","wide_hand_push_up","Wide Hand Push up","Chest","Chest","Chest","Body weight","Chest","Chest","2","74","duplicate_group"
"1477","wide_hand_push_up_wide_hand_push_up_96w","Wide Hand Push-up","Chest","Chest","Chest","Body weight","Chest","Chest","2","74","duplicate_group"
"1478","wide_push_up","Wide Push-up","Chest","Chest","Chest","Body weight","Chest","","1","44","missing_video"
"1479","wide_reverse_grip_bench_press","Wide Reverse Grip Bench Press","Chest","Chest","Chest","Barbell","Chest","","1","44","missing_video"
"1480","wide_grip_chest_dip_on_high_parallel_bars","Wide-Grip Chest Dip on High Parallel Bars","Chest","Chest","Chest","Body weight","Chest","Chest","1","74",""
"1481","3_4_sit_up","3 4 Sit up","Core","Core","Waist","Body weight","Core","Core","4","74","duplicate_group"
"1482","34_sit_up","3/4 Sit-up","Core","Core","Waist","Body weight","Core","","4","44","missing_video;duplicate_group"
"1483","45_degree_bycicle_twisting_crunch","45 degree Bycicle Twisting Crunch","Core","Core","Waist","Body weight","Core","Core","1","74",""
"1484","45_degree_side_bend","45 Degree Side Bend","Core","Custom","Waist","Body weight","Core","","1","44","missing_video;image_target:Core"
"1485","45_degree_twisting_hyperextension","45 degree twisting hyperextension","Core","Custom","Hips","Body weight","Glutes","Glutes","1","74","image_target:Glutes;video_target:Glutes"
"1486","45_degrees_side_bend","45 degrees Side Bend","Core","Custom","Waist","Body weight","Core","Core","1","74","image_target:Core;video_target:Core"
"1487","90_degree_heel_touch","90 Degree Heel Touch","Core","Custom","Waist","Body weight","","Core","1","54","missing_image;video_target:Core"
"1488","ab_roller_crunch","Ab Roller Crunch","Core","Core","Waist","Body weight","Core","Core","1","74",""
"1489","abdominal_4_points","Abdominal 4 points","Core","Custom","Waist","Body weight","Core","","1","44","missing_video;image_target:Core"
"1490","abdominal_stretch","Abdominal Stretch","Core","Custom","Waist","Body weight","Core","Core","1","74","image_target:Core;video_target:Core"
"1491","air_bike_air_bike_69j","Air bike","Core","Custom","Waist","Body weight","Core","","2","44","missing_video;image_target:Core;duplicate_group"
"1492","air_bike","Air Bike","Core","Custom","Waist","Body weight","Core","Core","2","74","image_target:Core;video_target:Core;duplicate_group"
"1493","air_twisting_crunch","Air Twisting Crunch","Core","Core","Waist","Body weight","Core","","1","44","missing_video"
"1494","alternate_heel_touchers","Alternate Heel Touchers","Core","Custom","Waist","Body weight","Core","Core","2","74","image_target:Core;video_target:Core;duplicate_group"
"1495","alternate_heel_touchers_alternate_heel_touchers_69m","Alternate Heel Touchers","Core","Custom","Waist","Body weight","Core","","2","44","missing_video;image_target:Core;duplicate_group"
"1496","alternate_leg_raise_with_head_up","Alternate Leg Raise with Head-up","Core","Core","Waist","Body weight","","Core","1","54","missing_image"
"1497","alternate_lying_floor_leg_raise","Alternate Lying Floor Leg Raise","Core","Core","Hips, Waist","Body weight","Core","Core","2","74","duplicate_group"
"1498","alternate_lying_floor_leg_raise_alternate_lying_floor_leg_raise_69o","Alternate Lying Floor Leg Raise","Core","Core","Waist","Body weight","Core","","2","44","missing_video;duplicate_group"
"1499","alternate_oblique_crunch","Alternate Oblique Crunch","Core","Core","Waist","Body weight","Core","Core","1","74",""
"1500","alternate_punching","Alternate Punching","Core","Custom","Cardio","Body weight","","","1","74",""
"1501","alternate_straight_leg_raise","Alternate Straight Leg Raise","Core","Core","Waist","Bosu ball","Core","","1","44","missing_video"
"1502","arm_slingers_hanging_bent_knee_legs","Arm slingers Hanging Bent Knee Legs","Core","Custom","Waist","Body weight","Core","","1","44","missing_video;image_target:Core"
"1503","arm_slingers_hanging_straight_legs","Arm slingers Hanging Straight Legs","Core","Custom","Waist","Body weight","Core","Core","1","74","image_target:Core;video_target:Core"
"1504","arms_apart_circular_toe_touch","Arms Apart Circular Toe Touch","Core","Custom","Hips, Waist","Body weight","","","1","44","missing_video"
"1505","arms_overhead_full_sit_up","Arms Overhead Full Sit-up","Core","Core","Back, Waist","Body weight","","","1","44","missing_video"
"1506","assault_bike_run","Assault Bike Run","Core","Custom","Cardio","Leverage machine","","","1","74",""
"1507","assault_run","Assault Run","Core","Custom","Cardio","Body weight","","","1","74",""
"1508","assisted_commando_pull_up","Assisted Commando Pull-up","Core","Back","Back, Waist","Body weight","Back","","1","44","missing_video;muscle_mismatch:Core->Back"
"1509","assisted_hanging_knee_raise","Assisted Hanging Knee Raise","Core","Custom","Waist","Assisted","Core","","1","44","missing_video;image_target:Core"
"1510","assisted_hanging_knee_raise_with_throw_down","Assisted Hanging Knee Raise With Throw Down","Core","Back","Waist","Assisted","Core","","1","44","missing_video;muscle_mismatch:Core->Back;image_target:Core"
"1511","assisted_lying_leg_raise_with_lateral_throw_down","Assisted Lying Leg Raise With Lateral Throw Down","Core","Core","Waist","Assisted","Core","","1","44","missing_video"
"1512","assisted_lying_leg_raise_with_throw_down","Assisted Lying Leg Raise With Throw Down","Core","Core","Waist","Assisted","Core","","1","44","missing_video"
"1513","assisted_motion_russian_twist","Assisted Motion Russian Twist","Core","Custom","Waist","Medicine Ball","Core","","1","44","missing_video;image_target:Core"
"1514","assisted_oblique_and_latissimus_dorsi_stretch_on_stability_ball","Assisted Oblique And Latissimus Dorsi Stretch On Stability Ball","Core","Custom","Back","Assisted","Back","","1","44","missing_video;image_target:Back"
"1515","assisted_oblique_glute_minimus_and_medius_stretch","Assisted Oblique Glute Minimus And Medius Stretch","Core","Glutes","Hips","Assisted","Glutes","","1","44","missing_video;muscle_mismatch:Core->Glutes"
"1516","assisted_obliques_stretch","Assisted Obliques Stretch","Core","Custom","Back, Waist","Assisted, Body weight","Core","","1","44","missing_video;image_target:Core"
"1517","assisted_prone_rectus_femoris_stretch","Assisted Prone Rectus Femoris Stretch","Core","Custom","Waist","Assisted","Core","","1","44","missing_video;image_target:Core"
"1518","assisted_side_bent","Assisted Side Bent","Core","Custom","Back, Waist","Assisted, Body weight","Core","","1","44","missing_video;image_target:Core"
"1519","assisted_sit_up","Assisted Sit-Up","Core","Core","Waist","Assisted","Core","Core","1","74",""
"1520","astride_jumps","Astride Jumps","Core","Custom","Cardio","Body weight","","","1","44","missing_video"
"1521","backward_abdominal_stretch_backward_abdominal_stretch_935","Backward Abdominal Stretch","Core","Back","Waist","Body weight","Core","","2","44","missing_video;muscle_mismatch:Core->Back;image_target:Core;duplicate_group"
"1522","backward_abdominal_stretch","Backward Abdominal Stretch","Core","Back","Waist","Body weight","Core","Core","2","74","muscle_mismatch:Core->Back;image_target:Core;video_target:Core;duplicate_group"
"1523","ball_sit_up","Ball Sit-up","Core","Core","Waist","Stability ball","Core","Core","1","74",""
"1524","band_alternate_incline_chest_press_with_twist","Band Alternate Incline Chest Press with Twist","Core","Chest","Chest","Band","Chest","","1","44","missing_video;muscle_mismatch:Core->Chest"
"1525","band_alternate_lat_pulldown_with_twist","Band Alternate Lat Pulldown with Twist","Core","Back","Back","Band","Back","","1","44","missing_video;muscle_mismatch:Core->Back"
"1526","band_alternate_low_row_wtih_twist","Band Alternate Low Row wtih Twist","Core","Back","Back","Band","Back","","1","44","missing_video;muscle_mismatch:Core->Back"
"1527","band_alternating_v_up","Band alternating v-up","Core","Custom","Waist","Band","Core","","1","44","missing_video;image_target:Core"
"1528","band_assisted_sprinter_run","Band Assisted Sprinter Run","Core","Custom","Cardio","Assisted, Band","","","1","44","missing_video"
"1529","band_assisted_wheel_rollout","Band Assisted Wheel Rollout","Core","Custom","Waist","Roll","Core","","2","44","missing_video;image_target:Core;duplicate_group"
"1530","band_assisted_wheel_rollout_band_assisted_wheel_rollout_6af","Band Assisted Wheel Rollout","Core","Custom","Waist","Band","Core","","2","44","missing_video;image_target:Core;duplicate_group"
"1531","band_bicycle_crunch","Band bicycle crunch","Core","Core","Waist","Band","Core","Core","1","74",""
"1532","band_decline_sit_up_band_decline_sit_up_8br","Band Decline Sit up","Core","Core","Hips, Waist","Band","Glutes","Glutes","2","74","image_target:Glutes;video_target:Glutes;duplicate_group"
"1533","band_decline_sit_up","Band Decline Sit-up","Core","Core","Hips","Band","Glutes","Glutes","2","74","image_target:Glutes;video_target:Glutes;duplicate_group"
"1534","band_front_plank_with_single_arm_pulldown","Band Front Plank with Single Arm Pulldown","Core","Core","Back, Waist","Band","","","1","44","missing_video"
"1535","band_half_kneeling_chop","Band Half Kneeling Chop","Core","Custom","Waist","Band","Core","Core","1","74","image_target:Core;video_target:Core"
"1536","band_horizontal_pallof_press","Band horizontal Pallof Press","Core","Custom","Waist","Band","Core","Core","1","74","image_target:Core;video_target:Core"
"1537","band_horizontal_pallof_press_with_resistance_band_squat","Band horizontal Pallof Press with Resistance Band Squat","Core","Quads","Quadriceps, Thighs","Resistance Band","Core","","1","44","missing_video;muscle_mismatch:Core->Quads;image_target:Core"
"1538","band_jack_knife_sit_up_band_jack_knife_sit_up_7be","Band jack knife sit up","Core","Core","Hips, Waist","Band","Core","","2","44","missing_video;duplicate_group"
"1539","band_jack_knife_sit_up","Band jack knife sit-up","Core","Core","Waist","Band","Core","","2","44","missing_video;duplicate_group"
"1540","band_kneeling_crunch_band_kneeling_crunch_6yk","Band kneeling crunch","Core","Core","Waist","Band","Core","","3","44","missing_video;duplicate_group"
"1541","band_kneeling_crunch_band_kneeling_crunch_97d","Band Kneeling Crunch","Core","Core","Waist","Band","","Core","3","54","missing_image;duplicate_group"
"1542","band_kneeling_crunch","Band Kneeling Crunch","Core","Core","Waist","Band","","","3","24","missing_image;missing_video;duplicate_group"
"1543","band_kneeling_twisting_crunch","Band Kneeling Twisting Crunch","Core","Core","Waist","Band","Core","","1","44","missing_video"
"1544","band_lying_leg_and_hip_raise","Band lying leg and hip raise","Core","Custom","Waist","Band","Core","","1","44","missing_video;image_target:Core"
"1545","band_one_arm_twisting_chest_press","Band one arm twisting chest press","Core","Chest","Chest","Band","Chest","","1","44","missing_video;muscle_mismatch:Core->Chest"
"1546","band_one_arm_twisting_seated_row_band_one_arm_twisting_seated_row_8bu","Band One Arm Twisting Seated Row","Core","Back","Back, Waist","Band","Back","Back","2","74","muscle_mismatch:Core->Back;duplicate_group"
"1547","band_one_arm_twisting_seated_row","Band One Arm Twisting Seated Row","Core","Back","Back","Band","Back","Back","2","74","muscle_mismatch:Core->Back;duplicate_group"
"1548","band_overhead_side_bend","Band Overhead Side Bend","Core","Custom","Waist","Band","","Core","1","54","missing_image;video_target:Core"
"1549","band_push_sit_up","Band push sit-up","Core","Core","Waist","Band","Core","","1","44","missing_video"
"1550","band_reverse_crunch","Band Reverse Crunch","Core","Core","Waist","Band","","Core","1","54","missing_image"
"1551","band_seated_twist","Band seated twist","Core","Custom","Waist","Band","Core","","2","44","missing_video;image_target:Core;duplicate_group"
"1552","band_seated_twist_band_seated_twist_6bj","Band seated twist","Core","Custom","Waist","Band","Core","","2","44","missing_video;image_target:Core;duplicate_group"
"1553","band_side_bend","Band side bend","Core","Custom","Waist","Band","Core","Core","2","74","image_target:Core;video_target:Core;duplicate_group"
"1554","band_side_bend_band_side_bend_8bs","Band Side Bend","Core","Custom","Waist","Band","Core","Core","2","74","image_target:Core;video_target:Core;duplicate_group"
"1555","band_side_crunch","Band Side Crunch","Core","Core","Waist","Band","Core","","1","44","missing_video"
"1556","band_side_plank_row_with_partner","Band Side Plank Row with Partner","Core","Core","Back","Band","Back","","1","44","missing_video;image_target:Back"
"1557","band_squat_twist","Band Squat Twist","Core","Quads","Waist","Band","","Core","1","54","missing_image;muscle_mismatch:Core->Quads;video_target:Core"
"1558","band_standing_crunch_band_standing_crunch_6b3","Band standing crunch","Core","Core","Waist","Band","Core","Core","2","74","duplicate_group"
"1559","band_standing_crunch","Band Standing Crunch","Core","Core","Waist","Band","Core","Core","2","74","duplicate_group"
"1560","band_standing_single_arm_twist_row","Band Standing Single Arm Twist Row","Core","Back","Back","Band","","Back","1","54","missing_image;muscle_mismatch:Core->Back"
"1561","band_standing_twisting_crunch","Band standing twisting crunch","Core","Core","Waist","Band","Core","","1","44","missing_video"
"1562","band_twist","Band twist","Core","Custom","Waist","Band","Core","Core","5","74","image_target:Core;video_target:Core;duplicate_group"
"1563","band_twist_band_twist_6z2","Band twist","Core","Custom","Waist","Band","Core","Core","5","74","image_target:Core;video_target:Core;duplicate_group"
"1564","band_twist_band_twist_8by","Band twist","Core","Custom","Waist","Band","","Core","5","54","missing_image;video_target:Core;duplicate_group"
"1565","band_twist_band_twist_8uc","Band twist","Core","Custom","Waist","Band","Core","Core","5","74","image_target:Core;video_target:Core;duplicate_group"
"1566","band_twist_band_twist_6z3","Band twist","Core","Custom","Waist","Band","Core","Core","5","74","image_target:Core;video_target:Core;duplicate_group"
"1567","band_twisting_overhead_press","Band twisting overhead press","Core","Custom","Shoulders","Band","Shoulders","","1","44","missing_video;image_target:Shoulders"
"1568","band_upper_body_lying_air_bike","Band Upper Body Lying Air Bike","Core","Custom","Hips, Waist","Band","","","1","44","missing_video"
"1569","band_upper_body_resistance_dead_bug","Band Upper Body Resistance Dead Bug","Core","Custom","Waist","Band","Core","","1","44","missing_video;image_target:Core"
"1570","band_upper_crunch","Band Upper Crunch","Core","Core","Waist","Band","","Core","1","54","missing_image"
"1571","band_v_up","Band v-up","Core","Custom","Waist","Band","Core","","1","44","missing_video;image_target:Core"
"1572","band_vertical_pallof_press","Band vertical Pallof Press","Core","Custom","Waist","Band","Core","","1","44","missing_video;image_target:Core"
"1573","bar_band_air_bike","Bar Band Air Bike","Core","Custom","Waist","Stick","Core","","1","44","missing_video;image_target:Core"
"1574","bar_band_down_to_up_twist","Bar Band Down to Up Twist","Core","Custom","Waist","Stick","Core","","1","44","missing_video;image_target:Core"
"1575","bar_band_side_bend_press","Bar Band Side Bend Press","Core","Custom","Shoulders, Waist","Stick","Shoulders","","1","44","missing_video;image_target:Shoulders"
"1576","bar_band_standing_side_bend","Bar Band Standing Side Bend","Core","Custom","Waist","Stick","Core","","1","44","missing_video;image_target:Core"
"1577","barbell_leg_twist_press","Barbell Leg Twist Press","Core","Custom","Waist","Barbell","","","1","44","missing_video"
"1578","barbell_press_sit_up","Barbell Press Sit-Up","Core","Core","Waist","Barbell","Core","","1","44","missing_video"
"1579","barbell_rollout","Barbell Rollout","Core","Custom","Waist","Barbell","Glutes","","1","44","missing_video;image_target:Glutes"
"1580","barbell_rollout_from_bench","Barbell Rollout from Bench","Core","Custom","Waist","Barbell","Core","","1","44","missing_video;image_target:Core"
"1581","barbell_seated_twist_barbell_seated_twist_61b","Barbell Seated Twist","Core","Custom","Waist","Barbell","Core","Core","2","74","image_target:Core;video_target:Core;duplicate_group"
"1582","barbell_seated_twist","Barbell Seated Twist","Core","Custom","Waist","Barbell","Core","Core","2","74","image_target:Core;video_target:Core;duplicate_group"
"1583","barbell_side_bent","Barbell Side Bent","Core","Custom","Waist","Barbell","Core","Core","1","74","image_target:Core;video_target:Core"
"1584","barbell_sitted_alternate_leg_raise","Barbell Sitted Alternate Leg Raise","Core","Core","Waist","Barbell","Core","","2","44","missing_video;duplicate_group"
"1585","barbell_sitted_alternate_leg_raise_barbell_sitted_alternate_leg_raise_890","Barbell Sitted Alternate Leg Raise","Core","Core","Waist","Barbell","Core","","2","44","missing_video;duplicate_group"
"1586","barbell_standing_ab_rollout","Barbell Standing ab rollout","Core","Custom","Waist","Barbell","Core","","2","44","missing_video;image_target:Core;duplicate_group"
"1587","barbell_standing_ab_rollout_barbell_standing_ab_rollout_621","Barbell Standing AB rollout","Core","Custom","Waist","Barbell","Core","","2","44","missing_video;image_target:Core;duplicate_group"
"1588","barbell_standing_twist_barbell_standing_twist_7vz","Barbell Standing Twist","Core","Custom","Waist","Barbell","Core","Core","2","74","image_target:Core;video_target:Core;duplicate_group"
"1589","barbell_standing_twist","Barbell Standing Twist","Core","Custom","Waist","Barbell","Core","","2","44","missing_video;image_target:Core;duplicate_group"
"1590","barbell_stiff_leg_good_morning","Barbell Stiff Leg Good Morning","Core","Posterior","Hamstrings, Thighs","Barbell","Core","","1","44","missing_video;muscle_mismatch:Core->Posterior;reviewed_good_morning"
"1591","basic_toe_touch","Basic Toe Touch","Core","Custom","Hips, Waist","Body weight","","","1","74",""
"1592","battling_ropes_battling_ropes_7cs","Battling Ropes","Core","Custom","Cardio","Battling Rope","","","1","74",""
"1593","battling_ropes_alternating_waves_with_kneeling_get_up","Battling Ropes Alternating Waves with Kneeling Get-Up","Core","Custom","Cardio","Battling Rope","","","1","44","missing_video"
"1594","battling_ropes_half_kneeling","Battling Ropes Half Kneeling","Core","Custom","Cardio","Battling Rope","","","1","44","missing_video"
"1595","battling_ropes_power_slam","Battling Ropes Power Slam","Core","Custom","Back, Chest, Waist","Battling Rope","","","1","44","missing_video"
"1596","battling_ropes_russian_twist","Battling Ropes Russian Twist","Core","Custom","Waist","Battling Rope","","","1","44","missing_video"
"1597","battling_ropes_seated","Battling Ropes Seated","Core","Custom","Cardio","Battling Rope","","","1","44","missing_video"
"1598","battling_ropes_side_to_side_arms","Battling Ropes Side to Side Arms","Core","Custom","Back, Chest, Waist","Battling Rope","","","1","44","missing_video"
"1599","bear_crawl","Bear Crawl","Core","Custom","Cardio","Body weight","","","1","74",""
"1600","bear_plank","Bear Plank","Core","Core","Waist","Body weight","","","1","44","missing_video"
"1601","bench_reverse_crunch_circle","Bench Reverse Crunch Circle","Core","Core","Hips, Waist","Body weight","Core","","1","44","missing_video"
"1602","bent_knee_lying_twist_bent_knee_lying_twist_8w4","Bent knee Lying Twist","Core","Custom","Hips","Body weight","Core","Core","3","74","image_target:Core;video_target:Core;duplicate_group"
"1603","bent_over_twist","Bent Over Twist","Core","Custom","Waist","Body weight","Core","Core","1","74","image_target:Core;video_target:Core"
"1604","bent_knee_lying_twist","Bent-knee Lying Twist","Core","Custom","Waist","Stability ball","Core","Core","3","74","image_target:Core;video_target:Core;duplicate_group"
"1605","bent_knee_lying_twist_bent_knee_lying_twist_62e","Bent-knee Lying Twist","Core","Custom","Waist","Body weight","Core","Core","3","74","image_target:Core;video_target:Core;duplicate_group"
"1606","bent_knee_side_plank","Bent-Knee Side Plank","Core","Core","Waist","Body weight","Core","","1","44","missing_video"
"1607","bicycle_recline_walk_bicycle_recline_walk_7yz","Bicycle Recline Walk","Core","Custom","Cardio","Leverage machine","","","2","44","missing_video;duplicate_group"
"1608","bicycle_recline_walk","Bicycle Recline Walk","Core","Custom","Cardio","Leverage machine","","","2","74","duplicate_group"
"1609","bird_dog_bird_dog_637","Bird Dog","Core","Custom","Waist","Body weight","Core","","1","44","missing_video;image_target:Core"
"1610","boat_stretch_boat_stretch_930","Boat Stretch","Core","Custom","Waist","Body weight","Core","Core","2","74","image_target:Core;video_target:Core;duplicate_group"
"1611","boat_stretch","Boat Stretch","Core","Custom","Waist","Body weight","Core","Core","2","74","image_target:Core;video_target:Core;duplicate_group"
"1612","body_saw_plank","Body Saw Plank","Core","Core","Shoulders","Body weight","Shoulders","Shoulders","1","74","image_target:Shoulders;video_target:Shoulders"
"1613","bodyweight_incline_side_plank","Bodyweight Incline Side Plank","Core","Core","Waist","Body weight","Core","","1","44","missing_video"
"1614","bodyweight_windmill","Bodyweight Windmill","Core","Custom","Waist","Body weight","Core","Core","2","74","image_target:Core;video_target:Core;duplicate_group"
"1615","bodyweight_windmill_bodyweight_windmill_8dk","Bodyweight Windmill","Core","Custom","Waist","Body weight","Core","Core","2","74","image_target:Core;video_target:Core;duplicate_group"
"1616","boomerang","Boomerang","Core","Custom","Waist","Body weight","","","1","44","missing_video"
"1617","bottoms_up","Bottoms Up","Core","Custom","Hips, Waist","Body weight","Core","Core","2","74","image_target:Core;video_target:Core;duplicate_group"
"1618","bottoms_up_bottoms_up_630","Bottoms-Up","Core","Custom","Waist","Body weight","Core","","2","44","missing_video;image_target:Core;duplicate_group"
"1619","bridge","Bridge","Core","Glutes","Waist","Body weight","Core","","2","44","missing_video;muscle_mismatch:Core->Glutes;image_target:Core;duplicate_group"
"1620","bridge_bridge_63f","Bridge","Core","Glutes","Waist","Body weight","Core","","2","44","missing_video;muscle_mismatch:Core->Glutes;image_target:Core;duplicate_group"
"1621","bridge_mountain_climber","Bridge - Mountain Climber","Core","Glutes","Waist","Body weight","Core","Core","2","74","muscle_mismatch:Core->Glutes;image_target:Core;video_target:Core;duplicate_group"
"1622","bridge_mountain_climber_bridge_mountain_climber_7zb","Bridge - Mountain Climber","Core","Glutes","Waist","Body weight","Core","","2","44","missing_video;muscle_mismatch:Core->Glutes;image_target:Core;duplicate_group"
"1623","briskly_walking_briskly_walking_84y","Briskly Walking","Core","Custom","Cardio","Body weight","","","2","74","duplicate_group"
"1624","briskly_walking","Briskly Walking","Core","Custom","Cardio","Body weight","","","2","74","duplicate_group"
"1625","burpee","Burpee","Core","Custom","Cardio","Body weight","","","2","74","duplicate_group"
"1626","burpee_burpee_30","Burpee","Core","Custom","Cardio","Body weight","","","2","74","duplicate_group"
"1627","butt_bridge","Butt Bridge","Core","Glutes","Waist","Body weight","Core","","1","44","missing_video;muscle_mismatch:Core->Glutes;image_target:Core"
"1628","butt_kicks","Butt Kicks","Core","Custom","Cardio","Body weight","","","1","74",""
"1629","butt_ups","Butt-ups","Core","Custom","Waist","Body weight","Core","","1","44","missing_video;image_target:Core"
"1630","bycicle_twisting_crunch","Bycicle Twisting Crunch","Core","Core","Waist","Body weight","Core","Core","1","74",""
"1631","cable_half_kneeling_adductor_pallof_press","Cable Half Kneeling Adductor Pallof Press","Core","Custom","Waist","Cable","Core","","1","44","missing_video;image_target:Core"
"1632","cable_half_kneeling_pallof_press","Cable Half Kneeling Pallof Press","Core","Custom","Waist","Cable","Core","","1","44","missing_video;image_target:Core"
"1633","cable_hanging_leg_raise_cable_hanging_leg_raise_81p","Cable Hanging Leg Raise","Core","Core","Waist","Cable","Core","","2","44","missing_video;duplicate_group"
"1634","cable_hanging_leg_raise","Cable Hanging Leg Raise","Core","Core","Waist","Cable","Core","","2","44","missing_video;duplicate_group"
"1635","cable_horizontal_pallof_press","Cable horizontal Pallof Press","Core","Custom","Waist","Cable","Core","","2","44","missing_video;image_target:Core;duplicate_group"
"1636","cable_horizontal_pallof_press_cable_horizontal_pallof_press_75y","Cable horizontal Pallof Press","Core","Custom","Waist","Cable","Core","Core","2","74","image_target:Core;video_target:Core;duplicate_group"
"1637","cable_judo_flip","Cable Judo Flip","Core","Custom","Waist","Cable","Core","","2","44","missing_video;image_target:Core;duplicate_group"
"1638","cable_judo_flip_cable_judo_flip_640","Cable Judo Flip","Core","Custom","Waist","Cable","Core","","2","44","missing_video;image_target:Core;duplicate_group"
"1639","cable_kneeling_crunch_cable_kneeling_crunch_7x2","Cable Kneeling Crunch","Core","Core","Waist","Cable","Core","","2","74","duplicate_group"
"1640","cable_kneeling_crunch","Cable Kneeling Crunch","Core","Core","Waist","Cable","Core","Core","2","74","duplicate_group"
"1641","cable_lying_pallof_press","Cable Lying Pallof Press","Core","Custom","Waist","Cable","Core","","1","44","missing_video;image_target:Core"
"1642","cable_one_arm_twisting_seated_row","Cable one arm twisting seated row","Core","Back","Back","Cable","Back","Back","2","74","muscle_mismatch:Core->Back;duplicate_group"
"1643","cable_one_arm_twisting_seated_row_cable_one_arm_twisting_seated_row_8v8","Cable One Arm Twisting Seated Row","Core","Back","Back","Cable","Back","Back","2","74","muscle_mismatch:Core->Back;duplicate_group"
"1644","cable_pallof_press_with_glute_bridge","Cable Pallof Press with Glute Bridge","Core","Glutes","Waist","Cable","Core","","1","44","missing_video;muscle_mismatch:Core->Glutes;image_target:Core"
"1645","cable_reverse_crunch","Cable Reverse Crunch","Core","Core","Waist","Cable","Core","","2","44","missing_video;duplicate_group"
"1646","cable_reverse_crunch_cable_reverse_crunch_6xp","Cable Reverse Crunch","Core","Core","Waist","Cable","Core","","2","44","missing_video;duplicate_group"
"1647","cable_russian_twists","Cable Russian Twists","Core","Custom","Waist","Cable","Core","","2","44","missing_video;image_target:Core;duplicate_group"
"1648","cable_russian_twists_cable_russian_twists_8gj","Cable Russian Twists","Core","Custom","Waist","Cable, Stability ball","Core","","2","44","missing_video;image_target:Core;duplicate_group"
"1649","cable_seated_cross_arm_twist","Cable Seated Cross Arm Twist","Core","Custom","Waist","Cable","Core","","1","44","missing_video;image_target:Core"
"1650","cable_seated_crunch","Cable Seated Crunch","Core","Core","Waist","Cable","Core","","2","44","missing_video;duplicate_group"
"1651","cable_seated_crunch_cable_seated_crunch_6f2","Cable Seated Crunch","Core","Core","Waist","Cable","Core","Core","2","74","duplicate_group"
"1652","cable_seated_twist","Cable Seated Twist","Core","Custom","Waist","Cable","Core","","1","44","missing_video;image_target:Core"
"1653","cable_seated_twist_on_floor","Cable Seated Twist on Floor","Core","Custom","Waist","Cable","Core","Core","1","74","image_target:Core;video_target:Core"
"1654","cable_side_bend_cable_side_bend_7cd","Cable Side Bend","Core","Custom","Waist","Cable","Core","","2","44","missing_video;image_target:Core;duplicate_group"
"1655","cable_side_bend","Cable Side Bend","Core","Custom","Waist","Cable","Core","Core","2","74","image_target:Core;video_target:Core;duplicate_group"
"1656","cable_side_bend_crunch","Cable Side Bend Crunch","Core","Core","Waist","Cable","Core","","1","44","missing_video"
"1657","cable_side_crunch_cable_side_crunch_7ce","Cable Side Crunch","Core","Core","Waist","Cable","Core","","2","44","missing_video;duplicate_group"
"1658","cable_side_crunch","Cable Side Crunch","Core","Core","Waist","Cable","Core","","2","44","missing_video;duplicate_group"
"1659","cable_split_stance_horizontal_pallof_press","Cable Split Stance Horizontal Pallof Press","Core","Custom","Waist","Cable","Core","","1","44","missing_video;image_target:Core"
"1660","cable_standing_crunch","Cable Standing Crunch","Core","Core","Waist","Cable","Core","Core","4","74","duplicate_group"
"1661","cable_standing_crunch_cable_standing_crunch_7d5","Cable Standing Crunch","Core","Core","Waist","Cable","Core","","4","44","missing_video;duplicate_group"
"1662","cable_standing_crunch_cable_standing_crunch_85t","Cable Standing Crunch","Core","Core","Waist","Cable","Core","Core","4","74","duplicate_group"
"1663","cable_standing_crunch_cable_standing_crunch_6fq","Cable Standing Crunch","Core","Core","Waist","Cable","Core","","4","44","missing_video;duplicate_group"
"1664","cable_standing_lift","Cable Standing Lift","Core","Custom","Waist","Cable","Core","Core","1","74","image_target:Core;video_target:Core"
"1665","cable_standing_twist_row","Cable Standing Twist Row","Core","Back","Back","Cable","Back","","1","44","missing_video;muscle_mismatch:Core->Back"
"1666","cable_thibaudeau_kayak_row","Cable Thibaudeau Kayak Row","Core","Back","Back, Waist","Cable","Back","","1","44","missing_video;muscle_mismatch:Core->Back"
"1667","cable_tuck_reverse_crunch","Cable Tuck Reverse Crunch","Core","Core","Waist","Cable","Core","Core","1","74",""
"1668","cable_twist","Cable twist","Core","Custom","Waist","Cable","Core","","6","44","missing_video;image_target:Core;duplicate_group"
"1669","cable_twist_cable_twist_6x4","Cable twist","Core","Custom","Waist","Cable","Core","Core","6","74","image_target:Core;video_target:Core;duplicate_group"
"1670","cable_twist_cable_twist_75b","Cable twist","Core","Custom","Waist","Cable","Core","Core","6","74","image_target:Core;video_target:Core;duplicate_group"
"1671","cable_twist_cable_twist_75c","Cable twist","Core","Custom","Waist","Cable","Core","Core","6","74","image_target:Core;video_target:Core;duplicate_group"
"1672","cable_twist_cable_twist_7zm","Cable Twist","Core","Custom","Waist","Cable","Core","Core","6","74","image_target:Core;video_target:Core;duplicate_group"
"1673","cable_twist_cable_twist_6g7","Cable Twist","Core","Custom","Waist","Cable","Core","Core","6","74","image_target:Core;video_target:Core;duplicate_group"
"1674","cable_twisting_overhead_press","Cable twisting overhead press","Core","Custom","Thighs","Cable","Shoulders","","2","44","missing_video;image_target:Shoulders;duplicate_group"
"1675","cable_twisting_overhead_press_cable_twisting_overhead_press_75d","Cable twisting overhead press","Core","Custom","Shoulders","Cable","Shoulders","Shoulders","2","74","image_target:Shoulders;video_target:Shoulders;duplicate_group"
"1676","cable_twisting_pull","Cable Twisting Pull","Core","Custom","Back","Cable","Back","","1","44","missing_video;image_target:Back"
"1677","cable_twisting_standing_high_row","Cable Twisting Standing high Row","Core","Back","Back","Cable","Back","","1","44","missing_video;muscle_mismatch:Core->Back"
"1678","cable_twisting_standing_one_arm_chest_press","Cable twisting standing one arm chest press","Core","Chest","Chest","Cable","Chest","","1","44","missing_video;muscle_mismatch:Core->Chest"
"1679","cable_twisting_standing_row","Cable Twisting Standing Row","Core","Back","Back","Cable","Back","","1","44","missing_video;muscle_mismatch:Core->Back"
"1680","cable_vertical_pallof_press","Cable vertical Pallof Press","Core","Custom","Waist","Cable","Core","","1","44","missing_video;image_target:Core"
"1681","captains_chair_straight_leg_raise","Captains Chair Straight Leg Raise","Core","Core","Waist","Body weight","Core","Core","2","74","duplicate_group"
"1682","captains_chair_straight_leg_raise_captains_chair_straight_leg_raise_83u","Captains Chair Straight Leg Raise","Core","Core","Waist","Body weight","Core","Core","2","74","duplicate_group"
"1683","cat_cow_stretch","Cat Cow Stretch","Core","Custom","Waist","Body weight","","","1","74",""
"1684","cat_stretch","Cat Stretch","Core","Custom","Hips, Waist","Body weight","Core","","2","44","missing_video;image_target:Core;duplicate_group"
"1685","cat_stretch_cat_stretch_6g3","Cat Stretch","Core","Custom","Waist","Body weight","Core","Core","2","74","image_target:Core;video_target:Core;duplicate_group"
"1686","chest_lift_with_rotation","Chest Lift with Rotation","Core","Chest","Waist","Body weight","Chest","Chest","1","74","muscle_mismatch:Core->Chest"
"1687","chin_to_chest_stretch_chin_to_chest_stretch_9j1","Chin-to-chest Stretch","Core","Chest","Waist","Body weight","Core","Core","2","74","muscle_mismatch:Core->Chest;image_target:Core;video_target:Core;duplicate_group"
"1688","chin_to_chest_stretch","Chin-to-chest Stretch","Core","Chest","Waist","Body weight","Core","Core","2","74","muscle_mismatch:Core->Chest;image_target:Core;video_target:Core;duplicate_group"
"1689","cobra_yoga_pose_cobra_yoga_pose_92c","Cobra Yoga Pose","Core","Custom","Waist","Body weight","Core","Core","2","74","image_target:Core;video_target:Core;duplicate_group"
"1690","cobra_yoga_pose","Cobra Yoga Pose","Core","Custom","Waist","Body weight","Core","Core","2","74","image_target:Core;video_target:Core;duplicate_group"
"1691","cocoons_cocoons_7d9","Cocoons","Core","Custom","Waist","Body weight","Core","Core","2","74","image_target:Core;video_target:Core;duplicate_group"
"1692","cocoons","Cocoons","Core","Custom","Waist","Body weight","Core","Core","2","74","image_target:Core;video_target:Core;duplicate_group"
"1693","commando_pull_up","Commando Pull-up","Core","Back","Back, Waist","Body weight","Back","Back","1","74","muscle_mismatch:Core->Back"
"1694","corkscrew_push_up","Corkscrew Push-up","Core","Chest","Waist","Body weight","Core","","1","44","missing_video;muscle_mismatch:Core->Chest;image_target:Core"
"1695","cow_stretch","Cow Stretch","Core","Custom","Hips, Waist","Body weight","Core","Core","1","74","image_target:Core;video_target:Core"
"1696","crab","Crab","Core","Custom","Waist","Body weight","","","1","74",""
"1697","crab_twist_toe_touch","Crab Twist Toe Touch","Core","Custom","Waist","Body weight","Core","Core","1","74","image_target:Core;video_target:Core"
"1698","cross_body_crunch","Cross Body Crunch","Core","Core","Waist","Body weight","Core","","1","44","missing_video"
"1699","cross_body_twisting_crunch","Cross Body Twisting Crunch","Core","Core","Waist","Body weight","Core","","1","44","missing_video"
"1700","cross_jacks","Cross Jacks","Core","Custom","Cardio","Body weight","","","1","44","missing_video"
"1701","cross_twisting_sit_up","Cross Twisting Sit-Up","Core","Core","Waist","Body weight","Core","","1","44","missing_video"
"1702","crunch_crunch_6ga","Crunch","Core","Core","Waist","Stability ball","Core","","13","44","missing_video;duplicate_group"
"1703","crunch_crunch_6gb","Crunch","Core","Core","Waist","Body weight","Core","Core","13","74","duplicate_group"
"1704","crunch","Crunch","Core","Core","Waist","Body weight","Core","Core","13","74","duplicate_group"
"1705","crunch_crunch_6gv","Crunch","Core","Core","Waist","Body weight","Core","Core","13","74","duplicate_group"
"1706","crunch_crunch_6gw","Crunch","Core","Core","Waist","Body weight","Core","Core","13","74","duplicate_group"
"1707","crunch_crunch_6gx","Crunch","Core","Core","Waist","Stability ball","Core","Core","13","74","duplicate_group"
"1708","crunch_crunch_6gy","Crunch","Core","Core","Waist","Body weight","Core","Core","13","74","duplicate_group"
"1709","crunch_crunch_6gz","Crunch","Core","Core","Waist","Stability ball","Core","Core","13","74","duplicate_group"
"1710","crunch_crunch_76q","Crunch","Core","Core","Waist","Bosu ball","Core","Core","13","74","duplicate_group"
"1711","crunch_crunch_86k","Crunch","Core","Core","Waist","Stability ball","Core","","13","44","missing_video;duplicate_group"
"1712","crunch_crunch_8b8","Crunch","Core","Core","Waist","Body weight","Core","Core","13","74","duplicate_group"
"1713","crunch_crunch_8bp","Crunch","Core","Core","Waist","Body weight","Core","Core","13","74","duplicate_group"
"1714","crunch_crunch_9o0","Crunch","Core","Core","Waist","Body weight","","","13","24","missing_image;missing_video;duplicate_group"
"1715","crunch_back","Crunch - Back","Core","Core","Waist","Body weight","Back","","1","44","missing_video;image_target:Back"
"1716","crunch_floor","Crunch Floor","Core","Core","Waist","Body weight","Core","Core","2","74","duplicate_group"
"1717","crunch_floor_crunch_floor_6gd","Crunch Floor","Core","Core","Waist","Body weight","Core","Core","2","74","duplicate_group"
"1718","crunch_hold","Crunch Hold","Core","Core","Waist","Body weight","Core","","1","44","missing_video"
"1719","crunch_single_leg_lift","Crunch Single Leg Lift","Core","Core","Waist","Body weight","Core","","1","44","missing_video"
"1720","crunch_with_leg_lift","Crunch with Leg Lift","Core","Core","Waist","Body weight","Core","","1","44","missing_video"
"1721","crunch_with_medicine_ball","Crunch with Medicine Ball","Core","Core","Waist","Medicine Ball","Core","","2","44","missing_video;duplicate_group"
"1722","crunch_with_medicine_ball_crunch_with_medicine_ball_8q3","Crunch with Medicine Ball","Core","Core","Waist","Medicine Ball","Core","Core","2","74","duplicate_group"
"1723","crunchy_frog_on_floor","Crunchy Frog on Floor","Core","Core","Quadriceps, Thighs","Body weight","Core","Core","1","74",""
"1724","curl_up_curl_up_8f0","Curl-up","Core","Biceps","Waist","Body weight","Core","","2","44","missing_video;muscle_mismatch:Core->Biceps;image_target:Core;duplicate_group"
"1725","curl_up","Curl-up","Core","Biceps","Waist","Body weight","Core","","2","44","missing_video;muscle_mismatch:Core->Biceps;image_target:Core;duplicate_group"
"1726","cycle_cross_trainer","Cycle Cross Trainer","Core","Custom","Cardio","Leverage machine","","","1","44","missing_video"
"1727","dead_bug","Dead Bug","Core","Custom","Waist","Body weight","Core","","4","44","missing_video;image_target:Core;duplicate_group"
"1728","dead_bug_dead_bug_8au","Dead Bug","Core","Custom","Waist","Body weight","","Core","4","54","missing_image;video_target:Core;duplicate_group"
"1729","dead_bug_dead_bug_8gu","Dead Bug","Core","Custom","Thighs","Body weight","Core","Core","4","74","image_target:Core;video_target:Core;duplicate_group"
"1730","dead_bug_dead_bug_6ge","Dead Bug","Core","Custom","Waist","Body weight","Core","Core","4","74","image_target:Core;video_target:Core;duplicate_group"
"1731","dead_bug_with_medicine_ball","Dead Bug with Medicine Ball","Core","Custom","Waist","Medicine Ball","Core","","1","44","missing_video;image_target:Core"
"1732","dead_bug_with_stability_ball","Dead Bug with Stability Ball","Core","Custom","Waist","Stability ball","Core","","1","44","missing_video;image_target:Core"
"1733","decline_bent_leg_reverse_crunch_decline_bent_leg_reverse_crunch_8gv","Decline Bent Leg Reverse Crunch","Core","Core","Waist","Body weight","Core","Core","2","74","duplicate_group"
"1734","decline_bent_leg_reverse_crunch","Decline Bent Leg Reverse Crunch","Core","Core","Waist","Body weight","Core","Core","2","74","duplicate_group"
"1735","decline_crunch","Decline Crunch","Core","Core","Waist","Body weight","Core","","2","44","missing_video;duplicate_group"
"1736","decline_crunch_decline_crunch_6h5","Decline Crunch","Core","Core","Waist","Body weight","Core","Core","2","74","duplicate_group"
"1737","decline_leg_hip_raise","Decline Leg Hip Raise","Core","Custom","Hips, Waist","Body weight","Core","","1","44","missing_video;image_target:Core"
"1738","decline_sit_up","Decline Sit up","Core","Core","Waist","Body weight","Glutes","","3","44","missing_video;image_target:Glutes;duplicate_group"
"1739","decline_sit_up_decline_sit_up_6h9","Decline Sit-up","Core","Core","Waist","Body weight","Core","","3","44","missing_video;duplicate_group"
"1740","decline_sit_up_decline_sit_up_6h0","Decline Sit-up","Core","Core","Hips","Body weight","Glutes","Glutes","3","74","image_target:Glutes;video_target:Glutes;duplicate_group"
"1741","decline_twisting_sit_up","Decline Twisting Sit up","Core","Core","Waist","Body weight","Core","","1","44","missing_video"
"1742","diaphragm","Diaphragm","Core","Custom","Waist","Body weight","","","1","24","missing_image;missing_video"
"1743","double_under_jump_rope","Double Under Jump Rope","Core","Custom","Cardio","Body weight","","","1","44","missing_video"
"1744","duck_walk","Duck Walk","Core","Custom","Cardio","Body weight","","","1","44","missing_video"
"1745","dumbbell_burpee","Dumbbell burpee","Core","Custom","Cardio","Dumbbell","","","1","74",""
"1746","dumbbell_crunch_up","Dumbbell Crunch Up","Core","Core","Waist","Dumbbell","Core","","1","44","missing_video"
"1747","dumbbell_decline_overhead_sit_up","Dumbbell Decline Overhead Sit-up","Core","Core","Waist","Dumbbell","Core","Core","1","74",""
"1748","dumbbell_decline_twist_fly","Dumbbell Decline Twist Fly","Core","Chest","Chest","Dumbbell","Chest","Chest","2","74","muscle_mismatch:Core->Chest;duplicate_group"
"1749","dumbbell_decline_twist_fly_dumbbell_decline_twist_fly_6hz","Dumbbell Decline Twist Fly","Core","Chest","Chest","Dumbbell","Chest","Chest","2","74","muscle_mismatch:Core->Chest;duplicate_group"
"1750","dumbbell_front_plank_arm_leg_raise","Dumbbell Front Plank Arm Leg Raise","Core","Core","Waist","Dumbbell","Core","","1","44","missing_video"
"1751","dumbbell_front_plank_arm_raise","Dumbbell Front Plank Arm Raise","Core","Core","Waist","Dumbbell","Core","","1","44","missing_video"
"1752","dumbbell_half_kneeling_lift_and_chop","Dumbbell Half Kneeling Lift and Chop","Core","Custom","Waist","Dumbbell","Core","","1","44","missing_video;image_target:Core"
"1753","dumbbell_incline_twisted_flyes","Dumbbell Incline Twisted Flyes","Core","Chest","Chest","Dumbbell","Chest","Chest","1","74","muscle_mismatch:Core->Chest"
"1754","dumbbell_renegade_row","Dumbbell Renegade Row","Core","Back","Back, Waist","Dumbbell","","Back","2","74","muscle_mismatch:Core->Back;duplicate_group"
"1755","dumbbell_renegade_row_dumbbell_renegade_row_841","Dumbbell Renegade Row","Core","Back","Back, Waist","Dumbbell","","Back","2","74","muscle_mismatch:Core->Back;duplicate_group"
"1756","dumbbell_russian_twist_dumbbell_russian_twist_8r5","Dumbbell Russian Twist","Core","Custom","Waist","Dumbbell","","","3","44","missing_video;duplicate_group"
"1757","dumbbell_russian_twist","Dumbbell Russian Twist","Core","Custom","Waist","Dumbbell","Core","","3","44","missing_video;image_target:Core;duplicate_group"
"1758","dumbbell_russian_twist_dumbbell_russian_twist_8qe","Dumbbell Russian Twist","Core","Custom","Waist","Dumbbell","Core","","3","44","missing_video;image_target:Core;duplicate_group"
"1759","dumbbell_seated_tuck_crunch_on_floor","Dumbbell Seated Tuck Crunch on Floor","Core","Core","Waist","Dumbbell","Core","","1","44","missing_video"
"1760","dumbbell_seated_tuck_twisting_crunch_on_floor","Dumbbell Seated Tuck Twisting Crunch on Floor","Core","Core","Waist","Dumbbell","Core","","1","44","missing_video"
"1761","dumbbell_side_bend_dumbbell_side_bend_7do","Dumbbell Side Bend","Core","Custom","Waist","Dumbbell","Core","Core","3","74","image_target:Core;video_target:Core;duplicate_group"
"1762","dumbbell_side_bend","Dumbbell Side Bend","Core","Custom","Waist","Dumbbell","Core","","3","44","missing_video;image_target:Core;duplicate_group"
"1763","dumbbell_side_bend_dumbbell_side_bend_6kr","Dumbbell Side Bend","Core","Custom","Waist","Dumbbell","Core","Core","3","74","image_target:Core;video_target:Core;duplicate_group"
"1764","dumbbell_side_bridge","Dumbbell Side Bridge","Core","Glutes","Waist","Dumbbell","Glutes","","2","44","missing_video;muscle_mismatch:Core->Glutes;duplicate_group"
"1765","dumbbell_side_bridge_dumbbell_side_bridge_8nb","Dumbbell Side Bridge","Core","Glutes","Waist","Dumbbell","Glutes","Glutes","2","74","muscle_mismatch:Core->Glutes;duplicate_group"
"1766","dumbbell_side_bridge_with_bent_leg","Dumbbell Side Bridge with Bent Leg","Core","Glutes","Waist","Dumbbell","Glutes","Glutes","1","74","muscle_mismatch:Core->Glutes"
"1767","dumbbell_side_plank_with_rear_fly","Dumbbell Side Plank with Rear Fly","Core","Core","Waist","Dumbbell","Core","","1","44","missing_video"
"1768","dumbbell_stiff_leg_deadlift","Dumbbell Stiff Leg Deadlift","Core","Posterior","Thighs","Dumbbell","Core","Core","2","74","muscle_mismatch:Core->Posterior;duplicate_group"
"1769","dumbbell_stiff_leg_deadlift_dumbbell_stiff_leg_deadlift_6lg","Dumbbell Stiff Leg Deadlift","Core","Posterior","Hips","Dumbbell","Core","Core","2","74","muscle_mismatch:Core->Posterior;duplicate_group"
"1770","dumbbell_straight_arm_crunch","Dumbbell Straight Arm Crunch","Core","Core","Waist","Dumbbell","Core","Core","1","74",""
"1771","dumbbell_straight_arm_twisting_sit_up","Dumbbell Straight Arm Twisting Sit-up","Core","Core","Waist","Dumbbell","Core","Core","1","74",""
"1772","dumbbell_straight_leg_deadlift","Dumbbell Straight Leg Deadlift","Core","Posterior","Waist","Dumbbell","Core","Glutes","1","74","muscle_mismatch:Core->Posterior"
"1773","dumbbell_straight_leg_russian_twist","Dumbbell Straight Leg Russian Twist","Core","Custom","Waist","Dumbbell","Core","Core","1","74","image_target:Core;video_target:Core"
"1774","dumbbell_twisted_fly","Dumbbell Twisted Fly","Core","Chest","Chest","Dumbbell","Chest","","1","44","missing_video;muscle_mismatch:Core->Chest"
"1775","dumbbell_twisting_bench_press","Dumbbell Twisting Bench Press","Core","Chest","Upper Arms","Dumbbell","UpperArms","","1","44","missing_video;muscle_mismatch:Core->Chest;image_target:UpperArms"
"1776","dumbbell_v_up","Dumbbell V-up","Core","Custom","Hips, Waist","Dumbbell","Core","Core","3","74","image_target:Core;video_target:Core;duplicate_group"
"1777","dumbbell_v_up_dumbbell_v_up_92r","Dumbbell V-up","Core","Custom","Waist","Dumbbell","Core","Core","3","74","image_target:Core;video_target:Core;duplicate_group"
"1778","dumbbell_v_up_dumbbell_v_up_8na","Dumbbell V-up","Core","Custom","Waist","Dumbbell","Core","","3","44","missing_video;image_target:Core;duplicate_group"
"1779","dynamic_90_90_hip_twist","Dynamic 90-90 Hip Twist","Core","Custom","Hips, Waist","Body weight","Glutes","","1","44","missing_video;image_target:Glutes"
"1780","elbow_push_up","Elbow Push up","Core","Chest","Waist","Body weight","Core","Core","1","74","muscle_mismatch:Core->Chest;image_target:Core;video_target:Core"
"1781","elbow_to_knee_side_plank_crunch","Elbow to Knee Side Plank Crunch","Core","Core","Waist","Body weight","Core","","2","74","duplicate_group"
"1782","elbow_to_knee_side_plank_crunch_elbow_to_knee_side_plank_crunch_8sm","Elbow to Knee Side Plank Crunch","Core","Core","Quadriceps, Thighs","Body weight","","Core","2","74","duplicate_group"
"1783","elbow_to_knee_sit_up","Elbow to Knee Sit-up","Core","Core","Waist","Body weight","Core","Core","1","74",""
"1784","elbow_to_knee_twists_elbow_to_knee_twists_8h9","Elbow To Knee Twists","Core","Custom","Cardio","Body weight","","","2","44","missing_video;duplicate_group"
"1785","elbow_up_and_down_dynamic_plank","Elbow Up and Down Dynamic Plank","Core","Core","Upper Arms","Body weight","","","2","74","duplicate_group"
"1786","elbow_up_and_down_dynamic_plank_elbow_up_and_down_dynamic_plank_849","Elbow Up and Down Dynamic Plank","Core","Core","Upper Arms","Body weight","","","2","74","duplicate_group"
"1787","elbow_to_knee","Elbow-To-Knee","Core","Custom","Waist","Body weight","Core","","1","44","missing_video;image_target:Core"
"1788","elbow_to_knee_twists","Elbow-To-Knee Twists","Core","Custom","Cardio","Body weight","","","2","44","missing_video;duplicate_group"
"1789","elevator","Elevator","Core","Custom","Back","Body weight","Core","","1","44","missing_video;image_target:Core"
"1790","elliptical_machine_skiing","Elliptical Machine Skiing","Core","Custom","Cardio","Leverage machine","","","1","74",""
"1791","elliptical_machine_walk","Elliptical Machine Walk","Core","Custom","Cardio","Leverage machine","","","2","74","duplicate_group"
"1792","elliptical_machine_walk_elliptical_machine_walk_7sl","Elliptical Machine Walk","Core","Custom","Cardio","Leverage machine","","","2","74","duplicate_group"
"1793","exercise_ball_back_stretch","Exercise Ball Back Stretch","Core","Back","Back","Stability ball","Core","","1","44","missing_video;muscle_mismatch:Core->Back;image_target:Core"
"1794","exercise_ball_body_saw","Exercise Ball Body Saw","Core","Custom","Waist","Stability ball","Core","","1","44","missing_video;image_target:Core"
"1795","exercise_ball_frog_crunch","Exercise Ball Frog Crunch","Core","Core","Waist","Stability ball","Core","","1","44","missing_video"
"1796","extra_decline_sit_up","Extra Decline Sit-up","Core","Core","Waist","Body weight","Core","","1","44","missing_video"
"1797","ez_bar_front_twist_raise","EZ-bar Front Twist Raise","Core","Custom","Shoulders","EZ Barbell","Shoulders","","1","44","missing_video;image_target:Shoulders"
"1798","ez_bar_knelling_rollout","EZ-Bar Knelling Rollout","Core","Custom","Waist","EZ Barbell","Core","","1","44","missing_video;image_target:Core"
"1799","ez_bar_legs_side_pull_in_sit_up","EZ-Bar Legs Side Pull-In Sit-up","Core","Core","Waist","EZ Barbell","Core","Core","1","74",""
"1800","ez_bar_reverse_crunch","EZ-Bar Reverse Crunch","Core","Core","Waist","EZ Barbell","Core","","1","44","missing_video"
"1801","ez_bar_up_down_twist","EZ-Bar Up-Down Twist","Core","Custom","Waist","EZ Barbell","Core","","1","44","missing_video;image_target:Core"
"1802","flexion_leg_sit_up","Flexion Leg Sit up","Core","Core","Waist","Body weight","Core","","3","44","missing_video;duplicate_group"
"1803","flexion_leg_sit_up_flexion_leg_sit_up_6m5","Flexion Leg Sit up","Core","Core","Waist","Body weight","Core","Core","3","74","duplicate_group"
"1804","flexion_leg_sit_up_flexion_leg_sit_up_93f","Flexion Leg Sit-up","Core","Core","Waist","Body weight","Core","Core","3","74","duplicate_group"
"1805","floor_crunch_feet_on_bench","Floor Crunch Feet on Bench","Core","Core","Waist","Body weight","Core","","1","44","missing_video"
"1806","floor_twisting_crunch_feet_on_bench","Floor Twisting Crunch Feet on Bench","Core","Core","Waist","Body weight","Core","","1","44","missing_video"
"1807","flutter_kicks_flutter_kicks_81u","Flutter Kicks","Core","Custom","Hips","Body weight","Core","","1","44","missing_video;image_target:Core"
"1808","forward_step_front_plank","Forward Step Front Plank","Core","Core","Hips","Body weight","Glutes","","1","44","missing_video;image_target:Glutes"
"1809","frog_board","Frog board","Core","Custom","Waist","Body weight","Core","Core","1","74","image_target:Core;video_target:Core"
"1810","frog_crunch","Frog Crunch","Core","Core","Waist","Body weight","Core","Core","2","74","duplicate_group"
"1811","frog_crunch_frog_crunch_7ya","Frog Crunch","Core","Core","Waist","Body weight","Core","Core","2","74","duplicate_group"
"1812","frog_sit_up","Frog Sit-up","Core","Core","Waist","Body weight","Core","","1","44","missing_video"
"1813","frogger","Frogger","Core","Custom","Waist","Body weight","Core","Core","1","74","image_target:Core;video_target:Core"
"1814","front_lever","Front Lever","Core","Custom","Waist","Body weight","Core","Core","1","74","image_target:Core;video_target:Core"
"1815","front_lever_reps","Front Lever Reps","Core","Custom","Back, Waist","Body weight","Core","","1","44","missing_video;image_target:Core"
"1816","front_plank","Front Plank","Core","Core","Waist","Body weight","Core","Core","2","74","duplicate_group"
"1817","front_plank_front_plank_6m3","Front Plank","Core","Core","Waist","Body weight","Core","Core","2","74","duplicate_group"
"1818","front_plank_butt","Front Plank - Butt","Core","Core","Waist","Body weight","","","1","44","missing_video"
"1819","front_plank_side_hop","Front Plank Side Hop","Core","Core","Plyometrics","Body weight","","","1","44","missing_video"
"1820","front_plank_to_push_up","Front Plank to Push up","Core","Core","Waist","Body weight","","","1","44","missing_video"
"1821","front_plank_toe_tap","Front Plank Toe Tap","Core","Core","Waist","Body weight","Glutes","Glutes","1","74","image_target:Glutes;video_target:Glutes"
"1822","front_plank_walkout","Front Plank Walkout","Core","Core","Plyometrics","Body weight","Core","","1","44","missing_video"
"1823","front_plank_with_arm_and_leg_lift","Front Plank with Arm and Leg Lift","Core","Core","Waist","Body weight","","","2","74","duplicate_group"
"1824","front_plank_with_arm_and_leg_lift_front_plank_with_arm_and_leg_lift_81z","Front Plank with Arm and Leg Lift","Core","Core","Waist","Body weight","","","2","74","duplicate_group"
"1825","front_plank_with_arm_lift","Front Plank with Arm Lift","Core","Core","Waist","Body weight","","","2","44","missing_video;duplicate_group"
"1826","front_plank_with_arm_lift_front_plank_with_arm_lift_81y","Front Plank with Arm Lift","Core","Core","Waist","Body weight","","","2","44","missing_video;duplicate_group"
"1827","front_plank_with_leg_lift","Front Plank with Leg Lift","Core","Core","Waist","Body weight","","Glutes","2","74","video_target:Glutes;duplicate_group"
"1828","front_plank_with_leg_lift_front_plank_with_leg_lift_8sk","Front Plank with Leg Lift","Core","Core","Hips, Waist","Body weight","Glutes","Glutes","2","74","image_target:Glutes;video_target:Glutes;duplicate_group"
"1829","front_plank_with_twist","Front Plank with Twist","Core","Core","Waist","Body weight","Core","Core","1","74",""
"1830","front_to_side_plank","Front to Side Plank","Core","Core","Waist","Body weight","Core","","1","44","missing_video"
"1831","front_toe_touching","Front Toe Touching","Core","Custom","Back, Hips, Waist","Body weight","","","1","74",""
"1832","full_maltese","Full Maltese","Core","Custom","Waist","Body weight","","","1","44","missing_video"
"1833","full_planche","Full planche","Core","Custom","Waist","Body weight","Core","Core","1","74","image_target:Core;video_target:Core"
"1834","glute_bridge_march_glute_bridge_march_8u8","Glute Bridge March","Core","Glutes","Hips, Waist","Body weight","Glutes","","1","44","missing_video;muscle_mismatch:Core->Glutes"
"1835","gorilla_chin","Gorilla Chin","Core","Custom","Back","Body weight","Core","","2","44","missing_video;image_target:Core;duplicate_group"
"1836","gorilla_chin_gorilla_chin_6mf","Gorilla Chin","Core","Custom","Waist","Body weight","Core","","2","44","missing_video;image_target:Core;duplicate_group"
"1837","groin_crunch","Groin Crunch","Core","Core","Waist","Body weight","Core","","2","44","missing_video;duplicate_group"
"1838","groin_crunch_groin_crunch_6mh","Groin Crunch","Core","Core","Waist","Body weight","Core","Core","2","74","duplicate_group"
"1839","half_knee_bends","Half Knee Bends","Core","Custom","Cardio","Body weight","","","1","44","missing_video"
"1840","half_sit_up","Half Sit-up","Core","Core","Waist","Body weight","","","1","44","missing_video"
"1841","half_wipers","Half Wipers","Core","Custom","Waist","Body weight","Core","Core","1","74","image_target:Core;video_target:Core"
"1842","hand_opposite_knee_crunch","Hand Opposite Knee Crunch","Core","Core","Waist","Body weight","Core","","1","44","missing_video"
"1843","hands_bike","Hands bike","Core","Custom","Cardio","Leverage machine","","","1","74",""
"1844","hands_clasped_circular_toe_touch","Hands Clasped Circular Toe Touch","Core","Custom","Hips, Waist","Body weight","","","1","44","missing_video"
"1845","hands_reversed_clasped_circular_toe_touch","Hands Reversed Clasped Circular Toe Touch","Core","Custom","Hips, Waist","Body weight","","","1","44","missing_video"
"1846","hanging_knees_to_elbows","Hanging Knees to Elbows","Core","Custom","Waist","Body weight","Core","Core","1","74","image_target:Core;video_target:Core"
"1847","hanging_leg_hip_raise","Hanging Leg Hip Raise","Core","Custom","Hips, Waist","Body weight","Core","Core","2","74","image_target:Core;video_target:Core;duplicate_group"
"1848","hanging_leg_hip_raise_hanging_leg_hip_raise_7hx","Hanging Leg Hip Raise","Core","Custom","Waist","Body weight","Core","Core","2","74","image_target:Core;video_target:Core;duplicate_group"
"1849","hanging_oblique_knee_raise_hanging_oblique_knee_raise_8h3","Hanging Oblique Knee Raise","Core","Custom","Waist","Body weight","Core","Core","2","74","image_target:Core;video_target:Core;duplicate_group"
"1850","hanging_oblique_knee_raise","Hanging Oblique Knee Raise","Core","Custom","Waist","Body weight","Core","Core","2","74","image_target:Core;video_target:Core;duplicate_group"
"1851","hanging_pike","Hanging Pike","Core","Custom","Waist","Body weight","Core","","2","44","missing_video;image_target:Core;duplicate_group"
"1852","hanging_pike_hanging_pike_6ml","Hanging Pike","Core","Custom","Waist","Body weight","Core","","2","44","missing_video;image_target:Core;duplicate_group"
"1853","hanging_straight_leg_hip_raise","Hanging Straight Leg Hip Raise","Core","Custom","Hips, Waist","Body weight","Core","Core","2","74","image_target:Core;video_target:Core;duplicate_group"
"1854","hanging_straight_leg_hip_raise_hanging_straight_leg_hip_raise_6mm","Hanging Straight Leg Hip Raise","Core","Custom","Waist","Body weight","Core","Core","2","74","image_target:Core;video_target:Core;duplicate_group"
"1855","hanging_straight_leg_raise","Hanging Straight Leg Raise","Core","Core","Hips, Waist","Body weight","Glutes","Glutes","1","74","image_target:Glutes;video_target:Glutes"
"1856","hanging_straight_twisting_leg_hip_raise","Hanging Straight Twisting Leg Hip Raise","Core","Custom","Hips, Waist","Body weight","Core","","2","44","missing_video;image_target:Core;duplicate_group"
"1857","hanging_straight_twisting_leg_hip_raise_hanging_straight_twisting_leg_hip_raise_6mo","Hanging Straight Twisting Leg Hip Raise","Core","Custom","Waist","Body weight","Core","","2","44","missing_video;image_target:Core;duplicate_group"
"1858","hanging_toes_to_bar","Hanging Toes to Bar","Core","Custom","Waist","Body weight","Core","Core","1","74","image_target:Core;video_target:Core"
"1859","high_jump_rope","High Jump Rope","Core","Custom","Cardio","Rope","","","1","44","missing_video"
"1860","high_knee_against_wall","High Knee against wall","Core","Custom","Cardio","Body weight","","","1","44","missing_video"
"1861","high_knee_jump_rope","High Knee Jump Rope","Core","Custom","Cardio","Rope","","","1","44","missing_video"
"1862","high_knee_run","High Knee Run","Core","Custom","Cardio","Body weight","","","1","74",""
"1863","high_knee_skips","High Knee Skips","Core","Custom","Cardio","Body weight","","","2","74","duplicate_group"
"1864","high_knee_skips_high_knee_skips_6mp","High Knee Skips","Core","Custom","Cardio","Body weight","","","2","74","duplicate_group"
"1865","high_knee_sprints","High Knee Sprints","Core","Custom","Cardio","Body weight","","","1","74",""
"1866","high_knee_twist","High Knee Twist","Core","Custom","Cardio","Body weight","","","1","44","missing_video"
"1867","high_knees_butt_kicks","High knees butt kicks","Core","Custom","Cardio","Body weight","","","1","44","missing_video"
"1868","hip_crunch","Hip Crunch","Core","Core","Waist","Body weight","Core","","1","44","missing_video"
"1869","hip_extension_on_knees","Hip Extension On Knees","Core","Custom","Back, Hips, Waist","Body weight","Core","","1","44","missing_video;image_target:Core"
"1870","hip_extension_supported_from_back","Hip Extension Supported From Back","Core","Back","Back, Waist","Body weight","Back","","1","44","missing_video;muscle_mismatch:Core->Back"
"1871","hip_lift_low_back_off_floor","Hip Lift - Low Back Off Floor","Core","Back","Waist","Body weight","Core","","1","44","missing_video;muscle_mismatch:Core->Back;image_target:Core"
"1872","hip_raise_hip_raise_6mw","Hip Raise","Core","Custom","Waist","Body weight","Core","Core","2","74","image_target:Core;video_target:Core;duplicate_group"
"1873","hip_raise","Hip Raise","Core","Custom","Waist","Body weight","Core","Core","2","74","image_target:Core;video_target:Core;duplicate_group"
"1874","hip_raise_bridge","Hip Raise Bridge","Core","Glutes","Waist","Body weight","Core","","2","44","missing_video;muscle_mismatch:Core->Glutes;image_target:Core;duplicate_group"
"1875","hip_raise_bridge_hip_raise_bridge_6my","Hip Raise Bridge","Core","Glutes","Waist","Body weight","Core","Core","2","74","muscle_mismatch:Core->Glutes;image_target:Core;video_target:Core;duplicate_group"
"1876","hip_raise_crunch","Hip Raise Crunch","Core","Core","Hips","Body weight","Glutes","","1","44","missing_video;image_target:Glutes"
"1877","hip_roll_plank","Hip Roll Plank","Core","Core","Waist","Body weight","Core","","1","44","missing_video"
"1878","hip_twist_supported_arms","Hip Twist Supported Arms","Core","Custom","Hips, Waist","Body weight","Glutes","Glutes","1","74","image_target:Glutes;video_target:Glutes"
"1879","hollow_hold","Hollow Hold","Core","Custom","Waist","Body weight","Core","Core","1","74","image_target:Core;video_target:Core"
"1880","hyperextension","Hyperextension","Core","Custom","Waist","Body weight","Core","","2","44","missing_video;image_target:Core;duplicate_group"
"1881","hyperextension_hyperextension_6mb","Hyperextension","Core","Custom","Waist","Body weight","Core","Core","2","74","image_target:Core;video_target:Core;duplicate_group"
"1882","inchworm_inchworm_8xb","Inchworm","Core","Custom","Waist","Body weight","Core","","2","44","missing_video;image_target:Core;duplicate_group"
"1883","inchworm","Inchworm","Core","Custom","Waist","Body weight","Core","Core","2","74","image_target:Core;video_target:Core;duplicate_group"
"1884","incline_leg_hip_raise_incline_leg_hip_raise_6md","Incline Leg Hip Raise","Core","Custom","Waist","Body weight","Core","Core","2","74","image_target:Core;video_target:Core;duplicate_group"
"1885","incline_leg_hip_raise","Incline Leg Hip Raise","Core","Custom","Waist","Body weight","Core","Core","2","74","image_target:Core;video_target:Core;duplicate_group"
"1886","incline_twisting_sit_up","Incline Twisting Sit-up","Core","Core","Waist","Body weight","Core","Core","2","74","duplicate_group"
"1887","incline_twisting_sit_up_incline_twisting_sit_up_6n7","Incline Twisting Sit-up","Core","Core","Waist","Body weight","Core","","2","44","missing_video;duplicate_group"
"1888","internal_obliques","Internal obliques","Core","Custom","Waist","Body weight","","","1","24","missing_image;missing_video"
"1889","iron_cross_plank","Iron Cross Plank","Core","Core","Back","Body weight","Back","","1","44","missing_video;image_target:Back"
"1890","jack_burpee","Jack Burpee","Core","Custom","Cardio","Body weight","","","1","44","missing_video"
"1891","jack_jump","Jack Jump","Core","Custom","Cardio","Body weight","","","1","44","missing_video"
"1892","jack_knife_floor","Jack knife Floor","Core","Custom","Waist","Body weight","Core","Core","1","74","image_target:Core;video_target:Core"
"1893","jack_knife_on_ball","Jack knife on Ball","Core","Custom","Waist","Stability ball","Core","","1","44","missing_video;image_target:Core"
"1894","jack_knife_sit_up","Jack knife Sit-Up","Core","Core","Waist","Body weight","Core","","1","44","missing_video"
"1895","jack_plank","Jack Plank","Core","Core","Waist","Body weight","Core","","1","44","missing_video"
"1896","jack_plank_on_medicine_ball","Jack Plank on Medicine Ball","Core","Core","Waist","Medicine Ball","","","1","44","missing_video"
"1897","jack_press","Jack Press","Core","Custom","Cardio","Medicine Ball","","","1","44","missing_video"
"1898","jack_split_crunches","Jack Split Crunches","Core","Core","Waist","Body weight","Core","Core","1","74",""
"1899","jack_step_jack_step_6ni","Jack Step","Core","Custom","Cardio","Body weight","","","1","44","missing_video"
"1900","jackknife_sit_up","Jackknife Sit-Up","Core","Core","Waist","Body weight","Core","","1","44","missing_video"
"1901","janda_sit_up","Janda Sit up","Core","Core","Waist","Body weight","Core","Core","2","74","duplicate_group"
"1902","janda_sit_up_janda_sit_up_6nk","Janda Sit-up","Core","Core","Waist","Body weight","Core","","2","44","missing_video;duplicate_group"
"1903","jump_rope","Jump Rope","Core","Custom","Cardio","Rope","","","1","74",""
"1904","jumping_jack","Jumping Jack","Core","Custom","Cardio","Body weight","","","2","74","duplicate_group"
"1905","jumping_jack_jumping_jack_6ns","Jumping Jack","Core","Custom","Cardio","Body weight","","","2","74","duplicate_group"
"1906","kettlebell_advanced_windmill","Kettlebell Advanced Windmill","Core","Custom","Waist","Kettlebell","Core","Core","1","74","image_target:Core;video_target:Core"
"1907","kettlebell_bent_press","Kettlebell Bent Press","Core","Custom","Waist","Kettlebell","Core","Core","2","74","image_target:Core;video_target:Core;duplicate_group"
"1908","kettlebell_bent_press_kettlebell_bent_press_6na","Kettlebell Bent Press","Core","Custom","Waist","Kettlebell","Core","","2","44","missing_video;image_target:Core;duplicate_group"
"1909","kettlebell_dead_bug","Kettlebell Dead Bug","Core","Custom","Waist","Kettlebell","Core","","1","44","missing_video;image_target:Core"
"1910","kettlebell_double_windmill_kettlebell_double_windmill_9jm","Kettlebell Double Windmill","Core","Custom","Waist","Kettlebell","Core","","2","44","missing_video;image_target:Core;duplicate_group"
"1911","kettlebell_double_windmill","Kettlebell Double Windmill","Core","Custom","Waist","Kettlebell","Core","","2","44","missing_video;image_target:Core;duplicate_group"
"1912","kettlebell_figure_8","Kettlebell Figure 8","Core","Custom","Waist","Kettlebell","Core","","2","44","missing_video;image_target:Core;duplicate_group"
"1913","kettlebell_figure_8_kettlebell_figure_8_6o8","Kettlebell Figure 8","Core","Custom","Waist","Kettlebell","Core","","2","44","missing_video;image_target:Core;duplicate_group"
"1914","kettlebell_russian_twist","Kettlebell Russian Twist","Core","Custom","Waist","Kettlebell","Core","Core","1","74","image_target:Core;video_target:Core"
"1915","kettlebell_side_bend","Kettlebell Side Bend","Core","Custom","Waist","Kettlebell","Core","","1","44","missing_video;image_target:Core"
"1916","kettlebell_single_arm_sit_up","Kettlebell Single Arm Sit-Up","Core","Core","Chest","Kettlebell","Chest","","1","44","missing_video;image_target:Chest"
"1917","kettlebell_sit_up","Kettlebell Sit-up","Core","Core","Waist","Kettlebell","Core","","2","44","missing_video;duplicate_group"
"1918","kettlebell_sit_up_kettlebell_sit_up_9jo","Kettlebell Sit-Up","Core","Core","Chest","Kettlebell","Chest","","2","44","missing_video;image_target:Chest;duplicate_group"
"1919","kettlebell_windmill_kettlebell_windmill_9jl","Kettlebell Windmill","Core","Custom","Waist","Kettlebell","Core","","2","44","missing_video;image_target:Core;duplicate_group"
"1920","kettlebell_windmill","Kettlebell Windmill","Core","Custom","Waist","Kettlebell","Core","Core","2","74","image_target:Core;video_target:Core;duplicate_group"
"1921","knee_touch_crunch","Knee Touch Crunch","Core","Core","Waist","Body weight","","","2","24","missing_image;missing_video;duplicate_group"
"1922","knee_touch_crunch_knee_touch_crunch_8wf","Knee Touch Crunch","Core","Core","Waist","Body weight","Core","Core","2","74","duplicate_group"
"1923","kneeling_abdominal_stretch","Kneeling Abdominal Stretch","Core","Custom","Waist","Body weight","Core","","1","44","missing_video;image_target:Core"
"1924","kneeling_plank","Kneeling plank","Core","Core","Waist","Body weight","Core","Core","1","74",""
"1925","kneeling_plank_tap_shoulder","Kneeling Plank Tap Shoulder","Core","Core","Waist","Body weight","Core","","1","44","missing_video"
"1926","kneeling_push_up_to_child_pose","Kneeling Push up to Child Pose","Core","Chest","Back, Waist","Body weight","Chest","Chest","1","74","muscle_mismatch:Core->Chest"
"1927","kneeling_rotational_push_up","Kneeling Rotational Push-up","Core","Chest","Chest, Waist","Body weight","Chest","Chest","1","74","muscle_mismatch:Core->Chest"
"1928","kneeling_shoulder_tap","Kneeling Shoulder Tap","Core","Shoulders","Waist","Body weight","","Core","1","54","missing_image;muscle_mismatch:Core->Shoulders;video_target:Core"
"1929","kneeling_t_spine_mobility","Kneeling T Spine Mobility","Core","Custom","Waist","Body weight","Glutes","","1","44","missing_video;image_target:Glutes"
"1930","l_pull_up","L-Pull-up","Core","Back","Back, Waist","Body weight","Back","Back","1","74","muscle_mismatch:Core->Back"
"1931","l_sit","L-sit","Core","Custom","Waist","Body weight","Core","Core","1","74","image_target:Core;video_target:Core"
"1932","l_sit_on_floor","L-Sit on Floor","Core","Custom","Upper Arms","Body weight","Core","Core","1","74","image_target:Core;video_target:Core"
"1933","landmine_180","Landmine 180","Core","Custom","Waist","Leverage machine","Core","Core","2","74","image_target:Core;video_target:Core;duplicate_group"
"1934","landmine_180_landmine_180_6oc","Landmine 180","Core","Custom","Waist","Barbell","Core","Core","2","74","image_target:Core;video_target:Core;duplicate_group"
"1935","lateral_bend_lying_down","Lateral Bend Lying Down","Core","Custom","Back, Waist","Body weight","Core","","1","44","missing_video;image_target:Core"
"1936","lateral_bend_on_floor_by_kneeing","Lateral Bend On Floor By Kneeing","Core","Custom","Waist","Body weight","Core","","1","44","missing_video;image_target:Core"
"1937","lateral_side_plank","Lateral Side Plank","Core","Core","Hips","Body weight","Glutes","","2","44","missing_video;image_target:Glutes;duplicate_group"
"1938","lateral_side_plank_lateral_side_plank_710","Lateral Side Plank","Core","Core","Hips","Body weight","Glutes","","2","44","missing_video;image_target:Glutes;duplicate_group"
"1939","lateral_stretch_on_floor_lying_down","Lateral Stretch On Floor Lying Down","Core","Custom","Waist","Body weight","Core","","1","44","missing_video;image_target:Core"
"1940","lateral_twist_box_jump","Lateral Twist box Jump","Core","Custom","Cardio","Body weight","","","1","44","missing_video"
"1941","lean_plank","Lean plank","Core","Core","Waist","Body weight","Core","","1","44","missing_video"
"1942","leg_bench_side_bridge","Leg Bench Side Bridge","Core","Glutes","Waist","Body weight","Core","","1","44","missing_video;muscle_mismatch:Core->Glutes;image_target:Core"
"1943","leg_extension_crunch","Leg Extension Crunch","Core","Core","Quadriceps, Thighs","Stability ball","Core","Core","1","74",""
"1944","leg_extension_plank","Leg Extension Plank","Core","Core","Waist","Body weight","Core","","1","44","missing_video"
"1945","leg_lift_to_chest_front_plank","Leg Lift to Chest Front Plank","Core","Core","Plyometrics","Body weight","Chest","","1","44","missing_video;image_target:Chest"
"1946","leg_pull_in_flat_bench","Leg Pull In Flat Bench","Core","Custom","Waist","Body weight","Core","","1","44","missing_video;image_target:Core"
"1947","leg_raise_dragon_flag","Leg Raise Dragon Flag","Core","Core","Waist","Body weight","Core","","1","44","missing_video"
"1948","leg_raise_hip_lift","Leg Raise Hip Lift","Core","Core","Waist","Body weight","Core","Core","1","74",""
"1949","leg_raise_hip_lift_with_head_up","Leg Raise Hip Lift with Head up","Core","Core","Waist","Body weight","Core","Core","1","74",""
"1950","leg_raise_slightly_bent_knee","Leg Raise Slightly Bent Knee","Core","Core","Waist","Body weight","Core","","1","44","missing_video"
"1951","lever_back_extension_lever_back_extension_8vi","Lever Back Extension","Core","Posterior","Hips","Leverage machine","Core","Core","2","74","muscle_mismatch:Core->Posterior;duplicate_group"
"1952","lever_back_extension_lever_back_extension_6p3","Lever Back Extension","Core","Posterior","Waist","Leverage machine","Core","Core","2","74","muscle_mismatch:Core->Posterior;duplicate_group"
"1953","lever_decline_sit_up","Lever Decline Sit-up","Core","Core","Waist","Leverage machine","Core","","1","44","missing_video"
"1954","lever_kneeling_twist","Lever Kneeling Twist","Core","Custom","Waist","Leverage machine","Core","Core","1","74","image_target:Core;video_target:Core"
"1955","lever_lying_crunch_lever_lying_crunch_7vu","Lever Lying Crunch","Core","Core","Waist","Leverage machine","Core","Core","2","74","duplicate_group"
"1956","lever_lying_crunch","Lever Lying Crunch","Core","Core","Waist","Leverage machine","Core","Core","2","74","duplicate_group"
"1957","lever_lying_leg_raise_bent_knee","Lever Lying Leg Raise Bent Knee","Core","Core","Waist","Leverage machine","Glutes","Glutes","1","74","image_target:Glutes;video_target:Glutes"
"1958","lever_seated_crunch","Lever Seated Crunch","Core","Core","Waist","Leverage machine","Core","","6","74","duplicate_group"
"1959","lever_seated_crunch_lever_seated_crunch_7ul","Lever Seated Crunch","Core","Core","Waist","Leverage machine","Core","Core","6","74","duplicate_group"
"1960","lever_seated_crunch_lever_seated_crunch_7zg","Lever Seated Crunch","Core","Core","Waist","Leverage machine","Core","Core","6","74","duplicate_group"
"1961","lever_seated_crunch_lever_seated_crunch_8zj","Lever Seated Crunch","Core","Core","Waist","Leverage machine","Core","Core","6","74","duplicate_group"
"1962","lever_seated_crunch_lever_seated_crunch_8zq","Lever Seated Crunch","Core","Core","Waist","Leverage machine","Core","","6","44","missing_video;duplicate_group"
"1963","lever_seated_crunch_lever_seated_crunch_70a","Lever Seated Crunch","Core","Core","Waist","Leverage machine","Core","Core","6","74","duplicate_group"
"1964","lever_seated_full_crunch","Lever Seated Full Crunch","Core","Core","Waist","Leverage machine","Core","","1","44","missing_video"
"1965","lever_seated_left_side_crunch","Lever Seated Left Side Crunch","Core","Core","Waist","Leverage machine","Core","","1","44","missing_video"
"1966","lever_seated_leg_raise_crunch_lever_seated_leg_raise_crunch_6pe","Lever Seated Leg Raise Crunch","Core","Core","Waist","Leverage machine","Core","Core","2","74","duplicate_group"
"1967","lever_seated_leg_raise_crunch","Lever Seated Leg Raise Crunch","Core","Core","Waist","Leverage machine","Core","Core","2","74","duplicate_group"
"1968","lever_seated_right_side_crunch","Lever Seated Right Side Crunch","Core","Core","Waist","Leverage machine","Core","","1","44","missing_video"
"1969","lever_seated_twist","Lever Seated Twist","Core","Custom","Waist","Leverage machine","Core","","2","44","missing_video;image_target:Core;duplicate_group"
"1970","lever_seated_twist_lever_seated_twist_70b","Lever Seated Twist","Core","Custom","Waist","Leverage machine","Core","Core","2","74","image_target:Core;video_target:Core;duplicate_group"
"1971","lever_stepper","Lever stepper","Core","Custom","Cardio","Body weight","","","1","74",""
"1972","lever_total_abdominal_crunch","Lever Total Abdominal Crunch","Core","Core","Waist","Leverage machine","Core","Core","1","74",""
"1973","lever_twist","Lever Twist","Core","Custom","Waist","Leverage machine","Core","","1","44","missing_video;image_target:Core"
"1974","long_arm_crunch_long_arm_crunch_92b","Long Arm Crunch","Core","Core","Waist","Body weight","","","2","24","missing_image;missing_video;duplicate_group"
"1975","long_arm_crunch","Long Arm Crunch","Core","Core","Waist","Body weight","Core","Core","2","74","duplicate_group"
"1976","low_jacks","Low Jacks","Core","Custom","Cardio","Body weight","","","1","44","missing_video"
"1977","lower_trunk_flexor_stretch","Lower Trunk Flexor Stretch","Core","Custom","Waist","Body weight","Core","","1","44","missing_video;image_target:Core"
"1978","lunge_with_twist","Lunge with Twist","Core","Quads","Waist","Body weight","Thighs","Thighs","1","74","muscle_mismatch:Core->Quads"
"1979","lying","Lying","Core","Custom","Waist","Body weight","Core","Core","2","74","image_target:Core;video_target:Core;duplicate_group"
"1980","lying_lying_759","Lying","Core","Custom","Waist","Body weight","Core","Core","2","74","image_target:Core;video_target:Core;duplicate_group"
"1981","lying_ab_press","Lying Ab Press","Core","Custom","Waist","Body weight","Core","","2","44","missing_video;image_target:Core;duplicate_group"
"1982","lying_ab_press_lying_ab_press_9i5","Lying Ab Press","Core","Custom","Waist","Body weight","Core","","2","44","missing_video;image_target:Core;duplicate_group"
"1983","lying_elbow_to_knee","Lying Elbow to Knee","Core","Custom","Waist","Body weight","Core","Core","1","74","image_target:Core;video_target:Core"
"1984","lying_knee_roll_over_stretch","Lying Knee Roll Over Stretch","Core","Custom","Hips, Waist","Body weight","Core","","1","44","missing_video;image_target:Core"
"1985","lying_leg_hip_raise_lying_leg_hip_raise_7zi","Lying leg hip raise","Core","Custom","Waist","Body weight","Core","Core","2","74","image_target:Core;video_target:Core;duplicate_group"
"1986","lying_leg_hip_raise_on_floor","Lying Leg Hip Raise on Floor","Core","Custom","Waist","Body weight","","Core","2","54","missing_image;video_target:Core;duplicate_group"
"1987","lying_leg_hip_raise_on_floor_lying_leg_hip_raise_on_floor_8pk","Lying Leg Hip Raise on Floor","Core","Custom","Waist","Body weight","Core","Core","2","74","image_target:Core;video_target:Core;duplicate_group"
"1988","lying_leg_hip_side_raise_on_floor","Lying Leg Hip Side Raise on Floor","Core","Custom","Hips, Waist","Body weight","Core","","1","44","missing_video;image_target:Core"
"1989","lying_leg_raise_lying_leg_raise_755","Lying Leg Raise","Core","Core","Waist","Body weight","Core","Core","1","74",""
"1990","lying_leg_raise_flat_bench","Lying Leg Raise Flat Bench","Core","Core","Waist","Body weight","Core","","1","44","missing_video"
"1991","lying_leg_raise_to_side","Lying Leg Raise to Side","Core","Core","Hips, Waist","Body weight","Core","Core","1","74",""
"1992","lying_leg_tuck_hip_twist_stretch","Lying Leg Tuck Hip Twist Stretch","Core","Custom","Thighs","Body weight","Glutes","","1","44","missing_video;image_target:Glutes"
"1993","lying_leg_tuck_hip_twist_to_left_stretch","Lying Leg Tuck Hip Twist to Left Stretch","Core","Custom","Thighs","Body weight","Glutes","","1","44","missing_video;image_target:Glutes"
"1994","lying_leg_hip_raise","Lying leg-hip raise","Core","Custom","Waist","Body weight","Core","Core","2","74","image_target:Core;video_target:Core;duplicate_group"
"1995","lying_scissor_crunch","Lying Scissor Crunch","Core","Core","Waist","Body weight","Core","","1","44","missing_video"
"1996","lying_single_leg_circle","Lying Single Leg Circle","Core","Custom","Hips, Waist","Body weight","","","1","44","missing_video"
"1997","lying_straight_leg_marches","Lying Straight Leg Marches","Core","Custom","Hips, Waist","Body weight","Core","Core","1","74","image_target:Core;video_target:Core"
"1998","lying_upper_body_rotation","Lying Upper Body Rotation","Core","Custom","Chest, Shoulders, Waist","Body weight","","","1","44","missing_video"
"1999","marching_on_spot","Marching On Spot","Core","Custom","Cardio","Body weight","","","1","74",""
"2000","medicine_ball_crunch","Medicine Ball Crunch","Core","Core","Waist","Medicine Ball","Core","","1","44","missing_video"
"2001","medicine_ball_overhead_slam_medicine_ball_overhead_slam_7c8","Medicine Ball Overhead Slam","Core","Custom","Hips, Waist","Medicine Ball","Back","Back","1","74","image_target:Back;video_target:Back"
"2002","medicine_ball_reverse_wood_chop_squat","Medicine Ball Reverse Wood Chop Squat","Core","Quads","Waist","Medicine Ball","Core","","1","44","missing_video;muscle_mismatch:Core->Quads;image_target:Core"
"2003","medicine_ball_rotational_throw","Medicine Ball Rotational Throw","Core","Back","Waist","Medicine Ball","Core","","1","44","missing_video;muscle_mismatch:Core->Back;image_target:Core"
"2004","medicine_ball_single_leg_wood_chop","Medicine Ball Single Leg Wood Chop","Core","Custom","Waist","Medicine Ball","Core","","1","44","missing_video;image_target:Core"
"2005","medicine_ball_sit_up","Medicine Ball Sit up","Core","Core","Waist","Medicine Ball","Core","Core","1","74",""
"2006","mermaid","Mermaid","Core","Custom","Waist","Body weight","","","1","44","missing_video"
"2007","middle_back_stretch","Middle Back Stretch","Core","Back","Waist","Body weight","Core","Core","2","74","muscle_mismatch:Core->Back;image_target:Core;video_target:Core;duplicate_group"
"2008","middle_back_stretch_middle_back_stretch_6qu","Middle Back Stretch","Core","Back","Waist","Body weight","Core","Core","2","74","muscle_mismatch:Core->Back;image_target:Core;video_target:Core;duplicate_group"
"2009","mountain_climber","Mountain Climber","Core","Custom","Cardio","Body weight","","","1","74",""
"2010","narrow_leg_bench_bridge","Narrow Leg Bench Bridge","Core","Glutes","Waist","Body weight","Core","","1","44","missing_video;muscle_mismatch:Core->Glutes;image_target:Core"
"2011","negative_crunch","Negative Crunch","Core","Core","Waist","Body weight","Core","","1","44","missing_video"
"2012","oblique","Oblique","Core","Custom","Waist","Body weight","","","1","24","missing_image;missing_video"
"2013","oblique_crunch","Oblique Crunch","Core","Core","Waist","Body weight","Core","Core","2","74","duplicate_group"
"2014","oblique_crunch_oblique_crunch_7z4","Oblique Crunch","Core","Core","Waist","Body weight","Core","","2","44","missing_video;duplicate_group"
"2015","oblique_crunches_floor","Oblique Crunches Floor","Core","Core","Waist","Body weight","Core","Core","1","74",""
"2016","oblique_crunches_with_bent_knee_leg_lift","Oblique Crunches with Bent Knee Leg Lift","Core","Core","Waist","Body weight","Core","","1","44","missing_video"
"2017","oblique_crunches_with_straight_leg_lift","Oblique Crunches with Straight Leg Lift","Core","Core","Waist","Body weight","Core","Core","1","74",""
"2018","oblique_v_up_on_floor","Oblique V-up on Floor","Core","Custom","Hips, Waist","Body weight","Core","Core","1","74","image_target:Core;video_target:Core"
"2019","one_arm_front_plank","One Arm Front Plank","Core","Core","Waist","Body weight","Core","","1","44","missing_video"
"2020","one_arm_slam","One Arm Slam","Core","Custom","Waist","Medicine Ball","Core","","1","44","missing_video;image_target:Core"
"2021","one_arm_twisted_clean_and_press","One Arm Twisted Clean and Press","Core","Custom","Weightlifting","Barbell","","","1","44","missing_video"
"2022","otis_up_otis_up_6r9","Otis Up","Core","Custom","Waist","Weighted","Core","Core","2","74","image_target:Core;video_target:Core;duplicate_group"
"2023","otis_up","Otis-Up","Core","Custom","Hips, Shoulders, Waist","Weighted","Core","Core","2","74","image_target:Core;video_target:Core;duplicate_group"
"2024","pelvic_tilt","Pelvic Tilt","Core","Custom","Hips, Waist","Body weight","Glutes","","2","44","missing_video;image_target:Glutes;duplicate_group"
"2025","pelvic_tilt_pelvic_tilt_8iy","Pelvic Tilt","Core","Custom","Waist","Body weight","Glutes","Glutes","2","74","image_target:Glutes;video_target:Glutes;duplicate_group"
"2026","place_jog","Place Jog","Core","Custom","Cardio","Body weight","","","1","74",""
"2027","plank_butt","Plank - Butt","Core","Core","Waist","Body weight","","","1","44","missing_video"
"2028","plank_arm_lifts","Plank arm lifts","Core","Core","Back","Body weight","Back","Back","1","74","image_target:Back;video_target:Back"
"2029","plank_jack","Plank Jack","Core","Core","Waist","Body weight","Core","Core","1","74",""
"2030","plank_jump","Plank Jump","Core","Core","Waist","Body weight","","","1","44","missing_video"
"2031","plank_push_up_row","Plank Push-Up Row","Core","Core","Back, Chest","Dumbbell","","","1","74",""
"2032","plank_walk_up","Plank Walk-Up","Core","Core","Chest, Waist","Body weight","","","1","44","missing_video"
"2033","plow_yoga_pose","Plow Yoga Pose","Core","Custom","Waist","Body weight","Core","","1","44","missing_video;image_target:Core"
"2034","plyo_jacks","Plyo Jacks","Core","Custom","Cardio","Body weight","","","2","44","missing_video;duplicate_group"
"2035","plyo_jacks_plyo_jacks_6r3","Plyo Jacks","Core","Custom","Cardio","Body weight","","","2","44","missing_video;duplicate_group"
"2036","potty_squat","Potty Squat","Core","Quads","Waist","Body weight","Glutes","","2","44","missing_video;muscle_mismatch:Core->Quads;image_target:Glutes;duplicate_group"
"2037","potty_squat_potty_squat_8i6","Potty Squat","Core","Quads","Waist","Body weight","Glutes","","2","44","missing_video;muscle_mismatch:Core->Quads;image_target:Glutes;duplicate_group"
"2038","power_point_plank","Power Point Plank","Core","Core","Quadriceps, Thighs","Body weight","","","1","44","missing_video"
"2039","pretzel_stretch","Pretzel Stretch","Core","Custom","Waist","Body weight","Core","","1","44","missing_video;image_target:Core"
"2040","prisoner_half_sit_up","Prisoner Half Sit-up","Core","Core","Waist","Body weight","","","1","44","missing_video"
"2041","prone_press_swan","Prone Press-Swan","Core","Custom","Hips, Waist","Body weight","","","1","74",""
"2042","prone_twist_on_stability_ball","Prone Twist On Stability Ball","Core","Custom","Waist","Stability ball","Core","","1","44","missing_video;image_target:Core"
"2043","pull_in","Pull-In","Core","Custom","Waist","Stability ball","Core","Core","1","74","image_target:Core;video_target:Core"
"2044","pulse_up","Pulse-up","Core","Custom","Waist","Body weight","Core","Core","1","74","image_target:Core;video_target:Core"
"2045","push_to_run","Push to Run","Core","Custom","Cardio","Body weight","","","1","44","missing_video"
"2046","push_up_push_up_81k","Push Up","Core","Chest","Chest, Hips, Waist","Body weight","","","1","44","missing_video;muscle_mismatch:Core->Chest"
"2047","push_up_to_side_plank","Push-Up to Side Plank","Core","Core","Chest","Body weight","Chest","Chest","1","74","image_target:Chest;video_target:Chest"
"2048","quarter_sit_up","Quarter Sit up","Core","Core","Waist","Body weight","Core","Core","2","74","duplicate_group"
"2049","quarter_sit_up_quarter_sit_up_8kf","Quarter Sit-up","Core","Core","Waist","Body weight","","","2","44","missing_video;duplicate_group"
"2050","quick_feet_run","Quick Feet Run","Core","Custom","Cardio","Body weight","Calves","","1","44","missing_video;image_target:Calves"
"2051","quickly_trot_in_place","Quickly Trot in place","Core","Custom","Cardio","Body weight","","","1","44","missing_video"
"2052","rear_decline_bridge","Rear Decline Bridge","Core","Glutes","Waist","Body weight","Core","Core","1","74","muscle_mismatch:Core->Glutes;image_target:Core;video_target:Core"
"2053","rectus_abdomen","Rectus Abdomen","Core","Custom","Waist","Body weight","","","1","24","missing_image;missing_video"
"2054","resistance_band_air_bike","Resistance Band Air Bike","Core","Custom","Waist","Resistance Band","Core","","1","44","missing_video;image_target:Core"
"2055","resistance_band_anti_rotation_dead_bug","Resistance Band Anti Rotation Dead Bug","Core","Custom","Waist","Resistance Band","Core","","1","44","missing_video;image_target:Core"
"2056","resistance_band_front_plank_with_kicked_leg","Resistance Band Front Plank With Kicked Leg","Core","Core","Hips, Waist","Resistance Band","Glutes","","1","44","missing_video;image_target:Glutes"
"2057","resistance_band_front_plank_with_single_arm_pulldown","Resistance Band Front Plank with Single Arm Pulldown","Core","Core","Back","Resistance Band","","","1","44","missing_video"
"2058","resistance_band_horizontal_pallof_press","Resistance Band Horizontal Pallof Press","Core","Custom","Waist","Resistance Band","Core","Core","1","74","image_target:Core;video_target:Core"
"2059","resistance_band_kneeling_side_plank","Resistance Band Kneeling Side Plank","Core","Core","Hips","Resistance Band","Glutes","","1","44","missing_video;image_target:Glutes"
"2060","resistance_band_plank_march_resistance_band_plank_march_7ck","Resistance Band Plank March","Core","Core","Hips","Resistance Band","Thighs","","2","44","missing_video;image_target:Thighs;duplicate_group"
"2061","resistance_band_plank_march","Resistance Band Plank March","Core","Core","Hamstrings, Thighs","Resistance Band","Thighs","","2","44","missing_video;image_target:Thighs;duplicate_group"
"2062","resistance_band_side_plank","Resistance Band Side Plank","Core","Core","Hips, Waist","Resistance Band","Core","","1","44","missing_video"
"2063","resistance_band_side_step_with_horizontal_pallof_hold","Resistance Band Side Step with Horizontal Pallof Hold","Core","Custom","Waist","Resistance Band","","","1","44","missing_video"
"2064","resistance_band_split_squat_with_horizontal_pallof_hold","Resistance Band Split Squat with Horizontal Pallof Hold","Core","Quads","Waist","Resistance Band","","","1","44","missing_video;muscle_mismatch:Core->Quads"
"2065","resistance_band_squat_with_horizontal_pallof_hold","Resistance Band Squat with Horizontal Pallof Hold","Core","Quads","Waist","Resistance Band","","","1","44","missing_video;muscle_mismatch:Core->Quads"
"2066","resistance_band_upper_body_dead_bug","Resistance Band Upper Body Dead Bug","Core","Custom","Hips, Waist","Resistance Band","Core","Core","1","74","image_target:Core;video_target:Core"
"2067","resistance_band_upper_body_lying_air_bike","Resistance Band Upper Body Lying Air Bike","Core","Custom","Waist","Resistance Band","","","1","44","missing_video"
"2068","reverse_crunch_reverse_crunch_96g","Reverse Crunch","Core","Core","Waist","Body weight","Core","Core","3","74","duplicate_group"
"2069","reverse_crunch_reverse_crunch_6rd","Reverse Crunch","Core","Core","Waist","Body weight","Core","Core","3","74","duplicate_group"
"2070","reverse_crunch","Reverse Crunch","Core","Core","Waist","Body weight","Core","Core","3","74","duplicate_group"
"2071","reverse_crunch_kick","Reverse Crunch Kick","Core","Core","Waist","Body weight","Core","","1","44","missing_video"
"2072","reverse_crunch_to_dead_bug","Reverse Crunch to Dead Bug","Core","Core","Waist","Body weight","Core","","1","44","missing_video"
"2073","reverse_plank","Reverse plank","Core","Core","Back","Body weight","Back","Back","1","74","image_target:Back;video_target:Back"
"2074","reverse_plank_with_leg_lift","Reverse Plank with Leg Lift","Core","Core","Quadriceps, Thighs","Body weight","Glutes","Glutes","1","74","image_target:Glutes;video_target:Glutes"
"2075","rocker_with_open_legs","Rocker with Open Legs","Core","Custom","Hips, Waist","Body weight","","","1","44","missing_video"
"2076","rocking","Rocking","Core","Custom","Hips, Waist","Body weight","","","1","44","missing_video"
"2077","roll_ball_diaphragm","Roll Ball Diaphragm","Core","Custom","Waist","Rollball","Core","","1","44","missing_video;image_target:Core"
"2078","roll_ball_external_oblique","Roll Ball External Oblique","Core","Custom","Waist","Rollball","Core","","1","44","missing_video;image_target:Core"
"2079","roll_ball_rectus_abdominis","Roll Ball Rectus Abdominis","Core","Custom","Waist","Rollball","Core","","1","44","missing_video;image_target:Core"
"2080","roll_rectus_femoris","Roll Rectus Femoris","Core","Custom","Quadriceps, Thighs","Roll","Core","Thighs","1","74","image_target:Core;video_target:Thighs"
"2081","roll_up","Roll Up","Core","Custom","Waist","Body weight","","","1","44","missing_video"
"2082","rolling_back","Rolling Back","Core","Back","Waist","Body weight","Back","","1","44","missing_video;muscle_mismatch:Core->Back"
"2083","rolling_bridge","Rolling Bridge","Core","Glutes","Waist","Body weight","Core","Core","1","74","muscle_mismatch:Core->Glutes;image_target:Core;video_target:Core"
"2084","rollover","Rollover","Core","Custom","Hips, Waist","Body weight","","","1","44","missing_video"
"2085","roman_chair_sit_up","Roman Chair Sit-Up","Core","Core","Waist","Body weight","Core","Core","1","74",""
"2086","romanian_chair_sit_up","Romanian Chair Sit-Up","Core","Core","Hips","Body weight","Glutes","","1","44","missing_video;image_target:Glutes"
"2087","rotate_push_up_rotate_push_up_6s3","Rotate Push-up","Core","Chest","Waist","Body weight","Core","","2","44","missing_video;muscle_mismatch:Core->Chest;image_target:Core;duplicate_group"
"2088","rotate_push_up","Rotate Push-up","Core","Chest","Waist","Body weight","Core","Core","2","74","muscle_mismatch:Core->Chest;image_target:Core;video_target:Core;duplicate_group"
"2089","rotating_stomach_stretch","Rotating Stomach Stretch","Core","Custom","Waist","Body weight","Core","Core","1","74","image_target:Core;video_target:Core"
"2090","rotational_jacks","Rotational Jacks","Core","Custom","Cardio","Body weight","","","1","44","missing_video"
"2091","rotational_push_up","Rotational Push-Up","Core","Chest","Chest, Waist","Body weight","Chest","Chest","1","74","muscle_mismatch:Core->Chest"
"2092","run_run_6sg","Run","Core","Custom","Cardio","Body weight","","","3","74","duplicate_group"
"2093","run","Run","Core","Custom","Cardio","Body weight","","","3","74","duplicate_group"
"2094","run_run_6sh","Run","Core","Custom","Cardio","Body weight","","","3","74","duplicate_group"
"2095","run_and_half_knee_bend","Run and Half Knee Bend","Core","Custom","Cardio","Body weight","","","1","74",""
"2096","run_and_hop","Run and Hop","Core","Custom","Cardio","Body weight","","","1","74",""
"2097","run_and_jack_jump","Run and Jack Jump","Core","Custom","Cardio","Body weight","","","1","74",""
"2098","run_on_treadmill","Run on Treadmill","Core","Custom","Cardio","Leverage machine","","","1","74",""
"2099","russian_twist","Russian Twist","Core","Custom","Waist","Stability ball","Core","","4","74","image_target:Core;duplicate_group"
"2100","russian_twist_russian_twist_76t","Russian Twist","Core","Custom","Waist","Medicine Ball","Core","Core","4","74","image_target:Core;video_target:Core;duplicate_group"
"2101","russian_twist_russian_twist_7bb","Russian Twist","Core","Custom","Waist","Body weight","Core","Core","4","74","image_target:Core;video_target:Core;duplicate_group"
"2102","russian_twist_russian_twist_6sj","Russian Twist","Core","Custom","Waist","Body weight","Core","Core","4","74","image_target:Core;video_target:Core;duplicate_group"
"2103","russian_twist_with_hands_on_chest","Russian Twist With Hands on Chest","Core","Chest","Waist","Body weight","","Core","1","54","missing_image;muscle_mismatch:Core->Chest;video_target:Core"
"2104","saw","Saw","Core","Custom","Waist","Body weight","","","1","44","missing_video"
"2105","scissor_jumps","Scissor Jumps","Core","Custom","Cardio","Body weight","","","1","44","missing_video"
"2106","scissors_scissors_81w","Scissors","Core","Custom","Waist","Body weight","","","2","44","missing_video;duplicate_group"
"2107","scissors_scissors_8ux","Scissors","Core","Custom","Hips, Waist","Body weight","Core","Core","2","74","image_target:Core;video_target:Core;duplicate_group"
"2108","seal","Seal","Core","Custom","Waist","Body weight","","","1","44","missing_video"
"2109","seated_8_leg_crunch","Seated 8 Leg Crunch","Core","Core","Waist","Body weight","","Core","1","54","missing_image"
"2110","seated_alternate_crunch","Seated Alternate Crunch","Core","Core","Hips, Waist","Body weight","Core","","1","44","missing_video"
"2111","seated_flutter_kick","Seated Flutter Kick","Core","Custom","Waist","Body weight","Core","","1","44","missing_video;image_target:Core"
"2112","seated_in_out_leg_raise_on_floor","Seated In Out Leg Raise on Floor","Core","Core","Waist","Body weight","","Core","2","54","missing_image;duplicate_group"
"2113","seated_in_out_leg_raise_on_floor_seated_in_out_leg_raise_on_floor_8ss","Seated In Out Leg Raise on Floor","Core","Core","Quadriceps, Thighs","Body weight","Core","Core","2","74","duplicate_group"
"2114","seated_leg_raise","Seated Leg Raise","Core","Core","Hips, Waist","Body weight","Core","","2","44","missing_video;duplicate_group"
"2115","seated_leg_raise_seated_leg_raise_6sl","Seated Leg Raise","Core","Core","Waist","Body weight","Core","Core","2","74","duplicate_group"
"2116","seated_lower_trunk_lateral_flexor_stretch","Seated Lower Trunk Lateral Flexor Stretch","Core","Custom","Waist","Body weight","Core","","1","44","missing_video;image_target:Core"
"2117","seated_side_crunch","Seated Side Crunch","Core","Core","Waist","Body weight","Core","Core","1","74",""
"2118","seated_side_to_side_leg_raise_crunch_on_floor","Seated Side-to-Side Leg Raise Crunch on Floor","Core","Core","Waist","Body weight","Core","","1","44","missing_video"
"2119","seated_twist","Seated Twist","Core","Custom","Waist","Stability ball","Core","Core","3","74","image_target:Core;video_target:Core;duplicate_group"
"2120","seated_twist_seated_twist_6sr","Seated Twist","Core","Custom","Waist","Body weight","Core","Core","3","74","image_target:Core;video_target:Core;duplicate_group"
"2121","seated_twist_seated_twist_93c","Seated Twist","Core","Custom","Waist","Body weight","Core","Core","3","74","image_target:Core;video_target:Core;duplicate_group"
"2122","self_assisted_inverted_pullover","Self Assisted Inverted Pullover","Core","Custom","Back, Waist","Body weight","Back","Back","1","74","image_target:Back;video_target:Back"
"2123","short_stride_run","Short Stride Run","Core","Custom","Cardio","Body weight","","","1","44","missing_video"
"2124","shoulder_stand_yoga_pose","Shoulder Stand Yoga Pose","Core","Shoulders","Waist","Body weight","Thighs","","1","44","missing_video;muscle_mismatch:Core->Shoulders;image_target:Thighs"
"2125","shoulder_tap","Shoulder Tap","Core","Shoulders","Waist","Body weight","","Core","2","54","missing_image;muscle_mismatch:Core->Shoulders;video_target:Core;duplicate_group"
"2126","shoulder_tap_shoulder_tap_8xc","Shoulder Tap","Core","Shoulders","Chest, Waist","Body weight","Core","Core","2","74","muscle_mismatch:Core->Shoulders;image_target:Core;video_target:Core;duplicate_group"
"2127","side_bend","Side Bend","Core","Custom","Waist","Stability ball","Core","Core","2","74","image_target:Core;video_target:Core;duplicate_group"
"2128","side_bend_side_bend_80d","Side Bend","Core","Custom","Waist","Body weight","","","2","44","missing_video;duplicate_group"
"2129","side_bridge","Side Bridge","Core","Glutes","Waist","Body weight","Core","","2","44","missing_video;muscle_mismatch:Core->Glutes;image_target:Core;duplicate_group"
"2130","side_bridge_side_bridge_6sc","Side Bridge","Core","Glutes","Waist","Body weight","Core","Core","2","74","muscle_mismatch:Core->Glutes;image_target:Core;video_target:Core;duplicate_group"
"2131","side_bridge_with_arm_leg_swing","Side Bridge with Arm Leg Swing","Core","Glutes","Quadriceps, Thighs","Body weight","Core","","1","44","missing_video;muscle_mismatch:Core->Glutes;image_target:Core"
"2132","side_bridge_with_bent_leg","Side Bridge with Bent Leg","Core","Glutes","Waist","Body weight","Glutes","","1","44","missing_video;muscle_mismatch:Core->Glutes"
"2133","side_bridge_with_straight_legs","Side Bridge with Straight Legs","Core","Glutes","Waist","Body weight","Glutes","","1","44","missing_video;muscle_mismatch:Core->Glutes"
"2134","side_crunch_side_crunch_6sd","Side Crunch","Core","Core","Waist","Body weight","Core","Core","2","74","duplicate_group"
"2135","side_crunch","Side Crunch","Core","Core","Waist","Body weight","Core","Core","2","74","duplicate_group"
"2136","side_hip","Side Hip","Core","Custom","Waist","Body weight","Core","Core","1","74","image_target:Core;video_target:Core"
"2137","side_kick","Side Kick","Core","Custom","Hips, Waist","Body weight","","","1","44","missing_video"
"2138","side_plank","Side Plank","Core","Core","Waist","Body weight","Core","","3","44","missing_video;duplicate_group"
"2139","side_plank_side_plank_81c","Side Plank","Core","Core","Waist","Body weight","","Core","3","74","duplicate_group"
"2140","side_plank_side_plank_6t1","Side Plank","Core","Core","Waist","Body weight","Core","Core","3","74","duplicate_group"
"2141","side_plank_butt","Side Plank - Butt","Core","Core","Waist","Body weight","","","1","44","missing_video"
"2142","side_plank_hip_adduction_side_plank_hip_adduction_8rf","Side Plank Hip Adduction","Core","Core","Hips","Body weight","Glutes","Glutes","2","74","image_target:Glutes;video_target:Glutes;duplicate_group"
"2143","side_plank_hip_adduction","Side Plank Hip Adduction","Core","Core","Hips","Body weight","Glutes","Glutes","2","74","image_target:Glutes;video_target:Glutes;duplicate_group"
"2144","side_plank_leg_raise","Side Plank Leg raise","Core","Core","Hips","Body weight","Glutes","Glutes","1","74","image_target:Glutes;video_target:Glutes"
"2145","side_plank_oblique_crunch","Side Plank Oblique Crunch","Core","Core","Waist","Body weight","Core","","1","44","missing_video"
"2146","side_sit_up","Side Sit-up","Core","Core","Waist","Body weight","Core","","1","44","missing_video"
"2147","side_step_front_plank","Side Step Front Plank","Core","Core","Hips","Body weight","Glutes","","1","44","missing_video;image_target:Glutes"
"2148","side_stretch_crunch","Side Stretch Crunch","Core","Core","Waist","Body weight","Core","","1","44","missing_video"
"2149","side_toe_touching","Side Toe Touching","Core","Custom","Back, Hips, Waist","Body weight","","","1","74",""
"2150","side_twist","Side Twist","Core","Custom","Waist","Body weight","","","1","44","missing_video"
"2151","side_two_front_toe_touching","Side Two Front Toe Touching","Core","Custom","Back, Hips, Waist","Body weight","","","1","74",""
"2152","side_up_jump_top_bench","Side Up Jump Top Bench","Core","Custom","Waist","Body weight","","","1","44","missing_video"
"2153","side_to_side_jump_rope","Side-to-Side Jump Rope","Core","Custom","Cardio","Rope","","","1","74",""
"2154","side_to_side_toe_touch","Side-to-Side Toe Touch","Core","Custom","Waist","Body weight","","","1","44","missing_video"
"2155","sideways_lifts_vertical","Sideways Lifts Vertical","Core","Custom","Waist","Body weight","Core","","1","44","missing_video;image_target:Core"
"2156","sideways_lifts_vertical_turn","Sideways Lifts Vertical Turn","Core","Custom","Waist","Body weight","Core","Core","1","74","image_target:Core;video_target:Core"
"2157","sit_up_with_chair_assisted","Sit up with Chair Assisted","Core","Core","Waist","Body weight","Core","Core","1","74",""
"2158","sit_up","Sit-Up","Core","Core","Waist","Body weight","Core","","4","44","missing_video;duplicate_group"
"2159","sit_up_sit_up_6tw","Sit-Up","Core","Core","Waist","Body weight","Core","Core","4","74","duplicate_group"
"2160","sit_up_with_arms_on_chest","Sit-up with Arms on Chest","Core","Core","Waist","Body weight","Chest","Chest","1","74","image_target:Chest;video_target:Chest"
"2161","sitting_lateral_side_stretch","Sitting Lateral Side Stretch","Core","Custom","Waist","Body weight","Core","","1","44","missing_video;image_target:Core"
"2162","sitting_sumo_left_twist_stretch","Sitting Sumo Left Twist Stretch","Core","Custom","Thighs","Body weight","","","1","44","missing_video"
"2163","sitting_sumo_right_twist_stretch","Sitting Sumo Right Twist Stretch","Core","Custom","Thighs","Body weight","","","1","44","missing_video"
"2164","skater_skater_8hw","Skater","Core","Custom","Cardio","Body weight","","","2","44","missing_video;duplicate_group"
"2165","skater","Skater","Core","Custom","Cardio","Body weight","","","2","44","missing_video;duplicate_group"
"2166","skater_hops","Skater Hops","Core","Custom","Cardio","Body weight","","","1","74",""
"2167","ski_step","Ski Step","Core","Custom","Cardio","Body weight","","","1","44","missing_video"
"2168","skin_the_cat","Skin the cat","Core","Custom","Back, Waist","Body weight","","","1","44","missing_video"
"2169","skip_jump_rope","Skip Jump Rope","Core","Custom","Cardio","Rope","","","1","44","missing_video"
"2170","sledge_hammer","Sledge Hammer","Core","Biceps","Waist","Hammer","Core","","1","44","missing_video;muscle_mismatch:Core->Biceps;image_target:Core"
"2171","smith_hip_raise","Smith Hip Raise","Core","Custom","Waist","Smith machine","Core","Core","1","74","image_target:Core;video_target:Core"
"2172","spell_caster","Spell Caster","Core","Custom","Waist","Dumbbell","Core","","2","74","image_target:Core;duplicate_group"
"2173","spell_caster_spell_caster_6ub","Spell Caster","Core","Custom","Waist","Dumbbell","Core","Core","2","74","image_target:Core;video_target:Core;duplicate_group"
"2174","spider_plank","Spider Plank","Core","Core","Hips","Body weight","Glutes","","1","44","missing_video;image_target:Glutes"
"2175","spinal_stretch","Spinal Stretch","Core","Custom","Waist","Stability ball","Core","Core","2","74","image_target:Core;video_target:Core;duplicate_group"
"2176","spinal_stretch_spinal_stretch_949","Spinal Stretch","Core","Custom","Waist","Stability ball","Core","Core","2","74","image_target:Core;video_target:Core;duplicate_group"
"2177","spine_stretch_forward_spine_stretch_forward_812","Spine Stretch Forward","Core","Custom","Hips, Waist","Body weight","","","1","74",""
"2178","spine_twist","Spine Twist","Core","Custom","Waist","Body weight","","","2","44","missing_video;duplicate_group"
"2179","spine_twist_spine_twist_7w8","Spine Twist","Core","Custom","Waist","Body weight","Core","","2","44","missing_video;image_target:Core;duplicate_group"
"2180","split_jacks_split_jacks_8ha","Split Jacks","Core","Custom","Cardio","Body weight","","","2","44","missing_video;duplicate_group"
"2181","split_jacks","Split Jacks","Core","Custom","Cardio","Body weight","","","2","44","missing_video;duplicate_group"
"2182","sprinter_crunch","Sprinter Crunch","Core","Core","Waist","Body weight","Core","","1","44","missing_video"
"2183","squat_thrust","Squat Thrust","Core","Quads","Plyometrics","Body weight","Core","Core","1","74","muscle_mismatch:Core->Quads;image_target:Core;video_target:Core"
"2184","squat_to_overhead_reach_with_twist","Squat to Overhead Reach with Twist","Core","Quads","Plyometrics","Body weight","","","1","44","missing_video;muscle_mismatch:Core->Quads"
"2185","stability_ball_crunch","Stability Ball Crunch","Core","Core","Waist","Stability ball","Core","Core","1","74",""
"2186","stability_ball_front_plank","Stability Ball Front Plank","Core","Core","Waist","Stability ball","Core","","1","44","missing_video"
"2187","stability_ball_rounded_rollout","Stability Ball Rounded Rollout","Core","Custom","Waist","Stability ball","Core","Core","1","74","image_target:Core;video_target:Core"
"2188","standing_abs_rotation_stretch","Standing Abs Rotation Stretch","Core","Core","Waist","Body weight","Core","","2","44","missing_video;duplicate_group"
"2189","standing_abs_rotation_stretch_standing_abs_rotation_stretch_7qb","Standing Abs Rotation Stretch","Core","Core","Waist","Body weight","Core","Core","2","74","duplicate_group"
"2190","standing_hip_circle","Standing Hip Circle","Core","Custom","Hips, Waist","Body weight","Glutes","Glutes","1","74","image_target:Glutes;video_target:Glutes"
"2191","standing_lateral_side_stretch","Standing Lateral Side Stretch","Core","Custom","Waist","Body weight","","","1","44","missing_video"
"2192","standing_lean_back_stomach_stretch","Standing Lean Back Stomach Stretch","Core","Back","Waist","Body weight","Core","","1","44","missing_video;muscle_mismatch:Core->Back;image_target:Core"
"2193","standing_long_jump_standing_long_jump_7c1","Standing Long Jump","Core","Custom","Cardio","Body weight","","","1","44","missing_video"
"2194","standing_lower_trunk_lateral_flexor_stretch","Standing Lower Trunk Lateral Flexor Stretch","Core","Custom","Back","Body weight","Core","","1","44","missing_video;image_target:Core"
"2195","standing_pelvic_tilt_standing_pelvic_tilt_8px","Standing Pelvic Tilt","Core","Custom","Hips, Waist","Body weight","","","1","74",""
"2196","standing_side_bend","Standing Side Bend","Core","Custom","Waist","Body weight","Core","Core","4","74","image_target:Core;video_target:Core;duplicate_group"
"2197","standing_side_bend_standing_side_bend_8lr","Standing Side Bend","Core","Custom","Waist","Body weight","Core","Core","4","74","image_target:Core;video_target:Core;duplicate_group"
"2198","standing_side_bend_standing_side_bend_94h","Standing Side Bend","Core","Custom","Waist","Body weight","Core","Core","4","74","image_target:Core;video_target:Core;duplicate_group"
"2199","standing_side_bend_standing_side_bend_95x","Standing Side Bend","Core","Custom","Waist","Body weight","","Core","4","54","missing_image;video_target:Core;duplicate_group"
"2200","standing_side_crunch","Standing Side Crunch","Core","Core","Waist","Body weight","Core","","1","44","missing_video"
"2201","standing_side_stretch","Standing Side Stretch","Core","Custom","Back, Waist","Body weight","Core","","1","44","missing_video;image_target:Core"
"2202","standing_side_stretch_with_stick","Standing Side Stretch With Stick","Core","Custom","Back, Waist","Body weight","Core","","1","44","missing_video;image_target:Core"
"2203","standing_two_side_bend_standing_two_side_bend_8lq","Standing Two Side Bend","Core","Custom","Waist","Body weight","Core","Core","2","74","image_target:Core;video_target:Core;duplicate_group"
"2204","standing_two_side_bend","Standing Two Side Bend","Core","Custom","Waist","Body weight","Core","Core","2","74","image_target:Core;video_target:Core;duplicate_group"
"2205","standing_upper_body_rotation","Standing Upper Body Rotation","Core","Custom","Waist","Body weight","","","1","44","missing_video"
"2206","standing_wheel_rollout","Standing Wheel Rollout","Core","Custom","Waist","Body weight","Core","Core","2","74","image_target:Core;video_target:Core;duplicate_group"
"2207","standing_wheel_rollout_standing_wheel_rollout_6vk","Standing Wheel Rollout","Core","Custom","Waist","Wheel roller","Core","Core","2","74","image_target:Core;video_target:Core;duplicate_group"
"2208","star_jump","Star Jump","Core","Custom","Cardio","Body weight","","","2","44","missing_video;duplicate_group"
"2209","star_jump_star_jump_6vl","Star Jump","Core","Custom","Cardio","Body weight","","","2","44","missing_video;duplicate_group"
"2210","starfish_crunch","Starfish Crunch","Core","Core","Waist","Body weight","Core","","3","74","duplicate_group"
"2211","starfish_crunch_starfish_crunch_81s","Starfish Crunch","Core","Core","Waist","Body weight","Core","","3","44","missing_video;duplicate_group"
"2212","starfish_crunch_starfish_crunch_8ab","Starfish Crunch","Core","Core","Waist","Body weight","Core","Core","3","74","duplicate_group"
"2213","stationary_bike_run","Stationary Bike Run","Core","Custom","Cardio","Leverage machine","","","2","74","duplicate_group"
"2214","stationary_bike_run_stationary_bike_run_7uv","Stationary Bike Run","Core","Custom","Cardio","Leverage machine","","","2","74","duplicate_group"
"2215","stationary_bike_walk","Stationary Bike Walk","Core","Custom","Cardio","Leverage machine","","","1","74",""
"2216","step_up_opposite_elbow_to_knee_twist","Step-up opposite elbow to knee twist","Core","Custom","Cardio","Body weight","","","1","44","missing_video"
"2217","straddle_maltese","Straddle Maltese","Core","Custom","Waist","Body weight","","","1","44","missing_video"
"2218","straddle_planche","Straddle planche","Core","Custom","Waist","Body weight","Core","","1","44","missing_video;image_target:Core"
"2219","straight_leg_sit_up","Straight Leg Sit-up","Core","Core","Waist","Body weight","Core","Core","1","74",""
"2220","superman_superman_8qr","Superman","Core","Custom","Hips","Body weight","Core","Core","2","74","image_target:Core;video_target:Core;duplicate_group"
"2221","superman","Superman","Core","Custom","Waist","Body weight","Core","Core","2","74","image_target:Core;video_target:Core;duplicate_group"
"2222","supine_spinal_twist_yoga_pose","Supine Spinal Twist Yoga Pose","Core","Custom","Hips","Body weight","Glutes","Glutes","1","74","image_target:Glutes;video_target:Glutes"
"2223","suspended_abdominal_fallout","Suspended Abdominal Fallout","Core","Custom","Waist","Body weight","Core","Core","1","74","image_target:Core;video_target:Core"
"2224","suspended_reverse_crunch","Suspended Reverse Crunch","Core","Core","Waist","Body weight","Core","","1","44","missing_video"
"2225","suspension_body_saw","Suspension Body Saw","Core","Custom","Waist","Suspension","Core","Core","1","74","image_target:Core;video_target:Core"
"2226","suspension_crunch","Suspension Crunch","Core","Core","Waist","Suspension","Core","Core","1","74",""
"2227","suspension_front_plank","Suspension Front Plank","Core","Core","Waist","Suspension","Core","","1","44","missing_video"
"2228","suspension_jack_knife","Suspension Jack knife","Core","Custom","Waist","Suspension","Core","","1","44","missing_video;image_target:Core"
"2229","suspension_jack_knife_pike","Suspension Jack knife Pike","Core","Custom","Waist","Suspension","Core","","1","44","missing_video;image_target:Core"
"2230","suspension_oblique_rollout","Suspension Oblique Rollout","Core","Custom","Waist","Suspension","Core","","1","44","missing_video;image_target:Core"
"2231","suspension_pendulum","Suspension Pendulum","Core","Custom","Waist","Suspension","Core","","1","44","missing_video;image_target:Core"
"2232","suspension_rollout","Suspension Rollout","Core","Custom","Waist","Suspension","Core","","1","44","missing_video;image_target:Core"
"2233","suspension_side_bend","Suspension Side Bend","Core","Custom","Waist","Suspension","Core","","1","44","missing_video;image_target:Core"
"2234","suspension_side_bridge","Suspension Side Bridge","Core","Glutes","Waist","Suspension","Core","","1","44","missing_video;muscle_mismatch:Core->Glutes;image_target:Core"
"2235","suspension_single_leg_plank","Suspension Single Leg Plank","Core","Core","Waist","Suspension","Core","","2","44","missing_video;duplicate_group"
"2236","suspension_single_leg_plank_suspension_single_leg_plank_6ef","Suspension Single Leg Plank","Core","Core","Waist","Suspension","Core","","2","44","missing_video;duplicate_group"
"2237","suspension_sit_up","Suspension Sit-up","Core","Core","Waist","Suspension","Core","","1","44","missing_video"
"2238","suspension_standing_ab_rollout","Suspension Standing Ab Rollout","Core","Custom","Waist","Suspension","Core","","1","44","missing_video;image_target:Core"
"2239","suspension_star_plank","Suspension Star Plank","Core","Core","Waist","Suspension","Core","","1","44","missing_video"
"2240","suspension_star_push_up","Suspension Star Push-up","Core","Chest","Waist","Suspension","Core","","1","44","missing_video;muscle_mismatch:Core->Chest;image_target:Core"
"2241","suspension_supine_crunch","Suspension Supine Crunch","Core","Core","Waist","Suspension","Core","Core","1","74",""
"2242","suspension_supine_plank","Suspension Supine Plank","Core","Core","Waist","Suspension","Core","","1","44","missing_video"
"2243","suspension_twist","Suspension Twist","Core","Custom","Waist","Suspension","Core","","1","44","missing_video;image_target:Core"
"2244","suspension_twist_side","Suspension Twist Side","Core","Custom","Waist","Suspension","Core","","1","44","missing_video;image_target:Core"
"2245","suspension_twist_up","Suspension Twist-Up","Core","Custom","Waist","Suspension","Core","","1","44","missing_video;image_target:Core"
"2246","suspension_twisting_jack_knife","Suspension Twisting Jack knife","Core","Custom","Waist","Suspension","Core","","1","44","missing_video;image_target:Core"
"2247","swan_dive","Swan Dive","Core","Custom","Hips, Waist","Body weight","","","1","44","missing_video"
"2248","swing_360","Swing 360","Core","Custom","Cardio","Body weight","","","1","44","missing_video"
"2249","transversus_abdominus","Transversus abdominus","Core","Custom","Waist","Body weight","","","1","24","missing_image;missing_video"
"2250","tuck_crunch","Tuck Crunch","Core","Core","Waist","Body weight","Core","Core","1","74",""
"2251","tuck_up","Tuck Up","Core","Custom","Waist","Body weight","Core","","1","44","missing_video;image_target:Core"
"2252","twist_crunch","Twist Crunch","Core","Core","Waist","Body weight","Core","","1","44","missing_video"
"2253","twist_hip_lift","Twist Hip Lift","Core","Custom","Hips","Body weight","Glutes","Glutes","1","74","image_target:Glutes;video_target:Glutes"
"2254","twist_push_up","Twist Push-up","Core","Chest","Chest","Body weight","Chest","","1","44","missing_video;muscle_mismatch:Core->Chest"
"2255","twist_side_bridge","Twist Side Bridge","Core","Glutes","Shoulders","Body weight","Shoulders","","1","44","missing_video;muscle_mismatch:Core->Glutes;image_target:Shoulders"
"2256","twist_sit_up","Twist Sit-up","Core","Core","Waist","Body weight","Core","Core","1","74",""
"2257","twist_squat","Twist Squat","Core","Quads","Thighs","Body weight","Thighs","Thighs","1","74","muscle_mismatch:Core->Quads"
"2258","twist_step_stretch","Twist Step Stretch","Core","Custom","Hips","Body weight","Glutes","","1","44","missing_video;image_target:Glutes"
"2259","twist_superman","Twist Superman","Core","Custom","Hips","Body weight","Glutes","Glutes","1","74","image_target:Glutes;video_target:Glutes"
"2260","twisted_leg_raise_twisted_leg_raise_892","Twisted Leg Raise","Core","Core","Waist","Body weight","Core","Core","2","74","duplicate_group"
"2261","twisted_leg_raise","Twisted Leg Raise","Core","Core","Waist","Body weight","Core","","2","44","missing_video;duplicate_group"
"2262","twisting_crunch_twisting_crunch_6w1","Twisting Crunch","Core","Core","Waist","Body weight","Core","Core","4","74","duplicate_group"
"2263","twisting_crunch_twisting_crunch_8vw","Twisting Crunch","Core","Core","Waist","Body weight","Core","Core","4","74","duplicate_group"
"2264","twisting_crunch_twisting_crunch_6w2","Twisting Crunch","Core","Core","Waist","Body weight","Core","","4","44","missing_video;duplicate_group"
"2265","twisting_crunch","Twisting Crunch","Core","Core","Waist","Body weight","","Core","4","54","missing_image;duplicate_group"
"2266","two_front_toe_touching","Two Front Toe Touching","Core","Custom","Back, Hips, Waist","Body weight","","","1","74",""
"2267","two_toe_touch","Two Toe Touch","Core","Custom","Back, Waist","Body weight","","","1","44","missing_video"
"2268","v_sit_on_floor","V-Sit on Floor","Core","Custom","Upper Arms","Body weight","Core","Core","1","74","image_target:Core;video_target:Core"
"2269","v_up","V-up","Core","Custom","Hips, Waist","Body weight","Core","Core","2","74","image_target:Core;video_target:Core;duplicate_group"
"2270","v_up_v_up_6w3","V-up","Core","Custom","Waist","Body weight","Core","Core","2","74","image_target:Core;video_target:Core;duplicate_group"
"2271","v_up_double_crunch","V-up Double Crunch","Core","Core","Waist","Body weight","Core","Core","1","74",""
"2272","v_up_down","V-Up Down","Core","Custom","Waist","Stability ball","Core","","2","44","missing_video;image_target:Core;duplicate_group"
"2273","v_up_down_v_up_down_89r","V-Up Down","Core","Custom","Waist","Stability ball","Core","","2","44","missing_video;image_target:Core;duplicate_group"
"2274","v_up_with_clap","V-up with Clap","Core","Custom","Waist","Body weight","","","2","24","missing_image;missing_video;duplicate_group"
"2275","v_up_with_clap_v_up_with_clap_95b","V-up with Clap","Core","Custom","Waist","Body weight","","Core","2","54","missing_image;video_target:Core;duplicate_group"
"2276","vertical_leg_raise","Vertical Leg Raise","Core","Core","Hips, Waist","Body weight","Glutes","","2","44","missing_video;image_target:Glutes;duplicate_group"
"2277","vertical_leg_raise_vertical_leg_raise_8vy","Vertical Leg Raise","Core","Core","Waist","Body weight","Glutes","Glutes","2","74","image_target:Glutes;video_target:Glutes;duplicate_group"
"2278","vertical_mountain_climber","Vertical Mountain Climber","Core","Custom","Cardio","Body weight","","","1","44","missing_video"
"2279","vibrate_plate_plank","Vibrate Plate Plank","Core","Core","Chest","Vibrate Plate","","","1","74",""
"2280","walk","Walk","Core","Custom","Cardio","Body weight","","","2","44","missing_video;duplicate_group"
"2281","walk_walk_6wh","Walk","Core","Custom","Cardio","Body weight","","","2","44","missing_video;duplicate_group"
"2282","walk_elliptical_cross_trainer","Walk Elliptical Cross Trainer","Core","Custom","Cardio","Leverage machine","","","1","74",""
"2283","walk_wave_machine","Walk Wave Machine","Core","Custom","Cardio","Leverage machine","","","1","74",""
"2284","walking_walking_7u4","Walking","Core","Custom","Cardio","Body weight","","","2","74","duplicate_group"
"2285","walking","Walking","Core","Custom","Cardio","Body weight","","","2","74","duplicate_group"
"2286","walking_on_elliptical_machine","Walking on Elliptical Machine","Core","Custom","Cardio","Body weight","","","1","44","missing_video"
"2287","walking_on_incline_treadmill","Walking on Incline Treadmill","Core","Custom","Cardio","Leverage machine","","","1","74",""
"2288","walking_on_treadmill","Walking on Treadmill","Core","Custom","Cardio","Leverage machine","","","2","74","duplicate_group"
"2289","walking_on_treadmill_walking_on_treadmill_7u2","Walking on Treadmill","Core","Custom","Cardio","Leverage machine","","","2","74","duplicate_group"
"2290","weighted_captains_chair_leg_raise","Weighted Captains Chair Leg Raise","Core","Core","Waist","Weighted","Glutes","Glutes","1","74","image_target:Glutes;video_target:Glutes"
"2291","weighted_crunch","Weighted Crunch","Core","Core","Waist","Stability ball","Core","","4","44","missing_video;duplicate_group"
"2292","weighted_crunch_weighted_crunch_7bd","Weighted Crunch","Core","Core","Waist","Weighted","Core","","4","44","missing_video;duplicate_group"
"2293","weighted_crunch_weighted_crunch_92t","Weighted Crunch","Core","Core","Waist","Weighted","Core","Core","4","74","duplicate_group"
"2294","weighted_crunch_weighted_crunch_6wk","Weighted Crunch","Core","Core","Waist","Weighted","Core","","4","44","missing_video;duplicate_group"
"2295","weighted_dead_bug","Weighted Dead Bug","Core","Custom","Waist","Weighted","Core","","1","44","missing_video;image_target:Core"
"2296","weighted_decline_sit_up","Weighted Decline Sit-up","Core","Core","Shoulders, Waist","Weighted","Core","Core","1","74",""
"2297","weighted_floor_crunch_feet_on_bench","Weighted Floor Crunch Feet on Bench","Core","Core","Waist","Weighted","Core","","1","44","missing_video"
"2298","weighted_floor_twisting_crunch_feet_on_bench","Weighted Floor Twisting Crunch Feet on Bench","Core","Core","Waist","Weighted","Core","","1","44","missing_video"
"2299","weighted_front_plank","Weighted Front Plank","Core","Core","Waist","Weighted","Core","Core","1","74",""
"2300","weighted_hanging_leg_hip_raise","Weighted Hanging leg-hip raise","Core","Custom","Waist","Weighted","Core","Core","1","74","image_target:Core;video_target:Core"
"2301","weighted_hyperextension","Weighted Hyperextension","Core","Custom","Waist","Weighted","Core","","1","44","missing_video;image_target:Core"
"2302","weighted_leg_extension_crunch","Weighted Leg Extension Crunch","Core","Core","Waist","Stability ball","Core","Core","1","74",""
"2303","weighted_lying_twist","Weighted Lying Twist","Core","Custom","Waist","Stability ball","Core","Core","1","74","image_target:Core;video_target:Core"
"2304","weighted_muscle_up","Weighted Muscle up","Core","Custom","Back, Waist","Weighted","","","1","44","missing_video"
"2305","weighted_overhead_crunch","Weighted Overhead Crunch","Core","Core","Waist","Weighted","Core","Core","1","74",""
"2306","weighted_russian_twist","Weighted Russian Twist","Core","Custom","Waist","Weighted","Core","Core","4","74","image_target:Core;video_target:Core;duplicate_group"
"2307","weighted_russian_twist_weighted_russian_twist_7cm","Weighted Russian Twist","Core","Custom","Waist","Weighted","Core","","4","44","missing_video;image_target:Core;duplicate_group"
"2308","weighted_russian_twist_weighted_russian_twist_7x4","Weighted Russian Twist","Core","Custom","Waist","Weighted","Core","Core","4","74","image_target:Core;video_target:Core;duplicate_group"
"2309","weighted_russian_twist_weighted_russian_twist_6wy","Weighted Russian Twist","Core","Custom","Waist","Weighted","Core","","4","44","missing_video;image_target:Core;duplicate_group"
"2310","weighted_seated_tuck_crunch_on_floor","Weighted Seated Tuck Crunch on Floor","Core","Core","Waist","Weighted","Core","","1","44","missing_video"
"2311","weighted_seated_twist","Weighted Seated Twist","Core","Custom","Waist","Weighted","Core","","1","44","missing_video;image_target:Core"
"2312","weighted_side_bend","Weighted Side Bend","Core","Custom","Waist","Weighted","Core","Core","1","74","image_target:Core;video_target:Core"
"2313","weighted_side_crunch","Weighted Side Crunch","Core","Core","Waist","Weighted","Core","","1","44","missing_video"
"2314","weighted_stability_ball_crunch","Weighted Stability Ball Crunch","Core","Core","Waist","Weighted","Core","","1","44","missing_video"
"2315","weighted_standing_twist","Weighted Standing Twist","Core","Custom","Waist","Weighted","Core","Core","1","74","image_target:Core;video_target:Core"
"2316","weighted_straight_leg_toe_touch_crunch","Weighted Straight Leg Toe Touch Crunch","Core","Core","Waist","Weighted","Core","","1","44","missing_video"
"2317","weighted_twisting_crunch","Weighted Twisting Crunch","Core","Core","Waist","Weighted","Core","Core","1","74",""
"2318","weighted_v_crunch","Weighted V-Crunch","Core","Core","Waist","Bosu ball","Core","","1","44","missing_video"
"2319","wheel_pose_yoga_pose","Wheel Pose Yoga Pose","Core","Custom","Waist","Body weight","","","1","44","missing_video"
"2320","wheel_rollout_wheel_rollout_7w1","Wheel Rollout","Core","Custom","Waist","Wheel roller","Core","Core","2","74","image_target:Core;video_target:Core;duplicate_group"
"2321","wheel_rollout","Wheel Rollout","Core","Custom","Back","Wheel roller","Core","Core","2","74","image_target:Core;video_target:Core;duplicate_group"
"2322","wheel_rollout_with_wall_support","Wheel Rollout with Wall Support","Core","Custom","Waist","Body weight","Core","","1","44","missing_video;image_target:Core"
"2323","wheel_run","Wheel Run","Core","Custom","Cardio","Body weight","","","1","44","missing_video"
"2324","wind_sprints","Wind Sprints","Core","Custom","Waist","Body weight","Core","","1","44","missing_video;image_target:Core"
"2325","wipers","Wipers","Core","Custom","Waist","Body weight","Core","Core","1","74","image_target:Core;video_target:Core"
"2326","animal_resting_yoga_pose","Animal Resting Yoga Pose","Custom","Custom","Stretching","Body weight","","","1","44","missing_video"
"2327","arms_stretch_on_a_support","Arms Stretch On A Support","Custom","Custom","Upper Arms","Body weight","UpperArms","","1","44","missing_video;image_target:UpperArms"
"2328","band_lying_reverse_grip_pressdown","Band Lying Reverse Grip Pressdown","Custom","Custom","Upper Arms","Band","","","1","54","missing_image"
"2329","barbell_clean_from_blocks","Barbell Clean From Blocks","Custom","Custom","Weightlifting","Barbell","","","1","44","missing_video"
"2330","barbell_clean_pull","Barbell Clean Pull","Custom","Custom","Weightlifting","Barbell","","","1","74",""
"2331","barbell_hang_clean","Barbell Hang Clean","Custom","Custom","Weightlifting","Barbell","","","1","74",""
"2332","barbell_hang_clean_below_the_knees_barbell_hang_clean_below_the_knees_8jx","Barbell Hang Clean Below the Knees","Custom","Custom","Weightlifting","Barbell","","","2","44","missing_video;duplicate_group"
"2333","barbell_hang_clean_below_the_knees","Barbell Hang Clean Below the Knees","Custom","Custom","Weightlifting","Barbell","","","2","44","missing_video;duplicate_group"
"2334","barbell_hang_snatch","Barbell Hang Snatch","Custom","Custom","Weightlifting","Barbell","","","1","74",""
"2335","barbell_hang_snatch_below_the_knees","Barbell Hang Snatch Below the Knees","Custom","Custom","Weightlifting","Barbell","","","1","44","missing_video"
"2336","barbell_heaving_snatch_balance","Barbell Heaving Snatch Balance","Custom","Custom","Weightlifting","Barbell","","","1","44","missing_video"
"2337","barbell_incline_reverse_grip_press","Barbell Incline Reverse-grip Press","Custom","Custom","Triceps, Upper Arms","Barbell","","","1","44","missing_video"
"2338","barbell_lying_close_grip_press","Barbell Lying Close-grip Press","Custom","Custom","Triceps, Upper Arms","Barbell","","UpperArms","1","74","video_target:UpperArms"
"2339","barbell_lying_extension","Barbell Lying extension","Custom","Custom","Triceps, Upper Arms","Barbell","UpperArms","UpperArms","1","74","image_target:UpperArms;video_target:UpperArms"
"2340","barbell_muscle_snatch","Barbell Muscle Snatch","Custom","Custom","Weightlifting","Barbell","","","1","44","missing_video"
"2341","barbell_one_arm_floor_press","Barbell One Arm Floor Press","Custom","Custom","Triceps, Upper Arms","Barbell","UpperArms","","1","44","missing_video;image_target:UpperArms"
"2342","barbell_pin_presses","Barbell Pin Presses","Custom","Custom","Upper Arms","Barbell","UpperArms","","1","44","missing_video;image_target:UpperArms"
"2343","barbell_power_clean_from_blocks","Barbell Power Clean from Blocks","Custom","Custom","Weightlifting","Barbell","","","1","74",""
"2344","barbell_power_jerk_barbell_power_jerk_72u","Barbell Power Jerk","Custom","Custom","Weightlifting","Barbell","","","1","74",""
"2345","barbell_power_snatch","Barbell Power Snatch","Custom","Custom","Weightlifting","Barbell","","","1","74",""
"2346","barbell_power_snatch_from_blocks","Barbell Power Snatch From Blocks","Custom","Custom","Weightlifting","Barbell","","","1","74",""
"2347","barbell_reverse_grip_floor_press","Barbell Reverse-Grip Floor Press","Custom","Custom","Triceps, Upper Arms","Barbell","UpperArms","","1","44","missing_video;image_target:UpperArms"
"2348","barbell_snatch","Barbell Snatch","Custom","Custom","Weightlifting","Barbell","","","1","74",""
"2349","barbell_snatch_balance","Barbell Snatch Balance","Custom","Custom","Weightlifting","Barbell","","","1","74",""
"2350","barbell_snatch_from_blocks","Barbell Snatch from Blocks","Custom","Custom","Weightlifting","Barbell","","","1","74",""
"2351","barbell_split_clean","Barbell Split Clean","Custom","Custom","Weightlifting","Barbell","","","1","74",""
"2352","barbell_split_jerk","Barbell Split Jerk","Custom","Custom","Weightlifting","Barbell","","","1","74",""
"2353","battling_ropes_low_waves","Battling Ropes Low Waves","Custom","Custom","Upper Arms","Battling Rope","","","1","44","missing_video"
"2354","body_fat_measurement","Body fat measurement","Custom","Custom","Full body","Body weight","","","2","44","missing_video;duplicate_group"
"2355","body_fat_measurement_body_fat_measurement_7g9","Body fat measurement","Custom","Custom","Full body","Body weight","","","2","44","missing_video;duplicate_group"
"2356","body_fat_percentage_body_fat_percentage_8jd","Body Fat Percentage","Custom","Custom","","Body weight","","","2","44","missing_video;duplicate_group"
"2357","body_fat_percentage","Body Fat Percentage","Custom","Custom","","Body weight","","","2","44","missing_video;duplicate_group"
"2358","body_muscle_side_front_view","Body muscle. Side front view","Custom","Custom","Full body","Body weight","","","1","44","missing_video"
"2359","body_muscles","Body muscles","Custom","Custom","Full body","Body weight","","","2","24","missing_image;missing_video;duplicate_group"
"2360","body_muscles_body_muscles_8ie","Body muscles","Custom","Custom","","Body weight","","","2","24","missing_image;missing_video;duplicate_group"
"2361","body_muscles_female_front_view","Body muscles. Female. Front view","Custom","Custom","Full body","Body weight","","","2","44","missing_video;duplicate_group"
"2362","body_muscles_female_side_view","Body muscles. Female. Side view","Custom","Custom","Full body","Body weight","","","1","44","missing_video"
"2363","body_muscles_front_view","Body muscles. Front view","Custom","Custom","Full body","Body weight","","","2","44","missing_video;duplicate_group"
"2364","body_type","Body Type","Custom","Custom","","Body weight","","","2","44","missing_video;duplicate_group"
"2365","body_type_body_type_8k5","Body Type","Custom","Custom","","Body weight","","","2","44","missing_video;duplicate_group"
"2366","bodybuilding_pose_male","Bodybuilding pose male","Custom","Custom","","Body weight","","","3","24","missing_image;missing_video;duplicate_group"
"2367","bodybuilding_pose_male_female_bodybuilding_pose_male_female_8m1","Bodybuilding pose male-female","Custom","Custom","","Body weight","","","3","24","missing_image;missing_video;duplicate_group"
"2368","bodybuilding_pose_male_female","Bodybuilding pose male-female","Custom","Custom","","Body weight","","","3","24","missing_image;missing_video;duplicate_group"
"2369","brachialis","Brachialis","Custom","Biceps","Upper Arms","Body weight","","","1","24","missing_image;missing_video;muscle_mismatch:Custom->Biceps"
"2370","by_body_parts_muscle_body_female","By BODY PARTS Muscle body female","Custom","Custom","Full body","Body weight","","","2","24","missing_image;missing_video;duplicate_group"
"2371","by_body_parts_muscle_body_male","By BODY PARTS Muscle body male","Custom","Custom","Full body","Body weight","","","2","24","missing_image;missing_video;duplicate_group"
"2372","by_major_muscle_groups_muscle_body_female","By MAJOR MUSCLE GROUPS Muscle body female","Custom","Custom","Full body","Body weight","","","2","54","missing_image;duplicate_group"
"2373","by_major_muscle_groups_muscle_body_male","By MAJOR MUSCLE GROUPS Muscle body male","Custom","Custom","Full body","Body weight","","","2","54","missing_image;duplicate_group"
"2374","cable_concentration_extension","Cable Concentration Extension","Custom","Custom","Triceps, Upper Arms","Cable","UpperArms","","2","44","missing_video;image_target:UpperArms;duplicate_group"
"2375","cable_concentration_extension_cable_concentration_extension_8fc","Cable Concentration Extension","Custom","Custom","Triceps, Upper Arms","Cable","UpperArms","","2","44","missing_video;image_target:UpperArms;duplicate_group"
"2376","cable_lying_close_press","Cable Lying Close Press","Custom","Custom","Triceps, Upper Arms","Cable","UpperArms","","1","44","missing_video;image_target:UpperArms"
"2377","cable_rear_drive_cable_rear_drive_8gi","Cable Rear Drive","Custom","Custom","Upper Arms","Cable","UpperArms","","2","44","missing_video;image_target:UpperArms;duplicate_group"
"2378","cable_rear_drive","Cable Rear Drive","Custom","Custom","Triceps, Upper Arms","Cable","UpperArms","UpperArms","2","74","image_target:UpperArms;video_target:UpperArms;duplicate_group"
"2379","cable_seating_close_press","Cable Seating Close Press","Custom","Custom","Triceps, Upper Arms","Cable","UpperArms","","1","44","missing_video;image_target:UpperArms"
"2380","cable_standing_close_press","Cable Standing Close Press","Custom","Custom","Triceps, Upper Arms","Cable","UpperArms","","1","44","missing_video;image_target:UpperArms"
"2381","cat_pose","Cat pose","Custom","Custom","Yoga","Body weight","","","1","44","missing_video"
"2382","chair_pose_i_utkatasana_i","Chair Pose I Utkatasana I","Custom","Custom","Yoga","Body weight","","","1","44","missing_video"
"2383","chair_pose_ii_utkatasana_ii","Chair Pose II Utkatasana II","Custom","Custom","Yoga","Body weight","","","1","44","missing_video"
"2384","child_pose","Child Pose","Custom","Custom","Yoga","Body weight","","","1","44","missing_video"
"2385","child_to_cobra_pose","Child to Cobra Pose","Custom","Custom","Stretching","Body weight","","","1","44","missing_video"
"2386","close_grip_press","Close-grip Press","Custom","Custom","Triceps, Upper Arms","Dumbbell","UpperArms","UpperArms","1","74","image_target:UpperArms;video_target:UpperArms"
"2387","concentration_extension","Concentration Extension","Custom","Custom","Triceps, Upper Arms","Cable","UpperArms","","1","44","missing_video;image_target:UpperArms"
"2388","crane_pose","Crane Pose","Custom","Custom","Yoga","Body weight","","","1","44","missing_video"
"2389","crescent_moon_pose","Crescent Moon Pose","Custom","Custom","Yoga","Body weight","","","1","44","missing_video"
"2390","crocodile_yoga_pose","Crocodile Yoga Pose","Custom","Custom","Stretching","Body weight","","","1","44","missing_video"
"2391","default_pose","Default pose","Custom","Custom","Yoga","Body weight","","","1","44","missing_video"
"2392","downward_facing_dog_adho_mukha_svanasana","Downward Facing Dog Adho Mukha Svanasana","Custom","Custom","Yoga","Body weight","","","1","44","missing_video"
"2393","dumbbell_clean_and_press","Dumbbell Clean and Press","Custom","Custom","Weightlifting","Dumbbell","","","1","74",""
"2394","dumbbell_close_grip_press_dumbbell_close_grip_press_6ho","Dumbbell Close-grip Press","Custom","Custom","Triceps, Upper Arms","Dumbbell","UpperArms","UpperArms","1","74","image_target:UpperArms;video_target:UpperArms"
"2395","dumbbell_decline_one_arm_hammer_press","Dumbbell Decline One Arm Hammer Press","Custom","Biceps","Upper Arms","Dumbbell","UpperArms","UpperArms","1","74","muscle_mismatch:Custom->Biceps"
"2396","dumbbell_hang_clean","Dumbbell Hang Clean","Custom","Custom","Weightlifting","Dumbbell","","","1","44","missing_video"
"2397","dumbbell_hang_clean_and_jerk","Dumbbell Hang Clean and Jerk","Custom","Custom","Weightlifting","Dumbbell","","","1","44","missing_video"
"2398","dumbbell_incline_close_grip_press_variation","Dumbbell Incline Close-grip Press Variation","Custom","Custom","Triceps, Upper Arms","Dumbbell","UpperArms","","1","74","image_target:UpperArms"
"2399","dumbbell_incline_hammer_press_on_exercise_ball","Dumbbell Incline Hammer Press on Exercise Ball","Custom","Biceps","Upper Arms","Dumbbell","UpperArms","","1","44","missing_video;muscle_mismatch:Custom->Biceps"
"2400","dumbbell_incline_one_arm_hammer_press","Dumbbell Incline One Arm Hammer Press","Custom","Biceps","Upper Arms","Dumbbell","UpperArms","UpperArms","1","74","muscle_mismatch:Custom->Biceps"
"2401","dumbbell_incline_one_arm_hammer_press_on_exercise_ball","Dumbbell Incline One Arm Hammer Press on Exercise Ball","Custom","Biceps","Upper Arms","Dumbbell","UpperArms","","1","44","missing_video;muscle_mismatch:Custom->Biceps"
"2402","dumbbell_incline_two_arm_extension","Dumbbell Incline Two Arm Extension","Custom","Custom","Triceps, Upper Arms","Dumbbell","UpperArms","","2","44","missing_video;image_target:UpperArms;duplicate_group"
"2403","dumbbell_incline_two_arm_extension_dumbbell_incline_two_arm_extension_7h8","Dumbbell Incline Two Arm Extension","Custom","Custom","Triceps, Upper Arms","Dumbbell","UpperArms","UpperArms","2","74","image_target:UpperArms;video_target:UpperArms;duplicate_group"
"2404","dumbbell_lying_extension","Dumbbell Lying  Extension","Custom","Custom","Triceps, Upper Arms","Dumbbell","UpperArms","UpperArms","2","74","image_target:UpperArms;video_target:UpperArms;duplicate_group"
"2405","dumbbell_lying_alternate_extension_dumbbell_lying_alternate_extension_8e3","Dumbbell Lying Alternate Extension","Custom","Custom","Triceps, Upper Arms","Dumbbell","UpperArms","UpperArms","2","74","image_target:UpperArms;video_target:UpperArms;duplicate_group"
"2406","dumbbell_lying_alternate_extension","Dumbbell Lying Alternate Extension","Custom","Custom","Triceps, Upper Arms","Dumbbell","UpperArms","UpperArms","2","74","image_target:UpperArms;video_target:UpperArms;duplicate_group"
"2407","dumbbell_lying_elbow_press","Dumbbell Lying Elbow Press","Custom","Custom","Triceps, Upper Arms","Dumbbell","","","1","44","missing_video"
"2408","dumbbell_lying_extension_dumbbell_lying_extension_7d3","Dumbbell Lying Extension","Custom","Custom","Triceps, Upper Arms","Dumbbell","UpperArms","","2","44","missing_video;image_target:UpperArms;duplicate_group"
"2409","dumbbell_lying_single_extension","Dumbbell Lying Single Extension","Custom","Custom","Triceps, Upper Arms","Dumbbell","UpperArms","","1","44","missing_video;image_target:UpperArms"
"2410","dumbbell_one_arm_hammer_press_on_exercise_ball","Dumbbell One Arm Hammer Press on Exercise Ball","Custom","Biceps","Upper Arms","Dumbbell","UpperArms","","1","44","missing_video;muscle_mismatch:Custom->Biceps"
"2411","dumbbell_power_clean_and_jerk","Dumbbell Power Clean and Jerk","Custom","Custom","Weightlifting","Dumbbell","","","1","44","missing_video"
"2412","dumbbell_push_jerk","Dumbbell Push Jerk","Custom","Custom","Weightlifting","Dumbbell","","","1","44","missing_video"
"2413","dumbbell_seated_bench_extension","Dumbbell Seated Bench Extension","Custom","Custom","Triceps, Upper Arms","Dumbbell","UpperArms","UpperArms","1","74","image_target:UpperArms;video_target:UpperArms"
"2414","dumbbell_standing_one_arm_extension","Dumbbell Standing One Arm Extension","Custom","Custom","Triceps, Upper Arms","Dumbbell","UpperArms","UpperArms","1","74","image_target:UpperArms;video_target:UpperArms"
"2415","dumbbell_tate_press","Dumbbell Tate Press","Custom","Custom","Triceps, Upper Arms","Dumbbell","","","1","74",""
"2416","elbow_extension_articulations","Elbow - Extension - Articulations","Custom","Custom","Triceps, Upper Arms","Body weight","Mobility","","1","74","image_target:Mobility"
"2417","elbow_flexion_articulations","Elbow - Flexion - Articulations","Custom","Custom","Upper Arms","Body weight","Mobility","","1","74","image_target:Mobility"
"2418","elbow_flexor_stretch","Elbow Flexor Stretch","Custom","Custom","Upper Arms","Body weight","UpperArms","UpperArms","1","74","image_target:UpperArms;video_target:UpperArms"
"2419","extension_of_arms_in_vertical_stretch","Extension Of Arms In Vertical Stretch","Custom","Custom","Triceps, Upper Arms","Body weight","UpperArms","UpperArms","1","74","image_target:UpperArms;video_target:UpperArms"
"2420","ez_bar_california_skullcrusher","EZ Bar California Skullcrusher","Custom","Triceps","Upper Arms","EZ Barbell","UpperArms","","1","44","missing_video;muscle_mismatch:Custom->Triceps"
"2421","ez_barbell_decline_close_grip_face_press","EZ Barbell Decline Close-grip Face Press","Custom","Custom","Upper Arms","EZ Barbell","UpperArms","","1","44","missing_video;image_target:UpperArms"
"2422","fish_pose_matsyasana","Fish Pose Matsyasana","Custom","Custom","Yoga","Body weight","","","1","44","missing_video"
"2423","flag","Flag","Custom","Custom","Upper Arms","Body weight","","","1","44","missing_video"
"2424","front_relaxed_pose","Front relaxed pose","Custom","Custom","","Body weight","","","1","24","missing_image;missing_video"
"2425","garland_pose_malasana","Garland Pose Malasana","Custom","Custom","Yoga","Body weight","","","1","44","missing_video"
"2426","half_moon_pose_ardha_chandrasana","Half Moon Pose Ardha Chandrasana","Custom","Custom","Yoga","Body weight","","","1","44","missing_video"
"2427","hands_to_feet_pada_hastasana","Hands to Feet Pada Hastasana","Custom","Custom","Yoga","Body weight","Calves","","1","44","missing_video;image_target:Calves"
"2428","handstand","Handstand","Custom","Custom","Triceps, Upper Arms","Body weight","UpperArms","UpperArms","1","74","image_target:UpperArms;video_target:UpperArms"
"2429","hero_pose_virasana","Hero Pose Virasana","Custom","Custom","Yoga","Body weight","","","1","44","missing_video"
"2430","incline_reverse_grip_press","Incline Reverse-grip Press","Custom","Custom","Triceps, Upper Arms","Barbell","","","1","44","missing_video"
"2431","kettlebell_dead_clean","Kettlebell Dead Clean","Custom","Custom","Weightlifting","Kettlebell","","","1","44","missing_video"
"2432","kettlebell_one_arm_swing","Kettlebell One Arm Swing","Custom","Custom","Weightlifting","Kettlebell","","","1","74",""
"2433","kettlebell_open_palm_clean","Kettlebell Open Palm Clean","Custom","Custom","Weightlifting","Kettlebell","","","1","44","missing_video"
"2434","kettlebell_single_arm_clean","Kettlebell Single Arm Clean","Custom","Custom","Weightlifting","Kettlebell","","","1","44","missing_video"
"2435","kettlebell_single_arm_clean_and_press","Kettlebell Single Arm Clean and Press","Custom","Custom","Weightlifting","Kettlebell","","","1","44","missing_video"
"2436","kettlebell_single_arm_thruster","Kettlebell Single Arm Thruster","Custom","Custom","Weightlifting","Kettlebell","","","1","44","missing_video"
"2437","kettlebell_snatch","Kettlebell Snatch","Custom","Custom","Weightlifting","Kettlebell","","","1","44","missing_video"
"2438","kettlebell_thruster_kettlebell_thruster_9jj","Kettlebell Thruster","Custom","Custom","Weightlifting","Kettlebell","","","1","44","missing_video"
"2439","leg_to_side","Leg to Side","Custom","Custom","Yoga","Body weight","","","1","44","missing_video"
"2440","legs_up_the_wall_yoga_pose","Legs-Up The Wall Yoga Pose","Custom","Custom","Stretching","Body weight","","","1","44","missing_video"
"2441","lotus_pose_padmasana","Lotus Pose Padmasana","Custom","Custom","Yoga","Body weight","","","1","44","missing_video"
"2442","lying_close_grip_press","Lying Close-grip Press","Custom","Custom","Triceps, Upper Arms","Barbell","","UpperArms","1","74","video_target:UpperArms"
"2443","lying_elbow_press","Lying Elbow Press","Custom","Custom","Triceps, Upper Arms","Dumbbell","","","1","44","missing_video"
"2444","lying_extension","Lying extension","Custom","Custom","Triceps, Upper Arms","Barbell","UpperArms","UpperArms","1","74","image_target:UpperArms;video_target:UpperArms"
"2445","lying_single_extension","Lying Single Extension","Custom","Custom","Triceps, Upper Arms","Dumbbell","UpperArms","UpperArms","1","74","image_target:UpperArms;video_target:UpperArms"
"2446","measurement","Measurement","Custom","Custom","","Body weight","","","2","24","missing_image;missing_video;duplicate_group"
"2447","measurement_measurement_7sk","Measurement","Custom","Custom","","Body weight","","","2","24","missing_image;missing_video;duplicate_group"
"2448","open_book_stretch","Open Book Stretch","Custom","Custom","","Body weight","","","1","54","missing_image"
"2449","push_through_reach","Push Through Reach","Custom","Custom","Stretching","Body weight","","","1","44","missing_video"
"2450","reverse_grip_skullcrusher","Reverse Grip Skullcrusher","Custom","Triceps","Upper Arms","Barbell","UpperArms","","1","44","missing_video;muscle_mismatch:Custom->Triceps"
"2451","revolved_side_angle_pose_parivrtta_parsvakonasana","Revolved Side Angle Pose Parivrtta Parsvakonasana","Custom","Custom","Yoga","Body weight","","","1","44","missing_video"
"2452","seated_bench_extension","Seated Bench Extension","Custom","Custom","Triceps, Upper Arms","Dumbbell","UpperArms","UpperArms","1","74","image_target:UpperArms;video_target:UpperArms"
"2453","spread_leg_forward_fold_upavista_konasana","Spread Leg Forward Fold Upavista Konasana","Custom","Custom","Yoga","Body weight","","","1","44","missing_video"
"2454","stalder_press","Stalder Press","Custom","Custom","Upper Arms","Body weight","","","1","44","missing_video"
"2455","stand_spread_leg_forward_fold","Stand Spread Leg Forward Fold","Custom","Custom","Yoga","Body weight","","","1","44","missing_video"
"2456","standing_archer","Standing Archer","Custom","Custom","Upper Arms","Body weight","","","1","44","missing_video"
"2457","standing_forward_bend_uttanasana","Standing Forward Bend Uttanasana","Custom","Custom","Yoga","Body weight","","","1","44","missing_video"
"2458","standing_one_arm_extension","Standing One Arm Extension","Custom","Custom","Triceps, Upper Arms","Dumbbell","UpperArms","UpperArms","1","74","image_target:UpperArms;video_target:UpperArms"
"2459","standing_pose","Standing Pose","Custom","Custom","Full body","Body weight","","","2","24","missing_image;missing_video;duplicate_group"
"2460","standing_pose_standing_pose_8x3","Standing Pose","Custom","Custom","Full body","Body weight","","","2","24","missing_image;missing_video;duplicate_group"
"2461","standing_seal_yoga_pose","Standing Seal Yoga Pose","Custom","Custom","Stretching","Body weight","","","1","44","missing_video"
"2462","standing_wring_the_towel","Standing Wring the Towel","Custom","Custom","Upper Arms","Body weight","","","1","44","missing_video"
"2463","static_position_lying_front","Static Position Lying Front","Custom","Custom","","Body weight","","","2","44","missing_video;duplicate_group"
"2464","static_position_lying_front_static_position_lying_front_8wz","Static Position Lying Front","Custom","Custom","","Body weight","","","2","44","missing_video;duplicate_group"
"2465","static_position_standing","Static Position Standing","Custom","Custom","","Body weight","","","2","44","missing_video;duplicate_group"
"2466","static_position_standing_static_position_standing_8wy","Static Position Standing","Custom","Custom","","Body weight","","","2","44","missing_video;duplicate_group"
"2467","straight_angle_yoga_pose","Straight Angle Yoga Pose","Custom","Custom","Stretching","Body weight","","","1","44","missing_video"
"2468","strongman_arm_over_arm","StrongMan Arm over Arm","Custom","Custom","Weightlifting","Body weight","","","1","44","missing_video"
"2469","strongman_hercules_hold","StrongMan Hercules Hold","Custom","Custom","Upper Arms","Weighted","","","1","44","missing_video"
"2470","strongman_log_lift","StrongMan Log Lift","Custom","Custom","Weightlifting","Body weight","","","1","44","missing_video"
"2471","strongman_mas_wrestling","StrongMan MAS Wrestling","Custom","Custom","Weightlifting","Body weight","","","1","44","missing_video"
"2472","strongman_tire_flip","StrongMan Tire Flip","Custom","Custom","Weightlifting","Weighted","","","1","44","missing_video"
"2473","strongman_truck_pull","StrongMan Truck Pull","Custom","Custom","Weightlifting","Body weight","","","1","44","missing_video"
"2474","supination_bar_suspension_stretch","Supination Bar Suspension Stretch","Custom","Custom","Upper Arms","Body weight","UpperArms","UpperArms","1","74","image_target:UpperArms;video_target:UpperArms"
"2475","suspension_in_pulley_machine_in_supination_stretch","Suspension In Pulley Machine In Supination Stretch","Custom","Custom","Upper Arms","Cable","UpperArms","","1","44","missing_video;image_target:UpperArms"
"2476","swaying_palm_tree_yoga_pose","Swaying Palm Tree Yoga Pose","Custom","Custom","Stretching","Body weight","","","1","44","missing_video"
"2477","the_eagle_yoga_pose","The Eagle Yoga Pose","Custom","Custom","Stretching","Body weight","","","1","44","missing_video"
"2478","tiger_yoga_pose","Tiger Yoga Pose","Custom","Custom","Stretching","Body weight","","","1","44","missing_video"
"2479","tree_pose_vrksasana","Tree Pose Vrksasana","Custom","Custom","Yoga","Body weight","","","1","44","missing_video"
"2480","triangle_pose_trikonasana","Triangle Pose Trikonasana","Custom","Custom","Yoga","Body weight","","","1","44","missing_video"
"2481","warrior_ii_yoga_pose","Warrior II Yoga Pose","Custom","Custom","Stretching","Body weight","","","1","44","missing_video"
"2482","warrior_pose_i_virabhadrasana_i","Warrior Pose I Virabhadrasana I","Custom","Custom","Yoga","Body weight","","","1","44","missing_video"
"2483","warrior_pose_ii_virabhadrasana_ii","Warrior Pose II Virabhadrasana II","Custom","Custom","Yoga","Body weight","","","1","44","missing_video"
"2484","wide_legged_forward_bend_prasarita_padottanasana","Wide legged Forward Bend Prasarita Padottanasana","Custom","Custom","Yoga","Body weight","","","1","44","missing_video"
"2485","adduction_hand_with_elbow_extended_stretch","Adduction Hand With Elbow Extended Stretch","Forearms","Custom","Forearms","Body weight","Forearms","","1","44","missing_video;image_target:Forearms"
"2486","an_inch_long_abductor","An inch long abductor","Forearms","Custom","Forearms","Body weight","","","1","24","missing_image;missing_video"
"2487","band_reverse_curl","Band reverse curl","Forearms","Biceps","Forearms","Band","Forearms","","1","44","missing_video;muscle_mismatch:Forearms->Biceps;image_target:Forearms"
"2488","band_reverse_wrist_curl","Band reverse wrist curl","Forearms","Forearms","Forearms","Band","Forearms","Forearms","1","74",""
"2489","band_wrist_curl","Band wrist curl","Forearms","Forearms","Forearms","Band","Forearms","Forearms","1","74",""
"2490","barbell_incline_wrist_curl_with_chest_support","Barbell Incline Wrist Curl with Chest Support","Forearms","Forearms","Forearms","Barbell","Forearms","","1","44","missing_video"
"2491","barbell_palms_down_wrist_curl_over_a_bench","Barbell Palms Down Wrist Curl Over A Bench","Forearms","Forearms","Forearms","Barbell","Forearms","","2","44","missing_video;duplicate_group"
"2492","barbell_palms_down_wrist_curl_over_a_bench_barbell_palms_down_wrist_curl_over_a_bench_707","Barbell Palms Down Wrist Curl Over A Bench","Forearms","Forearms","Forearms","Barbell","Forearms","Forearms","2","74","duplicate_group"
"2493","barbell_palms_up_wrist_curl_over_a_bench","Barbell Palms Up Wrist Curl Over A Bench","Forearms","Forearms","Forearms","Barbell","Forearms","","2","44","missing_video;duplicate_group"
"2494","barbell_palms_up_wrist_curl_over_a_bench_barbell_palms_up_wrist_curl_over_a_bench_708","Barbell Palms Up Wrist Curl Over A Bench","Forearms","Forearms","Forearms","Barbell","Forearms","","2","44","missing_video;duplicate_group"
"2495","barbell_revers_wrist_curl_barbell_revers_wrist_curl_61n","Barbell Revers Wrist Curl","Forearms","Forearms","Forearms","Barbell","Forearms","Forearms","2","74","duplicate_group"
"2496","barbell_revers_wrist_curl","Barbell Revers Wrist Curl","Forearms","Forearms","Forearms","Barbell","Forearms","","2","44","missing_video;duplicate_group"
"2497","barbell_reverse_curl","Barbell Reverse Curl","Forearms","Biceps","Forearms","Barbell","Forearms","Forearms","2","74","muscle_mismatch:Forearms->Biceps;image_target:Forearms;video_target:Forearms;duplicate_group"
"2498","barbell_reverse_curl_barbell_reverse_curl_61o","Barbell Reverse Curl","Forearms","Biceps","Forearms","Barbell","Forearms","Forearms","2","74","muscle_mismatch:Forearms->Biceps;image_target:Forearms;video_target:Forearms;duplicate_group"
"2499","barbell_reverse_wrist_curl","Barbell Reverse Wrist Curl","Forearms","Forearms","Forearms","Barbell","Forearms","Forearms","2","74","duplicate_group"
"2500","barbell_reverse_wrist_curl_barbell_reverse_wrist_curl_61q","Barbell Reverse Wrist Curl","Forearms","Forearms","Forearms","Barbell","Forearms","Forearms","2","74","duplicate_group"
"2501","barbell_standing_back_wrist_curl_barbell_standing_back_wrist_curl_7ah","Barbell Standing Back Wrist Curl","Forearms","Forearms","Forearms","Barbell","Forearms","Forearms","2","74","duplicate_group"
"2502","barbell_standing_back_wrist_curl","Barbell Standing Back Wrist Curl","Forearms","Forearms","Forearms","Barbell","Forearms","Forearms","2","74","duplicate_group"
"2503","barbell_standing_reverse_grip_curl","Barbell Standing Reverse Grip Curl","Forearms","Biceps","Forearms","Barbell","Forearms","","1","44","missing_video;muscle_mismatch:Forearms->Biceps;image_target:Forearms"
"2504","barbell_wrist_curl","Barbell Wrist Curl","Forearms","Forearms","Forearms","Barbell","Forearms","Forearms","3","74","duplicate_group"
"2505","barbell_wrist_curl_barbell_wrist_curl_8fs","Barbell Wrist Curl","Forearms","Forearms","Forearms","Barbell","Forearms","Forearms","3","74","duplicate_group"
"2506","barbell_wrist_curl_barbell_wrist_curl_62y","Barbell Wrist Curl","Forearms","Forearms","Forearms","Barbell","Forearms","","3","44","missing_video;duplicate_group"
"2507","behind_back_finger_curl","Behind Back Finger Curl","Forearms","Forearms","Forearms","Barbell","Forearms","","1","44","missing_video;reviewed_forearm_rule"
"2508","brachialis_pull_up","Brachialis Pull-up","Forearms","Biceps","Forearms","Body weight","Forearms","","1","44","missing_video;muscle_mismatch:Forearms->Biceps;image_target:Forearms"
"2509","brachioradialis","Brachioradialis","Forearms","Custom","Forearms","Body weight","","","1","24","missing_image;missing_video"
"2510","cable_one_arm_wrist_curl","Cable One Arm Wrist Curl","Forearms","Forearms","Forearms","Cable","Forearms","","1","44","missing_video"
"2511","cable_reverse_curl","Cable Reverse Curl","Forearms","Biceps","Forearms","Cable","Forearms","Forearms","1","74","muscle_mismatch:Forearms->Biceps;image_target:Forearms;video_target:Forearms"
"2512","cable_reverse_one_arm_curl_cable_reverse_one_arm_curl_709","Cable Reverse One Arm Curl","Forearms","Biceps","Forearms","Cable","Forearms","","1","44","missing_video;muscle_mismatch:Forearms->Biceps;image_target:Forearms"
"2513","cable_reverse_wrist_curl","Cable Reverse Wrist Curl","Forearms","Forearms","Forearms","Cable","Forearms","","1","44","missing_video"
"2514","cable_standing_back_wrist_curl","Cable Standing Back Wrist Curl","Forearms","Forearms","Forearms","Cable","Forearms","","1","44","missing_video"
"2515","cable_standing_pulldown","Cable Standing Pulldown","Forearms","Back","Forearms","Cable","Forearms","","1","44","missing_video;muscle_mismatch:Forearms->Back;image_target:Forearms"
"2516","cable_standing_reverse_grip_curl","Cable Standing Reverse Grip Curl","Forearms","Biceps","Forearms","Cable","Forearms","Forearms","2","74","muscle_mismatch:Forearms->Biceps;image_target:Forearms;video_target:Forearms;duplicate_group"
"2517","cable_standing_reverse_grip_curl_cable_standing_reverse_grip_curl_83l","Cable Standing Reverse Grip Curl","Forearms","Biceps","Forearms","Cable","Forearms","","2","44","missing_video;muscle_mismatch:Forearms->Biceps;image_target:Forearms;duplicate_group"
"2518","cable_wrist_curl","Cable Wrist Curl","Forearms","Forearms","Forearms","Cable","Forearms","Forearms","1","74",""
"2519","chest_bench_press_forearms","Chest Bench Press - Forearms","Forearms","Forearms","Chest","Barbell","Forearms","","1","44","missing_video"
"2520","curl_with_multipurpose_v_bar","Curl with Multipurpose V bar","Forearms","Biceps","Forearms","Cable","Forearms","Forearms","1","74","muscle_mismatch:Forearms->Biceps;image_target:Forearms;video_target:Forearms"
"2521","dumbbell_behind_back_finger_curl","Dumbbell Behind Back Finger Curl","Forearms","Forearms","Forearms","Dumbbell","Forearms","Forearms","2","74","duplicate_group;reviewed_forearm_rule"
"2522","dumbbell_behind_back_finger_curl_dumbbell_behind_back_finger_curl_74m","Dumbbell Behind Back Finger Curl","Forearms","Forearms","Forearms","Dumbbell","Forearms","Forearms","2","74","duplicate_group;reviewed_forearm_rule"
"2523","dumbbell_finger_curls","Dumbbell finger curls","Forearms","Forearms","Forearms","Dumbbell","","","1","44","missing_video;reviewed_forearm_rule"
"2524","dumbbell_lying_pronation","Dumbbell Lying Pronation","Forearms","Custom","Forearms","Dumbbell","Forearms","","1","44","missing_video;image_target:Forearms"
"2525","dumbbell_lying_pronation_on_floor","Dumbbell Lying Pronation on Floor","Forearms","Custom","Forearms","Dumbbell","Forearms","","1","44","missing_video;image_target:Forearms"
"2526","dumbbell_lying_supination","Dumbbell Lying Supination","Forearms","Custom","Forearms","Dumbbell","Forearms","","1","44","missing_video;image_target:Forearms"
"2527","dumbbell_lying_supination_on_floor","Dumbbell Lying Supination on Floor","Forearms","Custom","Forearms","Dumbbell","Forearms","","1","44","missing_video;image_target:Forearms"
"2528","dumbbell_lying_supine_curl_dumbbell_lying_supine_curl_8v3","Dumbbell Lying Supine Curl","Forearms","Biceps","Forearms","Dumbbell","Forearms","Forearms","2","74","muscle_mismatch:Forearms->Biceps;image_target:Forearms;video_target:Forearms;duplicate_group"
"2529","dumbbell_lying_supine_curl","Dumbbell Lying Supine Curl","Forearms","Biceps","Forearms","Dumbbell","Forearms","Forearms","2","74","muscle_mismatch:Forearms->Biceps;image_target:Forearms;video_target:Forearms;duplicate_group"
"2530","dumbbell_one_arm_revers_wrist_curl","Dumbbell One arm Revers Wrist Curl","Forearms","Forearms","Forearms","Dumbbell","Forearms","","2","44","missing_video;duplicate_group"
"2531","dumbbell_one_arm_revers_wrist_curl_dumbbell_one_arm_revers_wrist_curl_6j4","Dumbbell One arm Revers Wrist Curl","Forearms","Forearms","Forearms","Dumbbell","Forearms","Forearms","2","74","duplicate_group"
"2532","dumbbell_one_arm_seated_neutral_wrist_curl","Dumbbell One Arm Seated Neutral Wrist Curl","Forearms","Forearms","Forearms","Dumbbell","Forearms","","1","44","missing_video"
"2533","dumbbell_one_arm_wrist_curl_dumbbell_one_arm_wrist_curl_865","Dumbbell One arm Wrist Curl","Forearms","Forearms","Forearms","Dumbbell","Forearms","","2","44","missing_video;duplicate_group"
"2534","dumbbell_one_arm_wrist_curl","Dumbbell One arm Wrist Curl","Forearms","Forearms","Forearms","Dumbbell","Forearms","Forearms","2","74","duplicate_group"
"2535","dumbbell_over_bench_neutral_wrist_curl","Dumbbell Over Bench Neutral Wrist Curl","Forearms","Forearms","Forearms","Dumbbell","Forearms","","2","44","missing_video;duplicate_group"
"2536","dumbbell_over_bench_neutral_wrist_curl_dumbbell_over_bench_neutral_wrist_curl_6jl","Dumbbell Over Bench Neutral Wrist Curl","Forearms","Forearms","Forearms","Dumbbell","Forearms","","2","44","missing_video;duplicate_group"
"2537","dumbbell_over_bench_one_arm_neutral_wrist_curl","Dumbbell Over Bench One Arm  Neutral Wrist Curl","Forearms","Forearms","Forearms","Dumbbell","Forearms","","2","44","missing_video;duplicate_group"
"2538","dumbbell_over_bench_one_arm_neutral_wrist_curl_dumbbell_over_bench_one_arm_neutral_wrist_curl_6jm","Dumbbell Over Bench One Arm  Neutral Wrist Curl","Forearms","Forearms","Forearms","Dumbbell","Forearms","","2","44","missing_video;duplicate_group"
"2539","dumbbell_over_bench_one_arm_wrist_curl","Dumbbell Over Bench One Arm Wrist Curl","Forearms","Forearms","Forearms","Dumbbell","Forearms","","2","44","missing_video;duplicate_group"
"2540","dumbbell_over_bench_one_arm_wrist_curl_dumbbell_over_bench_one_arm_wrist_curl_6jn","Dumbbell Over Bench One Arm Wrist Curl","Forearms","Forearms","Forearms","Dumbbell","Forearms","","2","44","missing_video;duplicate_group"
"2541","dumbbell_over_bench_revers_wrist_curl","Dumbbell Over Bench Revers Wrist Curl","Forearms","Forearms","Forearms","Dumbbell","Forearms","","2","44","missing_video;duplicate_group"
"2542","dumbbell_over_bench_revers_wrist_curl_dumbbell_over_bench_revers_wrist_curl_6jo","Dumbbell Over Bench Revers Wrist Curl","Forearms","Forearms","Forearms","Dumbbell","Forearms","Forearms","2","74","duplicate_group"
"2543","dumbbell_over_bench_wrist_curl","Dumbbell Over Bench Wrist Curl","Forearms","Forearms","Forearms","Dumbbell","Forearms","Forearms","2","74","duplicate_group"
"2544","dumbbell_over_bench_wrist_curl_dumbbell_over_bench_wrist_curl_6jp","Dumbbell Over Bench Wrist Curl","Forearms","Forearms","Forearms","Dumbbell","Forearms","Forearms","2","74","duplicate_group"
"2545","dumbbell_reverse_wrist_curl","Dumbbell Reverse Wrist Curl","Forearms","Forearms","Forearms","Dumbbell","Forearms","Forearms","1","74",""
"2546","dumbbell_seated_neutral_wrist_curl","Dumbbell Seated Neutral Wrist Curl","Forearms","Forearms","Forearms","Dumbbell","Forearms","Forearms","2","74","duplicate_group"
"2547","dumbbell_seated_neutral_wrist_curl_dumbbell_seated_neutral_wrist_curl_6kh","Dumbbell Seated Neutral Wrist Curl","Forearms","Forearms","Forearms","Dumbbell","Forearms","Forearms","2","74","duplicate_group"
"2548","dumbbell_seated_one_arm_rotate","Dumbbell Seated One Arm Rotate","Forearms","Custom","Forearms","Dumbbell","Forearms","","1","44","missing_video;image_target:Forearms"
"2549","dumbbell_seated_palms_up_wrist_curl","Dumbbell Seated Palms Up Wrist Curl","Forearms","Forearms","Forearms","Dumbbell","Forearms","","2","44","missing_video;duplicate_group"
"2550","dumbbell_seated_palms_up_wrist_curl_dumbbell_seated_palms_up_wrist_curl_6kl","Dumbbell Seated Palms Up Wrist Curl","Forearms","Forearms","Forearms","Dumbbell","Forearms","","2","44","missing_video;duplicate_group"
"2551","dumbbell_standing_one_arm_reverse_curl","Dumbbell Standing One Arm Reverse Curl","Forearms","Biceps","Forearms","Dumbbell","Forearms","","1","44","missing_video;muscle_mismatch:Forearms->Biceps;image_target:Forearms"
"2552","dumbbell_standing_reverse_curl","Dumbbell Standing Reverse Curl","Forearms","Biceps","Forearms","Dumbbell","Forearms","Forearms","1","74","muscle_mismatch:Forearms->Biceps;image_target:Forearms;video_target:Forearms"
"2553","elbow_extension_and_supination_pronation_forearm_stretch","Elbow Extension And Supination - Pronation Forearm Stretch","Forearms","Forearms","Triceps, Upper Arms","Body weight","UpperArms","Forearms","1","74","image_target:UpperArms"
"2554","elbow_extensor_anconeus_stretch","Elbow Extensor Anconeus Stretch","Forearms","Custom","Upper Arms","Body weight","Forearms","","1","44","missing_video;image_target:Forearms"
"2555","extensor_carpi_ulnaris","Extensor carpi ulnaris","Forearms","Custom","Forearms","Body weight","","","1","24","missing_image;missing_video"
"2556","extensor_of_the_fingers","Extensor of the fingers","Forearms","Forearms","Forearms","Body weight","","","1","24","missing_image;missing_video;reviewed_forearm_rule"
"2557","extensor_of_the_little_finger","Extensor of the little finger","Forearms","Forearms","Forearms","Body weight","","","1","24","missing_image;missing_video;reviewed_forearm_rule"
"2558","ez_barbell_reverse_grip_curl_ez_barbell_reverse_grip_curl_6lz","EZ Barbell Reverse Grip Curl","Forearms","Biceps","Forearms","EZ Barbell","Forearms","Forearms","1","74","muscle_mismatch:Forearms->Biceps;image_target:Forearms;video_target:Forearms"
"2559","finger_curls_finger_curls_f2","finger curls","Forearms","Forearms","Forearms","Dumbbell","","","3","44","missing_video;duplicate_group;reviewed_forearm_rule"
"2560","finger_curls","Finger Curls","Forearms","Forearms","Forearms","Barbell","Forearms","","3","44","missing_video;duplicate_group;reviewed_forearm_rule"
"2561","finger_curls_finger_curls_6ld","Finger Curls","Forearms","Forearms","Forearms","Barbell","Forearms","","3","44","missing_video;duplicate_group;reviewed_forearm_rule"
"2562","finger_extension_stretch","Finger Extension Stretch","Forearms","Forearms","Forearms","Body weight","","","1","44","missing_video;reviewed_forearm_rule"
"2563","finger_extensor_stretch","Finger Extensor Stretch","Forearms","Forearms","Forearms","Body weight","Forearms","","1","44","missing_video;reviewed_forearm_rule"
"2564","finger_flexor_stretch","Finger Flexor Stretch","Forearms","Forearms","Forearms","Body weight","Forearms","","1","44","missing_video;reviewed_forearm_rule"
"2565","finger_stretch","Finger Stretch","Forearms","Forearms","Forearms","Body weight","Forearms","","1","44","missing_video;reviewed_forearm_rule"
"2566","fingers_down_forearm_stretch","Fingers Down Forearm Stretch","Forearms","Forearms","Forearms","Body weight","Forearms","Forearms","1","74","reviewed_forearm_rule"
"2567","flexion_finger_stretch","Flexion Finger Stretch","Forearms","Forearms","Forearms","Body weight","","","1","44","missing_video;reviewed_forearm_rule"
"2568","flexor_carpi_radialis","Flexor carpi radialis","Forearms","Custom","Forearms","Body weight","","","1","24","missing_image;missing_video"
"2569","flexor_carpi_ulnaris","Flexor carpi ulnaris","Forearms","Custom","Forearms","Body weight","","","1","24","missing_image;missing_video"
"2570","flexor_digitorum_superficialis","Flexor digitorum superficialis","Forearms","Custom","Forearms","Body weight","","","1","24","missing_image;missing_video"
"2571","flexor_thumb_long","Flexor thumb long","Forearms","Custom","Forearms","Body weight","","","1","24","missing_image;missing_video"
"2572","forearm_pronation_articulations","Forearm - Pronation - Articulations","Forearms","Forearms","Forearms","Body weight","Mobility","Forearms","1","74","image_target:Mobility"
"2573","forearm_supination_articulations","Forearm - Supination - Articulations","Forearms","Forearms","Forearms","Body weight","Mobility","Forearms","1","74","image_target:Mobility"
"2574","forearm_pronator_stretch","Forearm Pronator Stretch","Forearms","Forearms","Forearms","Body weight","Forearms","","1","44","missing_video"
"2575","forearm_wall_slide","Forearm Wall Slide","Forearms","Forearms","Back","Body weight","Back","","1","44","missing_video;image_target:Back"
"2576","hand_spring_wrist_curl","Hand Spring Wrist Curl","Forearms","Forearms","Forearms","Weighted","","","1","44","missing_video"
"2577","handboard_half_crimp","Handboard Half Crimp","Forearms","Custom","Forearms","Body weight","","","1","44","missing_video"
"2578","handboard_hang_with_135_degree_elbow","Handboard Hang with 135 Degree Elbow","Forearms","Custom","Forearms","Body weight","","","2","44","missing_video;duplicate_group"
"2579","handboard_hang_with_90_degree_elbow","Handboard Hang with 90 Degree Elbow","Forearms","Custom","Forearms","Body weight","","","2","44","missing_video;duplicate_group"
"2580","handboard_open_hand_grip","Handboard Open Hand Grip","Forearms","Custom","Forearms","Body weight","","","1","44","missing_video"
"2581","handboard_slope_hang","Handboard Slope Hang","Forearms","Custom","Forearms","Body weight","Forearms","","1","44","missing_video;image_target:Forearms"
"2582","kettlebell_alternating_hang_clean","Kettlebell Alternating Hang Clean","Forearms","Custom","Forearms","Kettlebell","Forearms","","1","44","missing_video;image_target:Forearms"
"2583","kettlebell_bottoms_up_clean_from_the_hang_position","Kettlebell Bottoms Up Clean From The Hang Position","Forearms","Custom","Forearms","Kettlebell","Forearms","","1","44","missing_video;image_target:Forearms"
"2584","kettlebell_double_alternating_hang_clean","Kettlebell Double Alternating Hang Clean","Forearms","Custom","Forearms","Kettlebell","Forearms","","1","44","missing_video;image_target:Forearms"
"2585","kneeling_wrist_flexor_stretch","Kneeling Wrist Flexor Stretch","Forearms","Forearms","Forearms","Body weight","Forearms","","1","44","missing_video"
"2586","lever_gripper_hands","Lever Gripper Hands","Forearms","Custom","Forearms","Leverage machine","","","1","44","missing_video"
"2587","modified_push_up_to_forearms","Modified Push Up to Forearms","Forearms","Forearms","Forearms","Body weight","Forearms","","1","44","missing_video"
"2588","one_arm_revers_wrist_curl","One arm Revers Wrist Curl","Forearms","Forearms","Forearms","Dumbbell","Forearms","Forearms","1","74",""
"2589","one_arm_seated_neutral_wrist_curl","One Arm Seated Neutral Wrist Curl","Forearms","Forearms","Forearms","Dumbbell","Forearms","Forearms","1","74",""
"2590","one_arm_wrist_curl","One arm Wrist Curl","Forearms","Forearms","Forearms","Dumbbell","Forearms","Forearms","1","74",""
"2591","over_bench_neutral_wrist_curl","Over Bench Neutral Wrist Curl","Forearms","Forearms","Forearms","Dumbbell","Forearms","","1","44","missing_video"
"2592","over_bench_one_arm_neutral_wrist_curl","Over Bench One Arm  Neutral Wrist Curl","Forearms","Forearms","Forearms","Dumbbell","Forearms","","1","44","missing_video"
"2593","over_bench_one_arm_reverse_wrist_curl","Over Bench One Arm Reverse Wrist Curl","Forearms","Forearms","Forearms","Dumbbell","Forearms","","1","44","missing_video"
"2594","over_bench_one_arm_wrist_curl","Over Bench One Arm Wrist Curl","Forearms","Forearms","Forearms","Dumbbell","Forearms","","1","44","missing_video"
"2595","over_bench_revers_wrist_curl","Over Bench Revers Wrist Curl","Forearms","Forearms","Forearms","Dumbbell","Forearms","Forearms","1","74",""
"2596","over_bench_wrist_curl","Over Bench Wrist Curl","Forearms","Forearms","Forearms","Dumbbell","Forearms","Forearms","1","74",""
"2597","palmaris_longus","Palmaris longus","Forearms","Custom","Forearms","Body weight","","","1","24","missing_image;missing_video"
"2598","palms_out_forearm_stretch","Palms Out Forearm Stretch","Forearms","Forearms","Forearms","Body weight","Forearms","","1","44","missing_video"
"2599","plate_pinch","Plate Pinch","Forearms","Custom","Forearms","Weighted","Forearms","Forearms","1","74","image_target:Forearms;video_target:Forearms"
"2600","pronator_square","Pronator square","Forearms","Custom","Forearms","Body weight","","","1","24","missing_image;missing_video"
"2601","pronator_teres","Pronator teres","Forearms","Custom","Forearms","Body weight","","","1","24","missing_image;missing_video"
"2602","push_up_on_forearms","Push-up on Forearms","Forearms","Forearms","Triceps, Upper Arms","Body weight","Forearms","Forearms","1","74",""
"2603","revers_wrist_curl","Revers Wrist Curl","Forearms","Forearms","Forearms","Barbell","Forearms","Forearms","1","74",""
"2604","reverse_curl","Reverse Curl","Forearms","Biceps","Forearms","Barbell","Forearms","Forearms","1","74","muscle_mismatch:Forearms->Biceps;image_target:Forearms;video_target:Forearms"
"2605","reverse_grip_curl","Reverse Grip Curl","Forearms","Biceps","Forearms","EZ Barbell","Forearms","Forearms","1","74","muscle_mismatch:Forearms->Biceps;image_target:Forearms;video_target:Forearms"
"2606","reverse_wrist_curl_reverse_wrist_curl_7p","Reverse Wrist Curl","Forearms","Forearms","Forearms","Cable","Forearms","","3","44","missing_video;duplicate_group"
"2607","reverse_wrist_curl_reverse_wrist_curl_9s","Reverse Wrist Curl","Forearms","Forearms","Forearms","Dumbbell","Forearms","Forearms","3","74","duplicate_group"
"2608","reverse_wrist_curl","Reverse Wrist Curl","Forearms","Forearms","Forearms","Barbell","Forearms","Forearms","3","74","duplicate_group"
"2609","roll_ball_forearm_extensors","Roll Ball Forearm Extensors","Forearms","Forearms","Forearms","Rollball","Forearms","","1","44","missing_video"
"2610","roll_ball_forearm_flexors","Roll Ball Forearm Flexors","Forearms","Forearms","Forearms","Rollball","Forearms","","1","44","missing_video"
"2611","roll_ball_forearm_pronator","Roll Ball Forearm Pronator","Forearms","Forearms","Forearms","Rollball","Forearms","","1","44","missing_video"
"2612","roll_ball_forearm_supinator","Roll Ball Forearm Supinator","Forearms","Forearms","Forearms","Rollball","Forearms","","1","44","missing_video"
"2613","seated_neutral_wrist_curl","Seated Neutral Wrist Curl","Forearms","Forearms","Forearms","Dumbbell","Forearms","Forearms","1","74",""
"2614","seated_palms_up_wrist_curl","Seated Palms Up Wrist Curl","Forearms","Forearms","Forearms","Dumbbell","Forearms","","1","44","missing_video"
"2615","seated_wrist_ulnar_deviator_and_flexor_stretch","Seated Wrist Ulnar Deviator And Flexor Stretch","Forearms","Forearms","Forearms","Body weight","Forearms","","1","44","missing_video"
"2616","separation_finger_stretch","Separation Finger Stretch","Forearms","Forearms","Forearms","Body weight","","","1","44","missing_video;reviewed_forearm_rule"
"2617","short_thumb_extensor","Short thumb extensor","Forearms","Custom","Forearms","Body weight","","","1","24","missing_image;missing_video"
"2618","side_wrist_pull_stretch","Side Wrist Pull Stretch","Forearms","Forearms","Forearms","Body weight","Forearms","Forearms","2","74","duplicate_group"
"2619","side_wrist_pull_stretch_side_wrist_pull_stretch_6th","Side Wrist Pull Stretch","Forearms","Forearms","Forearms","Body weight","Forearms","Forearms","2","74","duplicate_group"
"2620","smith_seated_wrist_curl","Smith Seated Wrist Curl","Forearms","Forearms","Forearms","Smith machine","Forearms","","1","44","missing_video"
"2621","smith_standing_back_wrist_curl","Smith Standing Back Wrist Curl","Forearms","Forearms","Forearms","Smith machine","Forearms","","1","44","missing_video"
"2622","standing_reverse_grip_curl","Standing Reverse Grip Curl","Forearms","Biceps","Forearms","Barbell","Forearms","","1","44","missing_video;muscle_mismatch:Forearms->Biceps;image_target:Forearms"
"2623","thumb_stretch","Thumb Stretch","Forearms","Custom","Forearms","Body weight","","","1","44","missing_video"
"2624","tiger_tail_forearm","Tiger Tail Forearm","Forearms","Forearms","Forearms","Body weight","Forearms","","1","44","missing_video"
"2625","wall_flexors_stretch","Wall Flexors Stretch","Forearms","Custom","Forearms","Body weight","Forearms","","1","44","missing_video;image_target:Forearms"
"2626","weighted_seated_neutral_wrist_curl","Weighted Seated Neutral Wrist Curl","Forearms","Forearms","Forearms","Weighted","Forearms","","1","44","missing_video"
"2627","weighted_seated_one_arm_reverse_wrist_curl","Weighted Seated One Arm Reverse Wrist Curl","Forearms","Forearms","Forearms","Weighted","Forearms","","1","44","missing_video"
"2628","weighted_seated_one_arm_wrist_curl","Weighted Seated One Arm Wrist Curl","Forearms","Forearms","Forearms","Weighted","Forearms","","1","44","missing_video"
"2629","weighted_seated_reverse_wrist_curl","Weighted Seated Reverse Wrist Curl","Forearms","Forearms","Forearms","Weighted","Forearms","","1","44","missing_video"
"2630","weighted_seated_supination","Weighted Seated Supination","Forearms","Custom","Forearms","Weighted","Forearms","","1","44","missing_video;image_target:Forearms"
"2631","weighted_standing_curl","Weighted Standing Curl","Forearms","Biceps","Forearms","Weighted","Forearms","Forearms","2","74","muscle_mismatch:Forearms->Biceps;image_target:Forearms;video_target:Forearms;duplicate_group"
"2632","weighted_standing_curl_weighted_standing_curl_6x5","Weighted Standing Curl","Forearms","Biceps","Forearms","Weighted","Forearms","Forearms","2","74","muscle_mismatch:Forearms->Biceps;image_target:Forearms;video_target:Forearms;duplicate_group"
"2633","weighted_standing_hand_squeeze","Weighted Standing Hand Squeeze","Forearms","Custom","Forearms","Weighted","Forearms","","1","44","missing_video;image_target:Forearms"
"2634","wrist_adduction_articulations","Wrist - Adduction - Articulations","Forearms","Forearms","Forearms","Body weight","Mobility","","1","74","image_target:Mobility"
"2635","wrist_extension_articulations","Wrist - Extension - Articulations","Forearms","Forearms","Forearms","Body weight","Mobility","","1","74","image_target:Mobility"
"2636","wrist_flexion_articulations","Wrist - Flexion - Articulations","Forearms","Forearms","Forearms","Body weight","Mobility","","1","74","image_target:Mobility"
"2637","wrist_circles","Wrist Circles","Forearms","Forearms","Forearms","Body weight","Forearms","Forearms","2","74","duplicate_group"
"2638","wrist_circles_wrist_circles_70l","Wrist Circles","Forearms","Forearms","Forearms","Body weight","Forearms","Forearms","2","74","duplicate_group"
"2639","wrist_curl_wrist_curl_6n","Wrist Curl","Forearms","Forearms","Forearms","Barbell","Forearms","Forearms","3","74","duplicate_group"
"2640","wrist_curl","Wrist Curl","Forearms","Forearms","Forearms","Barbell","Forearms","","3","44","missing_video;duplicate_group"
"2641","wrist_curl_wrist_curl_87","Wrist Curl","Forearms","Forearms","Forearms","Cable","Forearms","Forearms","3","74","duplicate_group"
"2642","wrist_extensor_stretch","Wrist Extensor Stretch","Forearms","Forearms","Forearms","Body weight","Forearms","Forearms","1","74",""
"2643","wrist_flexor_stretch","Wrist Flexor Stretch","Forearms","Forearms","Forearms","Body weight","Forearms","Forearms","1","74",""
"2644","wrist_radial_deviator_and_extensor_stretch","Wrist Radial Deviator And Extensor Stretch","Forearms","Forearms","Forearms","Body weight","Forearms","","1","44","missing_video"
"2645","wrist_radial_deviator_and_flexor_stretch","Wrist Radial Deviator And Flexor Stretch","Forearms","Forearms","Forearms","Body weight","Forearms","","1","44","missing_video"
"2646","wrist_roller","Wrist Roller","Forearms","Forearms","Forearms","Weighted","Forearms","Forearms","1","74",""
"2647","wrist_ulnar_deviator_and_extensor_stretch","Wrist Ulnar Deviator And Extensor Stretch","Forearms","Forearms","Forearms","Body weight","Forearms","","1","44","missing_video"
"2648","wrist_ulnar_deviator_and_flexor_stretch","Wrist Ulnar Deviator And Flexor Stretch","Forearms","Forearms","Forearms","Body weight","Forearms","","1","74",""
"2649","45_degree_hyperextension","45 degree hyperextension","Glutes","Custom","Hips","Body weight","Back","Back","1","74","image_target:Back;video_target:Back"
"2650","45_degree_one_leg_hyperextension","45 degree one leg hyperextension","Glutes","Custom","Hips","Body weight","Glutes","","1","44","missing_video;image_target:Glutes"
"2651","45_degrees_back_extension","45 degrees Back Extension","Glutes","Posterior","Hips","Body weight","Glutes","","1","44","missing_video;muscle_mismatch:Glutes->Posterior"
"2652","a_brief_introduction","A brief introduction","Glutes","Custom","Hips","Body weight","","","1","24","missing_image;missing_video"
"2653","abduction_of_one_leg_flexion_stretch","Abduction Of One Leg Flexion Stretch","Glutes","Custom","Thighs","Body weight","Glutes","Glutes","1","74","image_target:Glutes;video_target:Glutes"
"2654","abductors","Abductors","Glutes","Custom","Hips","Body weight","","","1","24","missing_image;missing_video"
"2655","adduction_of_arm_in_back_stretch","Adduction Of Arm In Back Stretch","Glutes","Back","Back","Body weight","Back","","1","44","missing_video;muscle_mismatch:Glutes->Back"
"2656","adductor_longus","Adductor Longus","Glutes","Custom","Hips","Body weight","","","1","24","missing_image;missing_video"
"2657","adductor_stretch_adductor_stretch_6zg","Adductor stretch","Glutes","Custom","Hips","Body weight","Glutes","Glutes","2","74","image_target:Glutes;video_target:Glutes;duplicate_group"
"2658","adductor_stretch","Adductor Stretch","Glutes","Custom","Hips","Body weight","Glutes","Glutes","2","74","image_target:Glutes;video_target:Glutes;duplicate_group"
"2659","alternate_leg_raise","Alternate Leg Raise","Glutes","Core","Hips","Body weight","Glutes","Glutes","1","74","muscle_mismatch:Glutes->Core;image_target:Glutes;video_target:Glutes"
"2660","alternating_superman","Alternating Superman","Glutes","Custom","Hips","Body weight","","Glutes","2","54","missing_image;video_target:Glutes;duplicate_group"
"2661","alternating_superman_alternating_superman_9ny","Alternating Superman","Glutes","Custom","Hips","Body weight","","","2","24","missing_image;missing_video;duplicate_group"
"2662","around_the_world_superman_hold","Around the World Superman Hold","Glutes","Custom","Hips","Body weight","Glutes","Glutes","1","74","image_target:Glutes;video_target:Glutes"
"2663","assisted_lying_adductors_stretch","Assisted Lying Adductors Stretch","Glutes","Custom","Hips","Assisted","Glutes","","1","44","missing_video;image_target:Glutes"
"2664","assisted_lying_gluteus_and_piriformis_stretch","Assisted Lying Gluteus And Piriformis Stretch","Glutes","Glutes","Hips","Assisted","Glutes","","1","44","missing_video"
"2665","assisted_lying_gluteus_maximus_stretch","Assisted Lying Gluteus Maximus Stretch","Glutes","Glutes","Hips","Assisted","Glutes","","1","44","missing_video"
"2666","assisted_lying_hip_stretch_in_supine_position","Assisted Lying Hip Stretch In Supine Position","Glutes","Custom","Hips","Body weight","Glutes","","1","44","missing_video;image_target:Glutes"
"2667","assisted_one_leg_extension","Assisted One Leg Extension","Glutes","Quads","Hips","Body weight","Glutes","","1","44","missing_video;muscle_mismatch:Glutes->Quads;image_target:Glutes"
"2668","assisted_side_lying_adductor_stretch","Assisted Side Lying Adductor Stretch","Glutes","Custom","Hips","Assisted","Glutes","","1","44","missing_video;image_target:Glutes"
"2669","back_forward_leg_swings_back_forward_leg_swings_7ca","Back Forward Leg Swings","Glutes","Back","Hips","Body weight","Glutes","Glutes","2","74","muscle_mismatch:Glutes->Back;image_target:Glutes;video_target:Glutes;duplicate_group"
"2670","back_forward_leg_swings","Back Forward Leg Swings","Glutes","Back","Hips","Body weight","Glutes","Glutes","2","74","muscle_mismatch:Glutes->Back;image_target:Glutes;video_target:Glutes;duplicate_group"
"2671","band_bent_over_hip_extension_band_bent_over_hip_extension_6ao","Band bent-over hip extension","Glutes","Custom","Hips","Band","Glutes","Glutes","2","74","image_target:Glutes;video_target:Glutes;duplicate_group"
"2672","band_bent_over_hip_extension","Band Bent-over Hip Extension","Glutes","Custom","Hips","Band","Glutes","Glutes","2","74","image_target:Glutes;video_target:Glutes;duplicate_group"
"2673","band_cross_abduction","Band Cross Abduction","Glutes","Custom","Hips","Band","","Glutes","1","54","missing_image;video_target:Glutes"
"2674","band_deadlift","Band deadlift","Glutes","Posterior","Hips","Band","Glutes","Glutes","2","74","muscle_mismatch:Glutes->Posterior;duplicate_group"
"2675","band_deadlift_band_deadlift_9m5","Band Deadlift","Glutes","Posterior","Hips","Band","","Glutes","2","54","missing_image;muscle_mismatch:Glutes->Posterior;duplicate_group"
"2676","band_deadlift_with_single_arm_row","Band Deadlift with Single Arm Row","Glutes","Posterior","Thighs","Band","Glutes","","1","44","missing_video;muscle_mismatch:Glutes->Posterior"
"2677","band_good_morning","Band Good Morning","Glutes","Posterior","Hips","Band","Glutes","Glutes","1","74","muscle_mismatch:Glutes->Posterior;reviewed_good_morning"
"2678","band_hip_abduction_band_hip_abduction_6yf","Band hip abduction","Glutes","Custom","Hips","Band","Glutes","Glutes","2","74","image_target:Glutes;video_target:Glutes;duplicate_group"
"2679","band_hip_abduction","Band Hip Abduction","Glutes","Custom","Hips","Band","Glutes","Glutes","2","74","image_target:Glutes;video_target:Glutes;duplicate_group"
"2680","band_hip_adduction_band_hip_adduction_6yg","Band hip adduction","Glutes","Custom","Hips","Band","Glutes","Glutes","2","74","image_target:Glutes;video_target:Glutes;duplicate_group"
"2681","band_hip_adduction","Band Hip Adduction","Glutes","Custom","Hips","Band","Glutes","Glutes","2","74","image_target:Glutes;video_target:Glutes;duplicate_group"
"2682","band_hip_extension","Band hip extension","Glutes","Custom","Hips","Band","Glutes","","1","44","missing_video;image_target:Glutes"
"2683","band_hip_flexion","Band Hip Flexion","Glutes","Custom","Hips","Band","Glutes","Glutes","1","74","image_target:Glutes;video_target:Glutes"
"2684","band_hip_lift","Band Hip Lift","Glutes","Custom","Hips","Band","Glutes","","1","44","missing_video;image_target:Glutes"
"2685","band_kickback","Band kickback","Glutes","Glutes","Triceps, Upper Arms","Band","UpperArms","","1","44","missing_video;image_target:UpperArms"
"2686","band_kneeling_rear_kick","Band kneeling rear kick","Glutes","Custom","Hips","Band","Glutes","Glutes","1","74","image_target:Glutes;video_target:Glutes"
"2687","band_lying_hip_external_rotation","Band Lying Hip External Rotation","Glutes","Custom","Hips","Body weight","Glutes","","2","44","missing_video;image_target:Glutes;duplicate_group"
"2688","band_lying_hip_external_rotation_band_lying_hip_external_rotation_6aq","Band Lying Hip External Rotation","Glutes","Custom","Hips","Band","Glutes","","2","44","missing_video;image_target:Glutes;duplicate_group"
"2689","band_lying_hip_internal_rotation_band_lying_hip_internal_rotation_8fi","Band Lying Hip Internal Rotation","Glutes","Custom","Hips","Band","Glutes","","2","44","missing_video;image_target:Glutes;duplicate_group"
"2690","band_lying_hip_internal_rotation","Band Lying Hip Internal Rotation","Glutes","Custom","Hips","Band","Glutes","","2","44","missing_video;image_target:Glutes;duplicate_group"
"2691","band_lying_leg_raise","Band lying leg raise","Glutes","Core","Hips","Band","Glutes","","1","44","missing_video;muscle_mismatch:Glutes->Core;image_target:Glutes"
"2692","band_lying_straight_leg_raise","Band Lying Straight Leg Raise","Glutes","Core","Hips","Band","Glutes","","1","44","missing_video;muscle_mismatch:Glutes->Core;image_target:Glutes"
"2693","band_one_arm_single_leg_split_squat","Band One Arm Single Leg Split Squat","Glutes","Quads","Hips","Band","Glutes","","1","44","missing_video;muscle_mismatch:Glutes->Quads;image_target:Glutes"
"2694","band_pull_through_band_pull_through_8fj","Band pull through","Glutes","Custom","Hips","Band","Glutes","Glutes","2","74","image_target:Glutes;video_target:Glutes;duplicate_group"
"2695","band_pull_through","Band pull through","Glutes","Custom","Hips","Band","Glutes","Glutes","2","74","image_target:Glutes;video_target:Glutes;duplicate_group"
"2696","band_seated_hip_external_rotation","Band Seated Hip External Rotation","Glutes","Custom","Hips","Band","Glutes","Glutes","1","74","image_target:Glutes;video_target:Glutes"
"2697","band_seated_hip_internal_rotation","Band Seated Hip Internal Rotation","Glutes","Custom","Hips","Band","Glutes","Glutes","1","74","image_target:Glutes;video_target:Glutes"
"2698","band_side_step_with_horizontal_pallof_hold","Band Side Step with Horizontal Pallof Hold","Glutes","Custom","Hips","Band","","","1","44","missing_video"
"2699","band_single_leg_split_squat","Band single leg split squat","Glutes","Quads","Hips","Band","Glutes","Glutes","1","74","muscle_mismatch:Glutes->Quads;image_target:Glutes;video_target:Glutes"
"2700","band_single_stiff_leg_deadlift","Band Single stiff leg deadlift","Glutes","Posterior","Hips","Band","Glutes","","1","44","missing_video;muscle_mismatch:Glutes->Posterior"
"2701","band_single_stiff_leg_deadlift_with_single_arm_row","Band Single Stiff Leg Deadlift with Single Arm Row","Glutes","Posterior","Thighs","Band","Glutes","","1","44","missing_video;muscle_mismatch:Glutes->Posterior"
"2702","band_squat","Band squat","Glutes","Quads","Hips","Band","Glutes","Glutes","1","74","muscle_mismatch:Glutes->Quads;image_target:Glutes;video_target:Glutes"
"2703","band_standing_hip_extension","Band standing hip extension","Glutes","Custom","Hips","Band","Glutes","Glutes","2","74","image_target:Glutes;video_target:Glutes;duplicate_group"
"2704","band_standing_hip_extension_band_standing_hip_extension_96t","Band Standing Hip Extension","Glutes","Custom","Hips","Band","Glutes","Glutes","2","74","image_target:Glutes;video_target:Glutes;duplicate_group"
"2705","band_standing_leg_raise","Band Standing Leg Raise","Glutes","Core","Hips","Band","Glutes","","1","44","missing_video;muscle_mismatch:Glutes->Core;image_target:Glutes"
"2706","band_standing_straight_leg_raise","Band standing straight leg raise","Glutes","Core","Hips","Band","Glutes","","1","44","missing_video;muscle_mismatch:Glutes->Core;image_target:Glutes"
"2707","band_step_up","Band step-up","Glutes","Custom","Hips","Band","Glutes","","1","44","missing_video;image_target:Glutes"
"2708","band_stiff_leg_deadlift","Band stiff leg deadlift","Glutes","Posterior","Hips","Band","Glutes","","1","44","missing_video;muscle_mismatch:Glutes->Posterior"
"2709","band_straight_back_stiff_leg_deadlift","Band straight back stiff leg deadlift","Glutes","Posterior","Hips","Band","Glutes","Glutes","1","74","muscle_mismatch:Glutes->Posterior"
"2710","bar_band_kneeling_single_leg_kick","Bar Band Kneeling Single Leg Kick","Glutes","Custom","Hips","Stick","Glutes","","1","44","missing_video;image_target:Glutes"
"2711","bar_band_single_leg_reverse_hyperextension","Bar Band Single Leg Reverse Hyperextension","Glutes","Custom","Hips","Stick","Glutes","","1","44","missing_video;image_target:Glutes"
"2712","bar_band_swing","Bar Band Swing","Glutes","Custom","Hips","Stick","Glutes","","1","44","missing_video;image_target:Glutes"
"2713","barbell_banded_romanian_deadlift","Barbell Banded Romanian Deadlift","Glutes","Posterior","Hips","Barbell","Glutes","","1","44","missing_video;muscle_mismatch:Glutes->Posterior"
"2714","barbell_banded_sumo_deadlift","Barbell Banded Sumo Deadlift","Glutes","Posterior","Hips","Barbell","Glutes","","1","44","missing_video;muscle_mismatch:Glutes->Posterior"
"2715","barbell_bench_squat_barbell_bench_squat_606","Barbell Bench Squat","Glutes","Quads","Hips","Barbell","Glutes","Glutes","1","74","muscle_mismatch:Glutes->Quads;image_target:Glutes;video_target:Glutes"
"2716","barbell_deadlift","Barbell Deadlift","Glutes","Posterior","Thighs","Barbell","Glutes","Glutes","2","74","muscle_mismatch:Glutes->Posterior;duplicate_group"
"2717","barbell_deadlift_barbell_deadlift_602","Barbell Deadlift","Glutes","Posterior","Hips","Barbell","Glutes","Glutes","2","74","muscle_mismatch:Glutes->Posterior;duplicate_group"
"2718","barbell_deadlift_against_chains","Barbell Deadlift against Chains","Glutes","Posterior","Hips","Barbell","Glutes","","1","44","missing_video;muscle_mismatch:Glutes->Posterior"
"2719","barbell_front_squat_barbell_front_squat_60m","Barbell Front Squat","Glutes","Quads","Hips","Barbell","Glutes","Glutes","1","74","muscle_mismatch:Glutes->Quads;image_target:Glutes;video_target:Glutes"
"2720","barbell_glute_bridge","Barbell Glute Bridge","Glutes","Glutes","Hips","Barbell","Glutes","Glutes","3","74","duplicate_group"
"2721","barbell_glute_bridge_barbell_glute_bridge_83w","Barbell Glute Bridge","Glutes","Glutes","Hips","Barbell","Glutes","Glutes","3","74","duplicate_group"
"2722","barbell_glute_bridge_barbell_glute_bridge_705","Barbell Glute Bridge","Glutes","Glutes","Hips","Barbell","Glutes","","3","44","missing_video;duplicate_group"
"2723","barbell_glute_bridge_two_legs_on_bench","Barbell Glute Bridge Two Legs on Bench","Glutes","Glutes","Hips","Barbell","Glutes","","1","44","missing_video"
"2724","barbell_good_morning_barbell_good_morning_7se","Barbell Good Morning","Glutes","Posterior","Hips","Barbell","Thighs","Thighs","1","74","muscle_mismatch:Glutes->Posterior;reviewed_good_morning"
"2725","barbell_hack_squat","Barbell Hack Squat","Glutes","Quads","Thighs","Barbell","Glutes","","2","44","missing_video;muscle_mismatch:Glutes->Quads;image_target:Glutes;duplicate_group"
"2726","barbell_hack_squat_barbell_hack_squat_60q","Barbell Hack Squat","Glutes","Quads","Hips","Barbell","Glutes","Glutes","2","74","muscle_mismatch:Glutes->Quads;image_target:Glutes;video_target:Glutes;duplicate_group"
"2727","barbell_hip_thrust","Barbell Hip Thrust","Glutes","Glutes","Hips","Barbell","Glutes","Glutes","1","74",""
"2728","barbell_hip_thrust_with_resistance_band","Barbell Hip Thrust with Resistance Band","Glutes","Glutes","Hips","Barbell","Glutes","","1","44","missing_video"
"2729","barbell_lateral_lunge_barbell_lateral_lunge_706","Barbell Lateral Lunge","Glutes","Quads","Hips","Barbell","Glutes","Glutes","1","74","muscle_mismatch:Glutes->Quads;image_target:Glutes;video_target:Glutes"
"2730","barbell_lying_lifting","Barbell Lying Lifting","Glutes","Custom","Hips","Barbell","Glutes","","1","44","missing_video;image_target:Glutes"
"2731","barbell_one_leg_hip_thrust","Barbell one leg hip thrust","Glutes","Glutes","Hips","Barbell","Glutes","Glutes","1","74",""
"2732","barbell_rack_pull","Barbell Rack Pull","Glutes","Custom","Hips","Barbell","Glutes","Glutes","1","74","image_target:Glutes;video_target:Glutes"
"2733","barbell_reeves_deadlift","Barbell Reeves Deadlift","Glutes","Posterior","Hips","Barbell","Glutes","","1","44","missing_video;muscle_mismatch:Glutes->Posterior"
"2734","barbell_resistance_band_hip_thrust","Barbell Resistance Band Hip Thrust","Glutes","Glutes","Hips","Barbell","Glutes","","1","44","missing_video"
"2735","barbell_rollout_barbell_rollout_61s","Barbell Rollout","Glutes","Custom","Hips","Barbell","Glutes","Glutes","1","74","image_target:Glutes;video_target:Glutes"
"2736","barbell_romanian_deadlift","Barbell Romanian Deadlift","Glutes","Posterior","Thighs","Barbell","Glutes","Glutes","2","74","muscle_mismatch:Glutes->Posterior;duplicate_group"
"2737","barbell_romanian_deadlift_barbell_romanian_deadlift_61t","Barbell Romanian Deadlift","Glutes","Posterior","Hips","Barbell","Glutes","Glutes","2","74","muscle_mismatch:Glutes->Posterior;duplicate_group"
"2738","barbell_romanian_deadlift_from_deficit","Barbell Romanian Deadlift From Deficit","Glutes","Posterior","Hips","Barbell","Thighs","","1","44","missing_video;muscle_mismatch:Glutes->Posterior"
"2739","barbell_seated_good_morning","Barbell Seated Good morning","Glutes","Posterior","Hips","Barbell","Glutes","","2","44","missing_video;muscle_mismatch:Glutes->Posterior;duplicate_group;reviewed_good_morning"
"2740","barbell_seated_good_morning_barbell_seated_good_morning_61y","Barbell Seated Good morning","Glutes","Posterior","Hips","Barbell","Glutes","Glutes","2","74","muscle_mismatch:Glutes->Posterior;duplicate_group;reviewed_good_morning"
"2741","barbell_single_leg_deadlift","Barbell Single Leg Deadlift","Glutes","Posterior","Hips","Barbell","Glutes","","2","44","missing_video;muscle_mismatch:Glutes->Posterior;duplicate_group"
"2742","barbell_single_leg_deadlift_barbell_single_leg_deadlift_7hs","Barbell Single Leg Deadlift","Glutes","Posterior","Hips","Barbell","Glutes","Glutes","2","74","muscle_mismatch:Glutes->Posterior;duplicate_group"
"2743","barbell_single_leg_split_squat_barbell_single_leg_split_squat_627","Barbell Single Leg Split Squat","Glutes","Quads","Hips","Barbell","Glutes","Glutes","1","74","muscle_mismatch:Glutes->Quads;image_target:Glutes;video_target:Glutes"
"2744","barbell_split_squat_barbell_split_squat_89k","Barbell Split Squat","Glutes","Quads","Hips","Barbell","Glutes","Glutes","2","74","muscle_mismatch:Glutes->Quads;image_target:Glutes;video_target:Glutes;duplicate_group"
"2745","barbell_split_squat","Barbell Split Squat","Glutes","Quads","Hips","Barbell","Glutes","","2","44","missing_video;muscle_mismatch:Glutes->Quads;image_target:Glutes;duplicate_group"
"2746","barbell_squat_hips","Barbell Squat - Hips","Glutes","Quads","Thighs","Barbell","Glutes","","1","44","missing_video;muscle_mismatch:Glutes->Quads;image_target:Glutes"
"2747","barbell_step_up","Barbell Step up","Glutes","Custom","Thighs","Barbell","Glutes","Glutes","2","74","image_target:Glutes;video_target:Glutes;duplicate_group"
"2748","barbell_step_up_barbell_step_up_62m","Barbell Step-up","Glutes","Custom","Quadriceps, Thighs","Barbell","Glutes","Glutes","2","74","image_target:Glutes;video_target:Glutes;duplicate_group"
"2749","barbell_stiff_leg_deadlift_on_bench","Barbell Stiff Leg Deadlift on Bench","Glutes","Posterior","Hips","Barbell","Glutes","","1","44","missing_video;muscle_mismatch:Glutes->Posterior"
"2750","barbell_stiff_legged_deadlift","Barbell Stiff Legged Deadlift","Glutes","Posterior","Hips","Barbell","Glutes","Glutes","1","74","muscle_mismatch:Glutes->Posterior"
"2751","barbell_straight_leg_deadlift","Barbell Straight Leg Deadlift","Glutes","Posterior","Hips","Barbell","Thighs","Thighs","1","74","muscle_mismatch:Glutes->Posterior"
"2752","barbell_sumo_deadlift","Barbell Sumo Deadlift","Glutes","Posterior","Quadriceps, Thighs","Barbell","Glutes","Glutes","2","74","muscle_mismatch:Glutes->Posterior;duplicate_group"
"2753","barbell_sumo_deadlift_barbell_sumo_deadlift_62p","Barbell Sumo Deadlift","Glutes","Posterior","Hips","Barbell","Glutes","Glutes","2","74","muscle_mismatch:Glutes->Posterior;duplicate_group"
"2754","barbell_sumo_deadlift_from_blocks","Barbell Sumo Deadlift from Blocks","Glutes","Posterior","Hips","Barbell","Glutes","","1","44","missing_video;muscle_mismatch:Glutes->Posterior"
"2755","barbell_sumo_romanian_deadlift","Barbell Sumo Romanian Deadlift","Glutes","Posterior","Hips","Barbell","Glutes","Glutes","1","74","muscle_mismatch:Glutes->Posterior"
"2756","barbell_weighted_deadlift","Barbell Weighted Deadlift","Glutes","Posterior","Hips","Barbell","Glutes","","1","44","missing_video;muscle_mismatch:Glutes->Posterior"
"2757","barbell_wide_stance_stiff_leg_deadlift","Barbell Wide Stance Stiff Leg Deadlift","Glutes","Posterior","Hips","Barbell","Glutes","","1","44","missing_video;muscle_mismatch:Glutes->Posterior"
"2758","barbell_zercher_squat","Barbell Zercher Squat","Glutes","Quads","Hips","Barbell","Glutes","","1","44","missing_video;muscle_mismatch:Glutes->Quads;image_target:Glutes"
"2759","bench_full_squat","Bench Full Squat","Glutes","Quads","Thighs","Body weight","Glutes","","1","44","missing_video;muscle_mismatch:Glutes->Quads;image_target:Glutes"
"2760","bench_hip_extension","Bench Hip Extension","Glutes","Custom","Hips","Body weight","Glutes","","1","44","missing_video;image_target:Glutes"
"2761","bench_squat","Bench Squat","Glutes","Quads","Hips","Barbell","Glutes","Glutes","1","74","muscle_mismatch:Glutes->Quads;image_target:Glutes;video_target:Glutes"
"2762","bent_knee_back_to_side_kick","Bent Knee Back to Side Kick","Glutes","Back","Hips","Body weight","","Glutes","2","54","missing_image;muscle_mismatch:Glutes->Back;video_target:Glutes;duplicate_group"
"2763","bent_knee_back_to_side_kick_bent_knee_back_to_side_kick_9nl","Bent Knee Back to Side Kick","Glutes","Back","Hips","Body weight","","Glutes","2","54","missing_image;muscle_mismatch:Glutes->Back;video_target:Glutes;duplicate_group"
"2764","bent_leg_circle_kick","Bent Leg Circle Kick","Glutes","Custom","Hips","Body weight","Glutes","","1","44","missing_video;image_target:Glutes"
"2765","bent_leg_kickback","Bent Leg Kickback","Glutes","Glutes","Hips","Body weight","Glutes","Glutes","2","74","duplicate_group"
"2766","bent_leg_kickback_bent_leg_kickback_8ft","Bent Leg Kickback","Glutes","Glutes","Hips","Body weight","Glutes","Glutes","2","74","duplicate_group"
"2767","bent_leg_side_kick","Bent Leg Side Kick","Glutes","Custom","Hips","Body weight","Glutes","Glutes","2","74","image_target:Glutes;video_target:Glutes;duplicate_group"
"2768","bent_leg_side_kick_bent_leg_side_kick_8fu","Bent Leg Side Kick","Glutes","Custom","Hips","Body weight","Glutes","Glutes","2","74","image_target:Glutes;video_target:Glutes;duplicate_group"
"2769","bent_side_knee_push_up","Bent Side Knee Push-up","Glutes","Chest","Hips","Body weight","Glutes","","1","44","missing_video;muscle_mismatch:Glutes->Chest;image_target:Glutes"
"2770","bird_dog","Bird Dog","Glutes","Custom","Hips","Body weight","","Core","1","74","video_target:Core"
"2771","bodyweight_frog_pump","Bodyweight Frog Pump","Glutes","Custom","Hips","Body weight","Glutes","","1","44","missing_video;image_target:Glutes"
"2772","bow_yoga_pose","Bow Yoga Pose","Glutes","Custom","Hips","Body weight","Thighs","","1","44","missing_video;image_target:Thighs"
"2773","bridge_hip_abduction","Bridge Hip Abduction","Glutes","Glutes","Hips","Body weight","Glutes","Glutes","1","74",""
"2774","bridge_pose_setu_bandhasana","Bridge Pose Setu Bandhasana","Glutes","Glutes","Yoga","Body weight","","","2","74","duplicate_group"
"2775","bridge_pose_setu_bandhasana_bridge_pose_setu_bandhasana_6zl","Bridge Pose Setu Bandhasana","Glutes","Glutes","Yoga","Body weight","","","2","74","duplicate_group"
"2776","bridge_pose_yoga_stretch","Bridge Pose Yoga Stretch","Glutes","Glutes","Upper Arms, Thighs","Body weight","","","1","44","missing_video"
"2777","butterfly_yoga_pose","Butterfly Yoga Pose","Glutes","Chest","Hips","Body weight","Thighs","Thighs","1","74","muscle_mismatch:Glutes->Chest;image_target:Thighs;video_target:Thighs"
"2778","cable_bent_over_neutral_grip_kickback_with_rope_attachment","Cable Bent-Over Neutral Grip Kickback with Rope Attachment","Glutes","Glutes","Upper Arms","Cable","UpperArms","","1","44","missing_video;image_target:UpperArms"
"2779","cable_bent_over_single_arm_kickback","Cable Bent-Over Single Arm Kickback","Glutes","Glutes","Upper Arms","Cable","UpperArms","","1","44","missing_video;image_target:UpperArms"
"2780","cable_bent_over_single_arm_neutral_grip_kickback_with_rope_attachment","Cable Bent-Over Single Arm Neutral Grip Kickback with Rope Attachment","Glutes","Glutes","Upper Arms","Cable","UpperArms","","1","44","missing_video;image_target:UpperArms"
"2781","cable_donkey_kickback","Cable Donkey Kickback","Glutes","Glutes","Hips","Cable","Glutes","Glutes","1","74",""
"2782","cable_hip_abduction_cable_hip_abduction_6xv","Cable hip abduction","Glutes","Custom","Hips","Cable","Glutes","Glutes","4","74","image_target:Glutes;video_target:Glutes;duplicate_group"
"2783","cable_hip_abduction","Cable hip abduction","Glutes","Custom","Hips","Cable","Glutes","Glutes","4","74","image_target:Glutes;video_target:Glutes;duplicate_group"
"2784","cable_hip_abduction_cable_hip_abduction_87c","Cable Hip Abduction","Glutes","Custom","Hips","Cable","Glutes","","4","44","missing_video;image_target:Glutes;duplicate_group"
"2785","cable_hip_abduction_cable_hip_abduction_87d","Cable Hip Abduction","Glutes","Custom","Hips","Cable","Glutes","","4","44","missing_video;image_target:Glutes;duplicate_group"
"2786","cable_hip_adduction","Cable Hip Adduction","Glutes","Custom","Hips","Cable","Glutes","Glutes","2","74","image_target:Glutes;video_target:Glutes;duplicate_group"
"2787","cable_hip_adduction_cable_hip_adduction_63e","Cable Hip Adduction","Glutes","Custom","Thighs","Cable","Thighs","Thighs","2","74","image_target:Thighs;video_target:Thighs;duplicate_group"
"2788","cable_kickback","Cable kickback","Glutes","Glutes","Triceps, Upper Arms","Cable","UpperArms","UpperArms","3","74","image_target:UpperArms;video_target:UpperArms;duplicate_group"
"2789","cable_kickback_cable_kickback_7ev","Cable kickback","Glutes","Glutes","Upper Arms","Cable","UpperArms","","3","44","missing_video;image_target:UpperArms;duplicate_group"
"2790","cable_kickback_cable_kickback_6x2","Cable kickback","Glutes","Glutes","Triceps, Upper Arms","Cable","UpperArms","UpperArms","3","74","image_target:UpperArms;video_target:UpperArms;duplicate_group"
"2791","cable_kneeling_pull_through","Cable Kneeling Pull Through","Glutes","Custom","Hips","Cable","Glutes","","1","44","missing_video;image_target:Glutes"
"2792","cable_narrow_chair_stand_up","Cable Narrow Chair Stand Up","Glutes","Back","Hips","Cable","Glutes","Glutes","1","74","muscle_mismatch:Glutes->Back;image_target:Glutes;video_target:Glutes"
"2793","cable_neutral_grip_kickback","Cable Neutral Grip Kickback","Glutes","Glutes","Triceps, Upper Arms","Cable","","UpperArms","1","54","missing_image;video_target:UpperArms"
"2794","cable_pull_through","Cable Pull Through","Glutes","Custom","Hips","Cable","Glutes","","1","44","missing_video;image_target:Glutes"
"2795","cable_stand_up","Cable Stand-up","Glutes","Custom","Hips","Cable","Glutes","","1","44","missing_video;image_target:Glutes"
"2796","cable_standing_hip_extension_cable_standing_hip_extension_6xw","Cable standing hip extension","Glutes","Custom","Hips","Cable","Glutes","Glutes","2","74","image_target:Glutes;video_target:Glutes;duplicate_group"
"2797","cable_standing_hip_extension","Cable Standing Hip Extension","Glutes","Custom","Hips","Cable","Glutes","","2","44","missing_video;image_target:Glutes;duplicate_group"
"2798","cable_standing_hip_thrust","Cable Standing Hip Thrust","Glutes","Glutes","Hips","Leverage machine","Glutes","","1","44","missing_video"
"2799","cable_stiff_leg_deadlift_from_stepbox","Cable Stiff Leg Deadlift from Stepbox","Glutes","Posterior","Hips","Cable","Glutes","Glutes","1","74","muscle_mismatch:Glutes->Posterior"
"2800","cable_straight_legs_pull_through","Cable Straight Legs Pull Through","Glutes","Custom","Hips","Cable","","","1","74",""
"2801","cobra_push_up","Cobra Push-up","Glutes","Chest","Chest, Hips","Body weight","Chest","Chest","1","74","muscle_mismatch:Glutes->Chest"
"2802","criss_cross_leg_raises","Criss Cross Leg Raises","Glutes","Core","Hips","Body weight","Glutes","Glutes","1","74","muscle_mismatch:Glutes->Core;image_target:Glutes;video_target:Glutes"
"2803","crossover_kneeling_hip_flexor_stretch","Crossover Kneeling Hip Flexor Stretch","Glutes","Custom","Hips","Body weight","Glutes","Glutes","2","74","image_target:Glutes;video_target:Glutes;duplicate_group"
"2804","crossover_kneeling_hip_flexor_stretch_crossover_kneeling_hip_flexor_stretch_6gt","Crossover Kneeling Hip Flexor Stretch","Glutes","Custom","Hips","Body weight","Glutes","Glutes","2","74","image_target:Glutes;video_target:Glutes;duplicate_group"
"2805","deadlift","Deadlift","Glutes","Posterior","Hips","Barbell","Glutes","Glutes","1","74","muscle_mismatch:Glutes->Posterior"
"2806","deadlift_hips","Deadlift - Hips","Glutes","Posterior","Thighs","Barbell","Glutes","","1","44","missing_video;muscle_mismatch:Glutes->Posterior"
"2807","deadlift_start_pose","Deadlift - Start pose","Glutes","Posterior","Hips","Body weight","","","1","24","missing_image;missing_video;muscle_mismatch:Glutes->Posterior"
"2808","dumbbell_bar_grip_sumo_squat","Dumbbell Bar Grip Sumo Squat","Glutes","Quads","Hips","Dumbbell","Glutes","Glutes","2","74","muscle_mismatch:Glutes->Quads;image_target:Glutes;video_target:Glutes;duplicate_group"
"2809","dumbbell_bar_grip_sumo_squat_dumbbell_bar_grip_sumo_squat_96p","Dumbbell Bar Grip Sumo Squat","Glutes","Quads","Quadriceps, Thighs","Dumbbell","Glutes","Glutes","2","74","muscle_mismatch:Glutes->Quads;image_target:Glutes;video_target:Glutes;duplicate_group"
"2810","dumbbell_bridge_bench_press","Dumbbell Bridge Bench Press","Glutes","Glutes","Chest","Dumbbell","","","1","24","missing_image;missing_video"
"2811","dumbbell_full_swing","Dumbbell Full Swing","Glutes","Custom","Hips","Dumbbell","Glutes","Glutes","1","74","image_target:Glutes;video_target:Glutes"
"2812","dumbbell_glute_bridge_dumbbell_glute_bridge_8qi","Dumbbell Glute Bridge","Glutes","Glutes","Hips","Dumbbell","Glutes","Glutes","2","74","duplicate_group"
"2813","dumbbell_glute_bridge","Dumbbell Glute Bridge","Glutes","Glutes","Hips","Dumbbell","Glutes","Glutes","2","74","duplicate_group"
"2814","dumbbell_kickback","Dumbbell Kickback","Glutes","Glutes","Triceps, Upper Arms","Dumbbell","UpperArms","UpperArms","2","74","image_target:UpperArms;video_target:UpperArms;duplicate_group"
"2815","dumbbell_kickback_dumbbell_kickback_6ip","Dumbbell Kickback","Glutes","Glutes","Triceps, Upper Arms","Dumbbell","UpperArms","UpperArms","2","74","image_target:UpperArms;video_target:UpperArms;duplicate_group"
"2816","dumbbell_kickbacks_on_exercise_ball","Dumbbell Kickbacks on Exercise Ball","Glutes","Glutes","Upper Arms","Dumbbell","UpperArms","","1","44","missing_video;image_target:UpperArms"
"2817","dumbbell_lunge_dumbbell_lunge_6is","Dumbbell Lunge","Glutes","Quads","Hips","Dumbbell","Glutes","Glutes","1","74","muscle_mismatch:Glutes->Quads;image_target:Glutes;video_target:Glutes"
"2818","dumbbell_one_arm_kickback","Dumbbell One Arm Kickback","Glutes","Glutes","Triceps, Upper Arms","Dumbbell","UpperArms","","2","44","missing_video;image_target:UpperArms;duplicate_group"
"2819","dumbbell_one_arm_kickback_dumbbell_one_arm_kickback_6j0","Dumbbell One Arm Kickback","Glutes","Glutes","Triceps, Upper Arms","Dumbbell","UpperArms","UpperArms","2","74","image_target:UpperArms;video_target:UpperArms;duplicate_group"
"2820","dumbbell_rdl_death_march","Dumbbell RDL Death March","Glutes","Custom","Hips","Dumbbell","Glutes","","1","44","missing_video;image_target:Glutes"
"2821","dumbbell_rdl_stretch_isometric","Dumbbell RDL Stretch Isometric","Glutes","Custom","Hips","Dumbbell","","","1","44","missing_video"
"2822","dumbbell_romanian_deadlift","Dumbbell Romanian Deadlift","Glutes","Posterior","Hips","Dumbbell","Glutes","Glutes","1","74","muscle_mismatch:Glutes->Posterior"
"2823","dumbbell_seated_bent_over_alternate_kickback","Dumbbell Seated Bent Over Alternate Kickback","Glutes","Glutes","Upper Arms","Dumbbell","UpperArms","","1","44","missing_video;image_target:UpperArms"
"2824","dumbbell_seated_kickback_dumbbell_seated_kickback_8q2","Dumbbell Seated Kickback","Glutes","Glutes","Triceps, Upper Arms","Dumbbell","UpperArms","UpperArms","2","74","image_target:UpperArms;video_target:UpperArms;duplicate_group"
"2825","dumbbell_seated_kickback","Dumbbell Seated Kickback","Glutes","Glutes","Triceps, Upper Arms","Dumbbell","UpperArms","UpperArms","2","74","image_target:UpperArms;video_target:UpperArms;duplicate_group"
"2826","dumbbell_seated_one_arm_kickback","Dumbbell Seated One Arm Kickback","Glutes","Glutes","Triceps, Upper Arms","Dumbbell","UpperArms","","1","44","missing_video;image_target:UpperArms"
"2827","dumbbell_side_lunge_dumbbell_side_lunge_768","Dumbbell side lunge","Glutes","Quads","Hips","Dumbbell","Glutes","Glutes","1","74","muscle_mismatch:Glutes->Quads;image_target:Glutes;video_target:Glutes"
"2828","dumbbell_single_leg_deadlift_dumbbell_single_leg_deadlift_7eq","Dumbbell Single Leg Deadlift","Glutes","Posterior","Hips","Dumbbell","Glutes","Glutes","2","74","muscle_mismatch:Glutes->Posterior;duplicate_group"
"2829","dumbbell_single_leg_deadlift","Dumbbell Single Leg Deadlift","Glutes","Posterior","Hips","Dumbbell","Glutes","Glutes","2","74","muscle_mismatch:Glutes->Posterior;duplicate_group"
"2830","dumbbell_single_leg_deadlift_with_stepbox_support","Dumbbell Single Leg Deadlift with Stepbox Support","Glutes","Posterior","Hips","Dumbbell","Glutes","","2","44","missing_video;muscle_mismatch:Glutes->Posterior;duplicate_group"
"2831","dumbbell_single_leg_deadlift_with_stepbox_support_dumbbell_single_leg_deadlift_with_stepbox_support_89h","Dumbbell Single Leg Deadlift with Stepbox Support","Glutes","Posterior","Hips","Dumbbell","Glutes","","2","44","missing_video;muscle_mismatch:Glutes->Posterior;duplicate_group"
"2832","dumbbell_single_leg_deadlift_with_wall_support","Dumbbell Single Leg Deadlift with Wall Support","Glutes","Posterior","Hips","Dumbbell","Glutes","","1","44","missing_video;muscle_mismatch:Glutes->Posterior"
"2833","dumbbell_single_leg_glute_bridge","Dumbbell Single Leg Glute Bridge","Glutes","Glutes","Hips","Dumbbell","Glutes","Glutes","1","74",""
"2834","dumbbell_single_leg_squat_dumbbell_single_leg_squat_6kv","Dumbbell Single Leg Squat","Glutes","Quads","Hips","Dumbbell","Glutes","Glutes","1","74","muscle_mismatch:Glutes->Quads;image_target:Glutes;video_target:Glutes"
"2835","dumbbell_single_stiff_leg_deadlift","Dumbbell Single Stiff Leg Deadlift","Glutes","Posterior","Hips","Dumbbell","Glutes","","1","44","missing_video;muscle_mismatch:Glutes->Posterior"
"2836","dumbbell_squat_dumbbell_squat_6kx","Dumbbell Squat","Glutes","Quads","Hips","Dumbbell","Glutes","","1","44","missing_video;muscle_mismatch:Glutes->Quads;image_target:Glutes"
"2837","dumbbell_standing_kickback","Dumbbell Standing Kickback","Glutes","Glutes","Triceps, Upper Arms","Dumbbell","UpperArms","UpperArms","2","74","image_target:UpperArms;video_target:UpperArms;duplicate_group"
"2838","dumbbell_standing_kickback_dumbbell_standing_kickback_6ke","Dumbbell Standing Kickback","Glutes","Glutes","Triceps, Upper Arms","Dumbbell","UpperArms","UpperArms","2","74","image_target:UpperArms;video_target:UpperArms;duplicate_group"
"2839","dumbbell_step_up_dumbbell_step_up_6lf","Dumbbell Step-up","Glutes","Custom","Hips","Dumbbell","Glutes","Glutes","1","74","image_target:Glutes;video_target:Glutes"
"2840","dumbbell_step_up_with_knee_raise","Dumbbell Step-up with Knee Raise","Glutes","Custom","Hips","Dumbbell","","Glutes","1","54","missing_image;video_target:Glutes"
"2841","dumbbell_stiff_leg_deadlift_dumbbell_stiff_leg_deadlift_8d7","Dumbbell Stiff Leg Deadlift","Glutes","Posterior","Hips","Dumbbell","Glutes","Glutes","2","74","muscle_mismatch:Glutes->Posterior;duplicate_group"
"2842","dumbbell_stiff_leg_deadlift_dumbbell_stiff_leg_deadlift_8ne","Dumbbell Stiff Leg Deadlift","Glutes","Posterior","Hips","Dumbbell","Glutes","Glutes","2","74","muscle_mismatch:Glutes->Posterior;duplicate_group"
"2843","dumbbell_stiff_leg_deadlift_on_bench","Dumbbell Stiff Leg Deadlift on Bench","Glutes","Posterior","Hips","Dumbbell","Glutes","","1","44","missing_video;muscle_mismatch:Glutes->Posterior"
"2844","dumbbell_straight_legs_deadlift","Dumbbell Straight Legs Deadlift","Glutes","Posterior","Hips","Dumbbell","","Glutes","1","54","missing_image;muscle_mismatch:Glutes->Posterior"
"2845","dumbbell_sumo_pull_through","Dumbbell Sumo Pull Through","Glutes","Custom","Hips","Dumbbell","Glutes","Glutes","2","74","image_target:Glutes;video_target:Glutes;duplicate_group"
"2846","dumbbell_sumo_pull_through_dumbbell_sumo_pull_through_89i","Dumbbell Sumo Pull Through","Glutes","Custom","Hips","Dumbbell","Glutes","","2","44","missing_video;image_target:Glutes;duplicate_group"
"2847","dumbbell_sumo_squat_off_benches","Dumbbell Sumo Squat off Benches","Glutes","Quads","Hips","Dumbbell","Glutes","","1","44","missing_video;muscle_mismatch:Glutes->Quads;image_target:Glutes"
"2848","dumbbell_superman","Dumbbell Superman","Glutes","Custom","Hips","Dumbbell","Glutes","","2","44","missing_video;image_target:Glutes;duplicate_group"
"2849","dumbbell_superman_dumbbell_superman_8r9","Dumbbell Superman","Glutes","Custom","Hips","Dumbbell","Glutes","","2","44","missing_video;image_target:Glutes;duplicate_group"
"2850","dumbbell_swing_dumbbell_swing_8qa","Dumbbell Swing","Glutes","Custom","Hamstrings, Thighs","Dumbbell","Glutes","","2","44","missing_video;image_target:Glutes;duplicate_group"
"2851","dumbbell_swing","Dumbbell Swing","Glutes","Custom","Hamstrings, Thighs","Dumbbell","Glutes","Glutes","2","74","image_target:Glutes;video_target:Glutes;duplicate_group"
"2852","exercise_ball_lying_abductor_stretch","Exercise Ball Lying Abductor Stretch","Glutes","Custom","Hips","Stability ball","Glutes","","1","44","missing_video;image_target:Glutes"
"2853","exercise_ball_one_leg_prone_lower_body_rotation","Exercise Ball One Leg Prone Lower Body Rotation","Glutes","Custom","Hips","Stability ball","Glutes","","1","44","missing_video;image_target:Glutes"
"2854","exercise_ball_one_legged_diagonal_kick_hamstring_curl","Exercise Ball One Legged Diagonal Kick Hamstring Curl","Glutes","Biceps","Hips","Stability ball","Glutes","","2","44","missing_video;muscle_mismatch:Glutes->Biceps;image_target:Glutes;duplicate_group"
"2855","exercise_ball_one_legged_diagonal_kick_hamstring_curl_exercise_ball_one_legged_diagonal_kick_hamstring_curl_702","Exercise Ball One Legged Diagonal Kick Hamstring Curl","Glutes","Biceps","Hips","Stability ball","Glutes","","2","74","muscle_mismatch:Glutes->Biceps;image_target:Glutes;duplicate_group"
"2856","flexion_and_extension_hip_stretch","Flexion And Extension Hip Stretch","Glutes","Custom","Hips","Body weight","Glutes","Glutes","2","74","image_target:Glutes;video_target:Glutes;duplicate_group"
"2857","flexion_and_extension_hip_stretch_flexion_and_extension_hip_stretch_7mn","Flexion And Extension Hip Stretch","Glutes","Custom","Hips","Body weight","Glutes","","2","44","missing_video;image_target:Glutes;duplicate_group"
"2858","floor_hyperextension_floor_hyperextension_7xb","Floor Hyperextension","Glutes","Custom","Hips","Body weight","Glutes","Glutes","2","74","image_target:Glutes;video_target:Glutes;duplicate_group"
"2859","floor_hyperextension","Floor Hyperextension","Glutes","Custom","Hips","Body weight","","","2","74","duplicate_group"
"2860","floor_t_raise","Floor T-Raise","Glutes","Custom","Hips","Body weight","","Glutes","1","74","video_target:Glutes"
"2861","flutter_kicks","Flutter Kicks","Glutes","Custom","Hips","Body weight","","Glutes","5","54","missing_image;video_target:Glutes;duplicate_group"
"2862","flutter_kicks_flutter_kicks_0o","Flutter Kicks","Glutes","Custom","Hips","Body weight","Glutes","","5","44","missing_video;image_target:Glutes;duplicate_group"
"2863","flutter_kicks_flutter_kicks_3g","Flutter Kicks","Glutes","Custom","Hips","Body weight","Glutes","Glutes","5","74","image_target:Glutes;video_target:Glutes;duplicate_group"
"2864","flutter_kicks_flutter_kicks_3x","Flutter Kicks","Glutes","Custom","Hips","Body weight","Glutes","Glutes","5","74","image_target:Glutes;video_target:Glutes;duplicate_group"
"2865","flutter_kicks_flutter_kicks_6m7","Flutter Kicks","Glutes","Custom","Hips","Body weight","Glutes","","5","44","missing_video;image_target:Glutes;duplicate_group"
"2866","frog_hip_thrust","Frog Hip Thrust","Glutes","Glutes","Hips","Body weight","Glutes","Glutes","1","74",""
"2867","frog_reverse_hyperextension_frog_reverse_hyperextension_8cj","Frog Reverse Hyperextension","Glutes","Custom","Hips","Body weight","Glutes","","2","44","missing_video;image_target:Glutes;duplicate_group"
"2868","frog_reverse_hyperextension","Frog Reverse Hyperextension","Glutes","Custom","Hips","Body weight","Glutes","","2","74","image_target:Glutes;duplicate_group"
"2869","front_back_leg_raises","Front Back Leg Raises","Glutes","Core","Hips","Body weight","Glutes","","1","44","missing_video;muscle_mismatch:Glutes->Core;image_target:Glutes"
"2870","front_squat","Front Squat","Glutes","Quads","Hips","Barbell","Glutes","Glutes","1","74","muscle_mismatch:Glutes->Quads;image_target:Glutes;video_target:Glutes"
"2871","full_lotus_yoga_pose","Full Lotus Yoga Pose","Glutes","Custom","Hips","Body weight","Glutes","","1","44","missing_video;image_target:Glutes"
"2872","glute_bridge_march","Glute Bridge March","Glutes","Glutes","Hips","Body weight","Glutes","Glutes","1","74",""
"2873","glute_bridge_one_leg_on_bench","Glute Bridge One Leg on Bench","Glutes","Glutes","Hips","Body weight","Glutes","Glutes","1","74",""
"2874","glute_bridge_one_leg_on_floor","Glute Bridge One Leg on Floor","Glutes","Glutes","Hips","Body weight","Glutes","","2","44","missing_video;duplicate_group"
"2875","glute_bridge_one_leg_on_floor_glute_bridge_one_leg_on_floor_7a1","Glute Bridge One Leg on Floor","Glutes","Glutes","Hips","Body weight","Glutes","","2","44","missing_video;duplicate_group"
"2876","glute_bridge_two_legs_on_bench","Glute Bridge Two Legs on Bench","Glutes","Glutes","Hips","Body weight","Glutes","Glutes","2","74","duplicate_group"
"2877","glute_bridge_two_legs_on_bench_glute_bridge_two_legs_on_bench_7a8","Glute Bridge Two Legs on Bench","Glutes","Glutes","Hips","Body weight","Glutes","Glutes","2","74","duplicate_group"
"2878","glute_bridge_two_legs_on_floor","Glute Bridge Two Legs on Floor","Glutes","Glutes","Hips","Body weight","Glutes","Glutes","2","74","duplicate_group"
"2879","glute_bridge_two_legs_on_floor_glute_bridge_two_legs_on_floor_7a7","Glute Bridge Two Legs on Floor","Glutes","Glutes","Hips","Body weight","Glutes","Glutes","2","74","duplicate_group"
"2880","glute_ham_raise","Glute Ham Raise","Glutes","Glutes","Hamstrings, Thighs","Body weight","Thighs","Thighs","2","74","duplicate_group"
"2881","glute_march","Glute March","Glutes","Glutes","Hips","Body weight","Glutes","Glutes","1","74",""
"2882","glute_ham_raise_glute_ham_raise_8k7","Glute-Ham Raise","Glutes","Glutes","Hamstrings, Thighs","Body weight","Thighs","","2","44","missing_video;duplicate_group"
"2883","gluteus_maximus","Gluteus maximus","Glutes","Glutes","Hips","Body weight","","","1","24","missing_image;missing_video"
"2884","gluteus_medius","Gluteus Medius","Glutes","Glutes","Hips","Body weight","","","1","24","missing_image;missing_video"
"2885","gluteus_minor","Gluteus minor","Glutes","Glutes","Hips","Body weight","","","1","24","missing_image;missing_video"
"2886","good_morning_squat","Good Morning Squat","Glutes","Posterior","Hips","Body weight","Glutes","Glutes","1","74","muscle_mismatch:Glutes->Posterior;reviewed_good_morning"
"2887","hanging_deadbug","Hanging Deadbug","Glutes","Custom","Hips","Body weight","Glutes","Glutes","1","74","image_target:Glutes;video_target:Glutes"
"2888","hanging_leg_raise","Hanging Leg Raise","Glutes","Core","Hips","Body weight","Glutes","","1","44","missing_video;muscle_mismatch:Glutes->Core;image_target:Glutes"
"2889","hanging_straight_leg_raise_hanging_straight_leg_raise_6mn","Hanging Straight Leg Raise","Glutes","Core","Hips","Body weight","Glutes","Glutes","1","74","muscle_mismatch:Glutes->Core;image_target:Glutes;video_target:Glutes"
"2890","heel_drops","Heel Drops","Glutes","Custom","Hips","Body weight","Glutes","","1","44","missing_video;image_target:Glutes"
"2891","high_knee_step_up","High Knee Step-up","Glutes","Custom","Hips","Body weight","Glutes","","1","44","missing_video;image_target:Glutes"
"2892","hip_abduction_articulations","Hip - Abduction - Articulations","Glutes","Custom","Hips","Body weight","Mobility","Glutes","1","74","image_target:Mobility;video_target:Glutes"
"2893","hip_adduction_articulations","Hip - Adduction - Articulations","Glutes","Custom","Hips","Body weight","Mobility","Glutes","1","74","image_target:Mobility;video_target:Glutes"
"2894","hip_extension_articulations","Hip - Extension - Articulations","Glutes","Custom","Hips","Body weight","Mobility","Glutes","1","74","image_target:Mobility;video_target:Glutes"
"2895","hip_flexion_articulations","Hip - Flexion - Articulations","Glutes","Custom","Hips","Body weight","Mobility","Glutes","1","74","image_target:Mobility;video_target:Glutes"
"2896","hip_lateral_rotation","Hip - Lateral Rotation","Glutes","Custom","Hips","Body weight","Mobility","Glutes","1","74","image_target:Mobility;video_target:Glutes"
"2897","hip_medial_rotation","Hip - Medial Rotation","Glutes","Custom","Hips","Body weight","Mobility","Glutes","1","74","image_target:Mobility;video_target:Glutes"
"2898","hip_abduction_with_flexion_in_front_stretch","Hip Abduction With Flexion In Front Stretch","Glutes","Custom","Hips","Body weight","Glutes","","1","44","missing_video;image_target:Glutes"
"2899","hip_adduction","Hip Adduction","Glutes","Custom","Thighs","Cable","Thighs","Thighs","1","74","image_target:Thighs;video_target:Thighs"
"2900","hip_and_knee_flexion_squatting_stretch","Hip And Knee Flexion Squatting Stretch","Glutes","Quads","Hips","Body weight","Glutes","","1","44","missing_video;muscle_mismatch:Glutes->Quads;image_target:Glutes"
"2901","hip_circles_stretch","Hip Circles Stretch","Glutes","Custom","Hips","Body weight","Glutes","Glutes","2","74","image_target:Glutes;video_target:Glutes;duplicate_group"
"2902","hip_circles_stretch_hip_circles_stretch_7k7","Hip Circles Stretch","Glutes","Custom","Hips","Body weight","Glutes","Glutes","2","74","image_target:Glutes;video_target:Glutes;duplicate_group"
"2903","hip_extension_stretch","Hip Extension Stretch","Glutes","Custom","Hips","Body weight","Glutes","Glutes","2","74","image_target:Glutes;video_target:Glutes;duplicate_group"
"2904","hip_extension_stretch_hip_extension_stretch_6mv","Hip Extension Stretch","Glutes","Custom","Hips","Body weight","Glutes","Glutes","2","74","image_target:Glutes;video_target:Glutes;duplicate_group"
"2905","hip_external_rotator_stretch","Hip External Rotator Stretch","Glutes","Custom","Thighs","Body weight","Glutes","","1","44","missing_video;image_target:Glutes"
"2906","hip_flexor_stretch_rear_foot_elevated","Hip Flexor Stretch Rear foot elevated","Glutes","Custom","Hips","Body weight","Glutes","Glutes","2","74","image_target:Glutes;video_target:Glutes;duplicate_group"
"2907","hip_flexor_stretch_rear_foot_elevated_hip_flexor_stretch_rear_foot_elevated_9md","Hip Flexor Stretch Rear foot elevated","Glutes","Custom","Hips","Body weight","Glutes","Glutes","2","74","image_target:Glutes;video_target:Glutes;duplicate_group"
"2908","hip_flexors","Hip flexors","Glutes","Custom","Hips","Body weight","","","1","24","missing_image;missing_video"
"2909","hip_swirls","Hip Swirls","Glutes","Custom","Hips","Body weight","","Glutes","1","54","missing_image;video_target:Glutes"
"2910","hip_thrust","Hip Thrust","Glutes","Glutes","Hips","Barbell","Glutes","Glutes","1","74",""
"2911","hip_thrusts_hip_thrusts_7rt","Hip Thrusts","Glutes","Glutes","Hips","Body weight","Glutes","Glutes","2","74","duplicate_group"
"2912","hip_thrusts","Hip Thrusts","Glutes","Glutes","Hips","Body weight","Glutes","Glutes","2","74","duplicate_group"
"2913","hug_keens_to_chest","Hug keens to chest","Glutes","Chest","Hips","Body weight","Chest","","1","44","missing_video;muscle_mismatch:Glutes->Chest"
"2914","hyperextension_hyperextension_7bu","Hyperextension","Glutes","Custom","Hips","Body weight","Glutes","","2","44","missing_video;image_target:Glutes;duplicate_group"
"2915","hyperextension_hyperextension_h9","Hyperextension","Glutes","Custom","Hips","Body weight","Glutes","Glutes","2","74","image_target:Glutes;video_target:Glutes;duplicate_group"
"2916","iliacus","Iliacus","Glutes","Custom","Hips","Body weight","","","1","24","missing_image;missing_video"
"2917","incline_reverse_hyperextension","Incline Reverse Hyperextension","Glutes","Custom","Hips","Body weight","Glutes","","1","44","missing_video;image_target:Glutes"
"2918","internal_shutter","Internal shutter","Glutes","Custom","Hips","Body weight","","","1","24","missing_image;missing_video"
"2919","iron_cross_stretch","Iron Cross Stretch","Glutes","Custom","Hips","Body weight","Glutes","Glutes","2","74","image_target:Glutes;video_target:Glutes;duplicate_group"
"2920","iron_cross_stretch_iron_cross_stretch_704","Iron Cross Stretch","Glutes","Custom","Hips","Body weight","Glutes","Glutes","2","74","image_target:Glutes;video_target:Glutes;duplicate_group"
"2921","kettlebell_banded_swing","Kettlebell Banded Swing","Glutes","Custom","Hips","Kettlebell","Glutes","","1","44","missing_video;image_target:Glutes"
"2922","kettlebell_deadlift_kettlebell_deadlift_8nm","Kettlebell deadlift","Glutes","Posterior","Quadriceps, Thighs","Kettlebell","Glutes","Glutes","2","74","muscle_mismatch:Glutes->Posterior;duplicate_group"
"2923","kettlebell_deadlift","Kettlebell Deadlift","Glutes","Posterior","Quadriceps, Thighs","Kettlebell","Glutes","Glutes","2","74","muscle_mismatch:Glutes->Posterior;duplicate_group"
"2924","kettlebell_dumbbell_sumo_squat_off_stepbox","Kettlebell Dumbbell Sumo Squat off Stepbox","Glutes","Quads","Hips","Kettlebell","Glutes","","1","44","missing_video;muscle_mismatch:Glutes->Quads;image_target:Glutes"
"2925","kettlebell_full_swing","Kettlebell Full Swing","Glutes","Custom","Hips, Shoulders","Kettlebell","Glutes","","1","44","missing_video;image_target:Glutes"
"2926","kettlebell_kickstand_one_leg_deadlift","Kettlebell Kickstand One Leg Deadlift","Glutes","Posterior","Quadriceps, Thighs","Kettlebell","Glutes","","1","44","missing_video;muscle_mismatch:Glutes->Posterior"
"2927","kettlebell_one_legged_deadlift","Kettlebell One Legged Deadlift","Glutes","Posterior","Hips","Kettlebell","Glutes","Glutes","1","74","muscle_mismatch:Glutes->Posterior"
"2928","kettlebell_overhand_grip_swing","Kettlebell Overhand Grip Swing","Glutes","Custom","Hips","Kettlebell","Glutes","Glutes","1","74","image_target:Glutes;video_target:Glutes"
"2929","kettlebell_pirate_ships","Kettlebell Pirate Ships","Glutes","Custom","Shoulders","Kettlebell","Shoulders","","1","44","missing_video;image_target:Shoulders"
"2930","kettlebell_resistance_band_full_squat_from_deficit","Kettlebell Resistance Band Full Squat from Deficit","Glutes","Quads","Hips","Kettlebell, Resistance Band","Glutes","","1","44","missing_video;muscle_mismatch:Glutes->Quads;image_target:Glutes"
"2931","kettlebell_single_arm_swing","Kettlebell Single Arm Swing","Glutes","Custom","Hips","Kettlebell","","","1","44","missing_video"
"2932","kettlebell_single_leg_deadlift","Kettlebell Single Leg Deadlift","Glutes","Posterior","Hips","Kettlebell","Glutes","","1","44","missing_video;muscle_mismatch:Glutes->Posterior"
"2933","kettlebell_single_leg_glute_bridge_pullover","Kettlebell Single Leg Glute Bridge Pullover","Glutes","Glutes","Back, Hips","Kettlebell","Back","","1","44","missing_video"
"2934","kettlebell_split_snatch","Kettlebell Split Snatch","Glutes","Custom","Hips","Kettlebell","Glutes","","1","44","missing_video;image_target:Glutes"
"2935","kettlebell_straight_leg_deadlift","Kettlebell Straight leg Deadlift","Glutes","Posterior","Hips","Kettlebell","Glutes","Glutes","1","74","muscle_mismatch:Glutes->Posterior"
"2936","kettlebell_suitcase_deadlift","Kettlebell Suitcase Deadlift","Glutes","Posterior","Hips","Kettlebell","Glutes","Glutes","1","74","muscle_mismatch:Glutes->Posterior"
"2937","kettlebell_sumo_deadlift","Kettlebell Sumo Deadlift","Glutes","Posterior","Hips","Kettlebell","Glutes","","1","44","missing_video;muscle_mismatch:Glutes->Posterior"
"2938","kettlebell_sumo_deadlift_with_high_pull","Kettlebell Sumo Deadlift with High Pull","Glutes","Posterior","Hips","Kettlebell","Glutes","Glutes","1","74","muscle_mismatch:Glutes->Posterior"
"2939","kettlebell_sumo_squat","Kettlebell Sumo Squat","Glutes","Quads","Hips","Kettlebell","Glutes","","1","44","missing_video;muscle_mismatch:Glutes->Quads;image_target:Glutes"
"2940","kettlebells_sumo_deadlift","Kettlebells Sumo Deadlift","Glutes","Posterior","Hips","Kettlebell","Glutes","","1","44","missing_video;muscle_mismatch:Glutes->Posterior"
"2941","kickback_kickback_2m","kickback","Glutes","Glutes","Triceps, Upper Arms","Cable","UpperArms","UpperArms","2","74","image_target:UpperArms;video_target:UpperArms;duplicate_group"
"2942","kickback","Kickback","Glutes","Glutes","Triceps, Upper Arms","Dumbbell","UpperArms","UpperArms","2","74","image_target:UpperArms;video_target:UpperArms;duplicate_group"
"2943","kicks_leg_bent_kicks_leg_bent_6ow","Kicks Leg Bent","Glutes","Custom","Hips","Body weight","Glutes","Glutes","2","74","image_target:Glutes;video_target:Glutes;duplicate_group"
"2944","kicks_leg_bent","Kicks Leg Bent","Glutes","Custom","Hips","Body weight","Glutes","Glutes","2","74","image_target:Glutes;video_target:Glutes;duplicate_group"
"2945","kneeling_cobra_push_up","Kneeling Cobra Push-up","Glutes","Chest","Chest, Hips","Body weight","Chest","Chest","1","74","muscle_mismatch:Glutes->Chest"
"2946","kneeling_face_down_adductor_stretch","Kneeling Face Down Adductor Stretch","Glutes","Custom","Hips","Body weight","Glutes","","1","44","missing_video;image_target:Glutes"
"2947","kneeling_hip_flexor_stretch","Kneeling Hip Flexor Stretch","Glutes","Custom","Hips","Body weight","Glutes","Glutes","1","74","image_target:Glutes;video_target:Glutes"
"2948","kneeling_hip_thrust","Kneeling Hip Thrust","Glutes","Glutes","Hips","Body weight","Glutes","Glutes","1","74",""
"2949","kneeling_jump_squat","Kneeling Jump Squat","Glutes","Quads","Hips","Barbell","Glutes","","1","44","missing_video;muscle_mismatch:Glutes->Quads;image_target:Glutes"
"2950","kneeling_leg_half_circle","Kneeling Leg Half Circle","Glutes","Custom","Hips","Body weight","","Glutes","1","54","missing_image;video_target:Glutes"
"2951","kneeling_leg_out_adductor_stretch","Kneeling Leg Out Adductor Stretch","Glutes","Custom","Hips","Body weight","Glutes","","1","44","missing_video;image_target:Glutes"
"2952","kneeling_pulse","Kneeling Pulse","Glutes","Custom","Hips","Body weight","","Glutes","1","54","missing_image;video_target:Glutes"
"2953","kneeling_side_leg_to_kick","Kneeling Side Leg to Kick","Glutes","Custom","Hips","Body weight","","Glutes","1","54","missing_image;video_target:Glutes"
"2954","landmine_romanian_deadlift","Landmine Romanian Deadlift","Glutes","Posterior","Hips","Barbell","Glutes","","2","44","missing_video;muscle_mismatch:Glutes->Posterior;duplicate_group"
"2955","landmine_romanian_deadlift_landmine_romanian_deadlift_98a","Landmine Romanian Deadlift","Glutes","Posterior","Hips","Barbell","Glutes","Glutes","2","74","muscle_mismatch:Glutes->Posterior;duplicate_group"
"2956","landmine_single_leg_landmine_rdl","Landmine Single Leg Landmine RDL","Glutes","Custom","Hips","Leverage machine","Glutes","Glutes","1","74","image_target:Glutes;video_target:Glutes"
"2957","landmine_sumo_squat","Landmine Sumo Squat","Glutes","Quads","Hips","Barbell","Glutes","Glutes","1","74","muscle_mismatch:Glutes->Quads;image_target:Glutes;video_target:Glutes"
"2958","lateral_step_up","Lateral Step-up","Glutes","Custom","Hips","Body weight","Glutes","Thighs","1","74","image_target:Glutes;video_target:Thighs"
"2959","leaning_abductor_stretch","Leaning Abductor Stretch","Glutes","Custom","Hips","Body weight","Glutes","","1","44","missing_video;image_target:Glutes"
"2960","leg_over_knee_glute_bridge","Leg Over Knee Glute Bridge","Glutes","Glutes","Hips","Body weight","Glutes","Glutes","2","74","duplicate_group"
"2961","leg_over_knee_glute_bridge_leg_over_knee_glute_bridge_9nj","Leg Over Knee Glute Bridge","Glutes","Glutes","Hips","Body weight","","Glutes","2","54","missing_image;duplicate_group"
"2962","leg_pull_side","Leg Pull Side","Glutes","Custom","Hips","Body weight","","","1","74",""
"2963","lever_abduction_squat","Lever Abduction Squat","Glutes","Quads","Hips","Leverage machine","Glutes","","1","44","missing_video;muscle_mismatch:Glutes->Quads;image_target:Glutes"
"2964","lever_adduction_thrust","Lever Adduction Thrust","Glutes","Custom","Hips","Leverage machine","Glutes","","1","44","missing_video;image_target:Glutes"
"2965","lever_assisted_leg_press","Lever Assisted Leg Press","Glutes","Quads","Hips","Leverage machine","Glutes","","1","44","missing_video;muscle_mismatch:Glutes->Quads;image_target:Glutes"
"2966","lever_back_extension","Lever Back Extension","Glutes","Posterior","Back, Hips","Leverage machine","Back","Back","1","74","muscle_mismatch:Glutes->Posterior"
"2967","lever_deadlift_lever_deadlift_8hm","Lever Deadlift","Glutes","Posterior","Thighs","Leverage machine","Glutes","","1","44","missing_video;muscle_mismatch:Glutes->Posterior"
"2968","lever_hip_extension","Lever Hip Extension","Glutes","Custom","Hips","Leverage machine","Glutes","","1","44","missing_video;image_target:Glutes"
"2969","lever_hip_thrust","Lever Hip Thrust","Glutes","Glutes","Hips","Leverage machine","Glutes","","4","44","missing_video;duplicate_group"
"2970","lever_hip_thrust_lever_hip_thrust_87q","Lever Hip Thrust","Glutes","Glutes","Hips","Leverage machine","Glutes","","4","44","missing_video;duplicate_group"
"2971","lever_hip_thrust_lever_hip_thrust_8tw","Lever Hip Thrust","Glutes","Glutes","Hips","Leverage machine","Glutes","Glutes","4","74","duplicate_group"
"2972","lever_hip_thrust_lever_hip_thrust_7ru","Lever Hip Thrust","Glutes","Glutes","Hips","Leverage machine","Glutes","Glutes","4","74","duplicate_group"
"2973","lever_hip_thrust_with_resistance_band","Lever Hip Thrust With Resistance Band","Glutes","Glutes","Hips","Leverage machine, Resistance Band","Glutes","","1","44","missing_video"
"2974","lever_horizontal_one_leg_press","Lever Horizontal One leg Press","Glutes","Quads","Hips","Leverage machine","Glutes","Glutes","2","74","muscle_mismatch:Glutes->Quads;image_target:Glutes;video_target:Glutes;duplicate_group"
"2975","lever_horizontal_one_leg_press_lever_horizontal_one_leg_press_7dc","Lever Horizontal One leg Press","Glutes","Quads","Quadriceps, Thighs","Leverage machine","Glutes","Glutes","2","74","muscle_mismatch:Glutes->Quads;image_target:Glutes;video_target:Glutes;duplicate_group"
"2976","lever_kneeling_reverse_hyperextension","Lever Kneeling Reverse Hyperextension","Glutes","Custom","Hips","Leverage machine","Glutes","","1","44","missing_video;image_target:Glutes"
"2977","lever_reverse_hyperextension","Lever Reverse Hyperextension","Glutes","Custom","Hips","Leverage machine","Glutes","Glutes","2","74","image_target:Glutes;video_target:Glutes;duplicate_group"
"2978","lever_reverse_hyperextension_lever_reverse_hyperextension_8jr","Lever Reverse Hyperextension","Glutes","Custom","Hips","Leverage machine","Glutes","Glutes","2","74","image_target:Glutes;video_target:Glutes;duplicate_group"
"2979","lever_seated_good_morning","Lever Seated Good Morning","Glutes","Posterior","Hips","Leverage machine","Glutes","","1","44","missing_video;muscle_mismatch:Glutes->Posterior;reviewed_good_morning"
"2980","lever_seated_hip_abduction","Lever Seated Hip Abduction","Glutes","Custom","Hips","Leverage machine","Glutes","","5","44","missing_video;image_target:Glutes;duplicate_group"
"2981","lever_seated_hip_abduction_lever_seated_hip_abduction_8vm","Lever Seated Hip Abduction","Glutes","Custom","Hips","Leverage machine","Glutes","Glutes","5","74","image_target:Glutes;video_target:Glutes;duplicate_group"
"2982","lever_seated_hip_abduction_lever_seated_hip_abduction_19","Lever Seated Hip Abduction","Glutes","Custom","Hips","Leverage machine","Glutes","Glutes","5","74","image_target:Glutes;video_target:Glutes;duplicate_group"
"2983","lever_seated_hip_abduction_lever_seated_hip_abduction_6pb","Lever Seated Hip Abduction","Glutes","Custom","Hips","Leverage machine","Glutes","Glutes","5","74","image_target:Glutes;video_target:Glutes;duplicate_group"
"2984","lever_seated_hip_abduction_lever_seated_hip_abduction_hf","Lever Seated Hip Abduction","Glutes","Custom","Hips","Leverage machine","Glutes","","5","44","missing_video;image_target:Glutes;duplicate_group"
"2985","lever_seated_hip_adduction_lever_seated_hip_adduction_7cf","Lever Seated Hip Adduction","Glutes","Custom","Hips","Leverage machine","Glutes","","5","44","missing_video;image_target:Glutes;duplicate_group"
"2986","lever_seated_hip_adduction_lever_seated_hip_adduction_8vn","Lever Seated Hip Adduction","Glutes","Custom","Hips","Leverage machine","Thighs","Thighs","5","74","image_target:Thighs;video_target:Thighs;duplicate_group"
"2987","lever_seated_hip_adduction","Lever Seated Hip Adduction","Glutes","Custom","Thighs","Leverage machine","Thighs","Thighs","5","74","image_target:Thighs;video_target:Thighs;duplicate_group"
"2988","lever_seated_hip_adduction_lever_seated_hip_adduction_6pc","Lever Seated Hip Adduction","Glutes","Custom","Thighs","Leverage machine","Thighs","Thighs","5","74","image_target:Thighs;video_target:Thighs;duplicate_group"
"2989","lever_seated_hip_adduction_lever_seated_hip_adduction_h3","Lever Seated Hip Adduction","Glutes","Custom","Hips","Leverage machine","Glutes","","5","44","missing_video;image_target:Glutes;duplicate_group"
"2990","lever_side_hip_abduction","Lever Side Hip Abduction","Glutes","Custom","Hips","Leverage machine","Glutes","Glutes","2","74","image_target:Glutes;video_target:Glutes;duplicate_group"
"2991","lever_side_hip_abduction_lever_side_hip_abduction_2w","Lever Side Hip Abduction","Glutes","Custom","Hips","Leverage machine","Glutes","","2","44","missing_video;image_target:Glutes;duplicate_group"
"2992","lever_side_hip_adduction","Lever Side Hip Adduction","Glutes","Custom","Hips","Leverage machine","Glutes","","1","44","missing_video;image_target:Glutes"
"2993","lever_single_leg_hip_thrust","Lever Single Leg Hip Thrust","Glutes","Glutes","Hips","Leverage machine","Glutes","","1","44","missing_video"
"2994","lever_standing_hip_extension_lever_standing_hip_extension_8wo","Lever Standing Hip Extension","Glutes","Custom","Hips","Leverage machine","Glutes","Glutes","2","74","image_target:Glutes;video_target:Glutes;duplicate_group"
"2995","lever_standing_hip_extension","Lever Standing Hip Extension","Glutes","Custom","Hips","Leverage machine","Glutes","Glutes","2","74","image_target:Glutes;video_target:Glutes;duplicate_group"
"2996","lever_standing_leg_raise","Lever Standing Leg Raise","Glutes","Core","Hips","Leverage machine","Glutes","","1","44","missing_video;muscle_mismatch:Glutes->Core;image_target:Glutes"
"2997","lever_standing_rear_kick_lever_standing_rear_kick_8vo","Lever Standing Rear Kick","Glutes","Custom","Hips","Leverage machine","Glutes","Glutes","2","74","image_target:Glutes;video_target:Glutes;duplicate_group"
"2998","lever_standing_rear_kick","Lever Standing Rear Kick","Glutes","Custom","Hips","Leverage machine","Glutes","Glutes","2","74","image_target:Glutes;video_target:Glutes;duplicate_group"
"2999","london_bridge","London Bridge","Glutes","Glutes","Back","Rope","Back","","1","44","missing_video"
"3000","low_glute_bridge_on_floor","Low Glute Bridge on floor","Glutes","Glutes","Hips","Body weight","Glutes","","2","44","missing_video;duplicate_group"
"3001","low_glute_bridge_on_floor_low_glute_bridge_on_floor_8f8","Low Glute Bridge on floor","Glutes","Glutes","Hips","Body weight","Glutes","","2","44","missing_video;duplicate_group"
"3002","lunge","Lunge","Glutes","Quads","Hips","Body weight","Glutes","Glutes","2","74","muscle_mismatch:Glutes->Quads;image_target:Glutes;video_target:Glutes;duplicate_group"
"3003","lunge_lunge_97","Lunge","Glutes","Quads","Hips","Dumbbell","Glutes","Glutes","2","74","muscle_mismatch:Glutes->Quads;image_target:Glutes;video_target:Glutes;duplicate_group"
"3004","lying_abductor_stretch","Lying Abductor Stretch","Glutes","Custom","Hips","Body weight","Glutes","Glutes","1","74","image_target:Glutes;video_target:Glutes"
"3005","lying_alternate_hip_extension","Lying Alternate Hip Extension","Glutes","Custom","Hips","Body weight","Glutes","Glutes","1","74","image_target:Glutes;video_target:Glutes"
"3006","lying_back_extension","Lying Back Extension","Glutes","Posterior","Hips","Body weight","Back","","1","44","missing_video;muscle_mismatch:Glutes->Posterior"
"3007","lying_back_extension_with_press","Lying Back Extension with Press","Glutes","Posterior","Hips","Body weight","Back","","1","44","missing_video;muscle_mismatch:Glutes->Posterior"
"3008","lying_cross_over_knee_pull_down_stretch","Lying Cross Over Knee Pull Down Stretch","Glutes","Custom","Hips","Body weight","Glutes","Glutes","1","74","image_target:Glutes;video_target:Glutes"
"3009","lying_cross_over_knee_pull_up_stretch","Lying Cross Over Knee Pull Up Stretch","Glutes","Back","Hips","Body weight","Glutes","","1","44","missing_video;muscle_mismatch:Glutes->Back;image_target:Glutes"
"3010","lying_crossover_stretch","Lying Crossover Stretch","Glutes","Custom","Hips","Body weight","Glutes","Glutes","1","74","image_target:Glutes;video_target:Glutes"
"3011","lying_floor_hyperextension","Lying Floor Hyperextension","Glutes","Custom","Hips","Body weight","","Glutes","1","54","missing_image;video_target:Glutes"
"3012","lying_floor_hyperextension_with_towel","Lying Floor Hyperextension with Towel","Glutes","Custom","Hips","Body weight","","Glutes","1","54","missing_image;video_target:Glutes"
"3013","lying_full_leg_raise","Lying Full Leg raise","Glutes","Core","Hips","Body weight","Glutes","Glutes","1","74","muscle_mismatch:Glutes->Core;image_target:Glutes;video_target:Glutes"
"3014","lying_glute_squeeze","Lying Glute Squeeze","Glutes","Glutes","Hips","Body weight","","","1","44","missing_video"
"3015","lying_glute_stretch","Lying Glute Stretch","Glutes","Glutes","Hips","Body weight","Glutes","Glutes","1","74",""
"3016","lying_hip_flexor_stretch","Lying Hip Flexor Stretch","Glutes","Custom","Hips","Body weight","Glutes","","1","44","missing_video;image_target:Glutes"
"3017","lying_hip_leg_raise","Lying Hip Leg Raise","Glutes","Core","Hips","Body weight","Glutes","","1","44","missing_video;muscle_mismatch:Glutes->Core;image_target:Glutes"
"3018","lying_hip_lift","Lying Hip Lift","Glutes","Custom","Hips","Stability ball","Glutes","","2","44","missing_video;image_target:Glutes;duplicate_group"
"3019","lying_hip_lift_lying_hip_lift_6qm","Lying Hip Lift","Glutes","Custom","Hips","Stability ball","Glutes","Glutes","2","74","image_target:Glutes;video_target:Glutes;duplicate_group"
"3020","lying_hip_straight_leg_raise","Lying Hip Straight Leg Raise","Glutes","Core","Hips","Body weight","Glutes","Glutes","1","74","muscle_mismatch:Glutes->Core;image_target:Glutes;video_target:Glutes"
"3021","lying_knee_to_chest_stretch","Lying Knee To Chest Stretch","Glutes","Chest","Hips","Body weight","Glutes","Glutes","1","74","muscle_mismatch:Glutes->Chest;image_target:Glutes;video_target:Glutes"
"3022","lying_leaning_against_the_wall_stretch","Lying Leaning Against The Wall Stretch","Glutes","Custom","Hips","Body weight","Glutes","","1","44","missing_video;image_target:Glutes"
"3023","lying_leg_hang_abductor_stretch","Lying Leg Hang Abductor Stretch","Glutes","Custom","Hips","Body weight","Glutes","","1","44","missing_video;image_target:Glutes"
"3024","lying_leg_lift_side","Lying Leg Lift Side","Glutes","Custom","Hips","Body weight","","","1","44","missing_video"
"3025","lying_leg_raise","Lying Leg raise","Glutes","Core","Hips","Body weight","Glutes","Glutes","2","74","muscle_mismatch:Glutes->Core;image_target:Glutes;video_target:Glutes;duplicate_group"
"3026","lying_leg_raise_lying_leg_raise_9gd","Lying Leg Raise","Glutes","Core","Hips","Body weight","","Glutes","2","54","missing_image;muscle_mismatch:Glutes->Core;video_target:Glutes;duplicate_group"
"3027","lying_leg_raise_and_hold","Lying Leg Raise and Hold","Glutes","Core","Hips","Body weight","Glutes","Glutes","1","74","muscle_mismatch:Glutes->Core;image_target:Glutes;video_target:Glutes"
"3028","lying_leg_tuck_hip_stretch_lying_leg_tuck_hip_stretch_7mi","Lying Leg Tuck Hip Stretch","Glutes","Custom","Thighs","Body weight","Glutes","","1","44","missing_video;image_target:Glutes"
"3029","lying_lifting","Lying Lifting","Glutes","Custom","Hips","Barbell","Glutes","","1","44","missing_video;image_target:Glutes"
"3030","lying_lower_back_stretch","Lying Lower Back Stretch","Glutes","Back","Back, Hips","Body weight","Back","Back","2","74","muscle_mismatch:Glutes->Back;duplicate_group"
"3031","lying_lower_back_stretch_lying_lower_back_stretch_8lf","Lying Lower Back Stretch","Glutes","Back","Back, Hips","Body weight","Back","Back","2","74","muscle_mismatch:Glutes->Back;duplicate_group"
"3032","lying_scissor_kick","Lying Scissor Kick","Glutes","Custom","Hips","Body weight","Glutes","Glutes","1","74","image_target:Glutes;video_target:Glutes"
"3033","lying_side_to_side_knee","Lying Side to Side Knee","Glutes","Custom","Hips","Body weight","","Glutes","1","54","missing_image;video_target:Glutes"
"3034","lying_simultaneous_alternating_leg_raise","Lying Simultaneous Alternating Leg Raise","Glutes","Core","Hips","Body weight","Glutes","","1","44","missing_video;muscle_mismatch:Glutes->Core;image_target:Glutes"
"3035","lying_simultaneous_alternating_straight_leg_raise","Lying Simultaneous Alternating Straight Leg Raise","Glutes","Core","Hips","Body weight","Glutes","","1","44","missing_video;muscle_mismatch:Glutes->Core;image_target:Glutes"
"3036","lying_single_leg_raise","Lying Single Leg Raise","Glutes","Core","Thighs","Body weight","Glutes","Glutes","1","74","muscle_mismatch:Glutes->Core;image_target:Glutes;video_target:Glutes"
"3037","lying_straight_leg_raise","Lying Straight Leg Raise","Glutes","Core","Hips","Body weight","Glutes","","1","44","missing_video;muscle_mismatch:Glutes->Core;image_target:Glutes"
"3038","lying_t_spine_mobility_stretching","Lying T-Spine Mobility Stretching","Glutes","Custom","Hips","Body weight","","","1","44","missing_video"
"3039","medicine_ball_backward_throw","Medicine Ball Backward Throw","Glutes","Back","Hips","Medicine Ball","Glutes","","1","44","missing_video;muscle_mismatch:Glutes->Back;image_target:Glutes"
"3040","medicine_ball_single_leg_deadlift","Medicine Ball Single Leg Deadlift","Glutes","Posterior","Hips","Medicine Ball","Glutes","","1","44","missing_video;muscle_mismatch:Glutes->Posterior"
"3041","monster_walk","Monster Walk","Glutes","Custom","Hips","Body weight","Glutes","","1","44","missing_video;image_target:Glutes"
"3042","one_arm_kickback","One Arm Kickback","Glutes","Glutes","Triceps, Upper Arms","Dumbbell","UpperArms","UpperArms","1","74","image_target:UpperArms;video_target:UpperArms"
"3043","one_leg_kickback","One leg kickback","Glutes","Glutes","Hips","Body weight","Glutes","","1","44","missing_video"
"3044","one_leg_squat","One Leg Squat","Glutes","Quads","Hips","Body weight","Glutes","Glutes","1","74","muscle_mismatch:Glutes->Quads;image_target:Glutes;video_target:Glutes"
"3045","outside_leg_kick_push_up","Outside Leg Kick Push-Up","Glutes","Chest","Hips","Body weight","Glutes","","1","44","missing_video;muscle_mismatch:Glutes->Chest;image_target:Glutes"
"3046","pectineus","Pectineus","Glutes","Chest","Hips","Body weight","","","1","24","missing_image;missing_video;muscle_mismatch:Glutes->Chest"
"3047","pelvic_tilt_into_bridge","Pelvic Tilt Into Bridge","Glutes","Glutes","Hips","Body weight","Glutes","Glutes","1","74",""
"3048","pigeon_hip_stretch","Pigeon Hip Stretch","Glutes","Custom","Hips","Body weight","Glutes","Glutes","2","74","image_target:Glutes;video_target:Glutes;duplicate_group"
"3049","pigeon_hip_stretch_pigeon_hip_stretch_7mg","Pigeon Hip Stretch","Glutes","Custom","Hips","Body weight","Glutes","Glutes","2","74","image_target:Glutes;video_target:Glutes;duplicate_group"
"3050","pike_to_cobra_push_up","Pike-to-Cobra Push-up","Glutes","Chest","Chest, Hips","Body weight","Chest","Chest","1","74","muscle_mismatch:Glutes->Chest"
"3051","piriformis","Piriformis","Glutes","Custom","Hips","Body weight","","","1","24","missing_image;missing_video"
"3052","plantar_flexion_stretch","Plantar Flexion Stretch","Glutes","Custom","Hips","Body weight","Thighs","","1","44","missing_video;image_target:Thighs"
"3053","plate_hyperextension","Plate Hyperextension","Glutes","Custom","Hips","Weighted","Glutes","","1","44","missing_video;image_target:Glutes"
"3054","potty_squat_with_support","Potty Squat with Support","Glutes","Quads","Hips","Body weight","Glutes","","2","44","missing_video;muscle_mismatch:Glutes->Quads;image_target:Glutes;duplicate_group"
"3055","potty_squat_with_support_potty_squat_with_support_8ij","Potty Squat with Support","Glutes","Quads","Hips","Body weight","Glutes","","2","44","missing_video;muscle_mismatch:Glutes->Quads;image_target:Glutes;duplicate_group"
"3056","power_sled_anti_rotation_forward_walk","Power Sled Anti-Rotation Forward Walk","Glutes","Custom","Hips","Power Sled","Glutes","","1","44","missing_video;image_target:Glutes"
"3057","power_sled_rear_lunge_power_sled_rear_lunge_826","Power Sled Rear Lunge","Glutes","Quads","Hips","Power Sled","Glutes","","1","44","missing_video;muscle_mismatch:Glutes->Quads;image_target:Glutes"
"3058","prone_cobra_hands_interlocked","Prone Cobra Hands Interlocked","Glutes","Custom","Hips","Body weight","","","1","44","missing_video"
"3059","prone_cobra_palms_under_thighs","Prone Cobra Palms Under Thighs","Glutes","Custom","Hips","Body weight","Thighs","","1","44","missing_video;image_target:Thighs"
"3060","psoas_major","Psoas major","Glutes","Custom","Hips","Body weight","","","1","24","missing_image;missing_video"
"3061","psoas_minor","Psoas minor","Glutes","Custom","Hips","Body weight","","","1","24","missing_image;missing_video"
"3062","pull_through","pull through","Glutes","Custom","Hips","Cable","Glutes","Glutes","1","74","image_target:Glutes;video_target:Glutes"
"3063","push_up_inside_leg_kick","Push-Up Inside Leg Kick","Glutes","Chest","Hips","Body weight","Glutes","","1","44","missing_video;muscle_mismatch:Glutes->Chest;image_target:Glutes"
"3064","pvc_good_morning","PVC Good Morning","Glutes","Posterior","Hips","Stick","","Glutes","1","54","missing_image;muscle_mismatch:Glutes->Posterior;reviewed_good_morning"
"3065","pvc_hip_hinge","PVC Hip Hinge","Glutes","Custom","Hips","Stick","","Glutes","1","54","missing_image;video_target:Glutes"
"3066","reclining_lower_trunk_extensor_stretch","Reclining Lower Trunk Extensor Stretch","Glutes","Custom","Hips","Body weight","Glutes","","1","44","missing_video;image_target:Glutes"
"3067","recumbent_hip_external_rotator_and_hip_extensor_stretch","Recumbent Hip External Rotator And Hip Extensor Stretch","Glutes","Custom","Hips","Body weight","Glutes","","2","44","missing_video;image_target:Glutes;duplicate_group"
"3068","recumbent_hip_external_rotator_and_hip_extensor_stretch_recumbent_hip_external_rotator_and_hip_extensor_stretch_7m2","Recumbent Hip External Rotator And Hip Extensor Stretch","Glutes","Custom","Hips","Body weight","Glutes","","2","44","missing_video;image_target:Glutes;duplicate_group"
"3069","resistance_band_45_degrees_hyperextension","Resistance Band 45 degrees Hyperextension","Glutes","Custom","Hips","Resistance Band","Glutes","","1","44","missing_video;image_target:Glutes"
"3070","resistance_band_adduction_split_squat","Resistance Band Adduction Split Squat","Glutes","Quads","Thighs","Resistance Band","Thighs","","1","44","missing_video;muscle_mismatch:Glutes->Quads"
"3071","resistance_band_bent_leg_kickback","Resistance Band Bent Leg Kickback","Glutes","Glutes","Hips","Resistance Band","Glutes","","1","44","missing_video"
"3072","resistance_band_bent_leg_side_kick","Resistance Band Bent Leg Side Kick","Glutes","Custom","Hips","Resistance Band","Glutes","","1","74","image_target:Glutes"
"3073","resistance_band_bird_dog","Resistance Band Bird Dog","Glutes","Custom","Hips","Resistance Band","","","1","44","missing_video"
"3074","resistance_band_clam","Resistance Band Clam","Glutes","Custom","Hips","Resistance Band","Glutes","Glutes","1","74","image_target:Glutes;video_target:Glutes"
"3075","resistance_band_duck_walk","Resistance Band Duck Walk","Glutes","Custom","Hips","Resistance Band","Glutes","","1","44","missing_video;image_target:Glutes"
"3076","resistance_band_elevated_glute_bridge","Resistance Band Elevated Glute Bridge","Glutes","Glutes","Hips","Resistance Band","Glutes","","1","44","missing_video"
"3077","resistance_band_glute_bridge","Resistance Band Glute Bridge","Glutes","Glutes","Hips","Resistance Band","Glutes","Glutes","2","74","duplicate_group"
"3078","resistance_band_glute_bridge_resistance_band_glute_bridge_7rc","Resistance Band Glute Bridge","Glutes","Glutes","Hips","Resistance Band","Glutes","Glutes","2","74","duplicate_group"
"3079","resistance_band_hip_thrust","Resistance Band Hip Thrust","Glutes","Glutes","Hips","Resistance Band","Glutes","Glutes","1","74",""
"3080","resistance_band_hip_thrusts","Resistance Band Hip Thrusts","Glutes","Glutes","Hips","Resistance Band","Glutes","Glutes","1","74",""
"3081","resistance_band_hip_thrusts_on_knees","Resistance Band Hip Thrusts on Knees","Glutes","Glutes","Hips","Resistance Band","Glutes","Glutes","1","74",""
"3082","resistance_band_jumping_jack","Resistance Band Jumping Jack","Glutes","Custom","Plyometrics","Resistance Band","Glutes","","1","44","missing_video;image_target:Glutes"
"3083","resistance_band_lateral_walk","Resistance Band Lateral Walk","Glutes","Custom","Hips","Resistance Band","Glutes","Glutes","1","74","image_target:Glutes;video_target:Glutes"
"3084","resistance_band_leg_kickback","Resistance Band Leg Kickback","Glutes","Glutes","Hips","Resistance Band","Glutes","Glutes","1","74",""
"3085","resistance_band_lying_abduction","Resistance Band Lying Abduction","Glutes","Custom","Hips","Resistance Band","Glutes","","1","44","missing_video;image_target:Glutes"
"3086","resistance_band_lying_leg_raise","Resistance Band Lying Leg Raise","Glutes","Core","Hips","Resistance Band","Glutes","Glutes","1","74","muscle_mismatch:Glutes->Core;image_target:Glutes;video_target:Glutes"
"3087","resistance_band_one_leg_glute_bridge","Resistance Band One Leg Glute Bridge","Glutes","Glutes","Hips","Resistance Band","Glutes","","2","44","missing_video;duplicate_group"
"3088","resistance_band_one_leg_glute_bridge_resistance_band_one_leg_glute_bridge_7s7","Resistance Band One Leg Glute Bridge","Glutes","Glutes","Hips","Resistance Band","Glutes","","2","44","missing_video;duplicate_group"
"3089","resistance_band_one_leg_glute_bridge_with_straight_leg","Resistance Band One Leg Glute Bridge With Straight Leg","Glutes","Glutes","Hips","Resistance Band","Glutes","","1","44","missing_video"
"3090","resistance_band_one_leg_kickback","Resistance Band One Leg Kickback","Glutes","Glutes","Hips","Resistance Band","Glutes","Glutes","3","74","duplicate_group"
"3091","resistance_band_one_leg_kickback_resistance_band_one_leg_kickback_8dg","Resistance Band One Leg Kickback","Glutes","Glutes","Hips","Resistance Band","Glutes","Glutes","3","74","duplicate_group"
"3092","resistance_band_one_leg_kickback_resistance_band_one_leg_kickback_7s9","Resistance Band One Leg Kickback","Glutes","Glutes","Hips","Resistance Band","Glutes","","3","44","missing_video;duplicate_group"
"3093","resistance_band_overhead_squat","Resistance Band Overhead Squat","Glutes","Quads","Hips","Resistance Band","Glutes","","1","44","missing_video;muscle_mismatch:Glutes->Quads;image_target:Glutes"
"3094","resistance_band_reverse_hyperextension","Resistance Band Reverse Hyperextension","Glutes","Custom","Hips","Resistance Band","Glutes","","1","44","missing_video;image_target:Glutes"
"3095","resistance_band_seated_hip_abduction","Resistance Band Seated Hip Abduction","Glutes","Custom","Hips","Resistance Band","Glutes","Glutes","2","74","image_target:Glutes;video_target:Glutes;duplicate_group"
"3096","resistance_band_seated_hip_abduction_resistance_band_seated_hip_abduction_84b","Resistance Band Seated Hip Abduction","Glutes","Custom","Hips","Resistance Band","Glutes","Glutes","2","74","image_target:Glutes;video_target:Glutes;duplicate_group"
"3097","resistance_band_shuttle","Resistance Band Shuttle","Glutes","Custom","Hips","Resistance Band","Glutes","","1","44","missing_video;image_target:Glutes"
"3098","resistance_band_side_walk","Resistance Band Side Walk","Glutes","Custom","Hips","Resistance Band","Glutes","","1","44","missing_video;image_target:Glutes"
"3099","resistance_band_standing_back_warming_up","Resistance Band Standing Back Warming-up","Glutes","Back","Chest, Hips","Resistance Band","Back","","1","44","missing_video;muscle_mismatch:Glutes->Back"
"3100","resistance_band_standing_down_warming_up","Resistance Band Standing Down Warming-up","Glutes","Custom","Back, Hips","Resistance Band","","","1","44","missing_video"
"3101","resistance_band_standing_front_warming_up","Resistance Band Standing Front Warming-up","Glutes","Custom","Back, Hips","Resistance Band","","","1","44","missing_video"
"3102","resistance_band_standing_hip_abduction","Resistance Band Standing Hip Abduction","Glutes","Custom","Hips","Resistance Band","Glutes","","1","44","missing_video;image_target:Glutes"
"3103","resistance_band_standing_overhead_warming_up","Resistance Band Standing Overhead Warming-up","Glutes","Custom","Hips, Shoulders","Resistance Band","","","1","44","missing_video"
"3104","resistance_band_supine_hip_bridge_march","Resistance Band Supine Hip Bridge March","Glutes","Glutes","Hamstrings, Thighs","Resistance Band","Thighs","","1","44","missing_video"
"3105","resistance_band_toe_touch","Resistance Band Toe Touch","Glutes","Custom","Hips","Resistance Band","Glutes","","1","44","missing_video;image_target:Glutes"
"3106","reverse_hyper_on_flat_bench","Reverse Hyper on Flat Bench","Glutes","Custom","Hips","Body weight","Glutes","Glutes","1","74","image_target:Glutes;video_target:Glutes"
"3107","rocking_frog_stretch","Rocking Frog Stretch","Glutes","Custom","Hips","Body weight","Glutes","Glutes","1","74","image_target:Glutes;video_target:Glutes"
"3108","roll_ball_adductors","Roll Ball Adductors","Glutes","Custom","Hips","Rollball","Glutes","","1","44","missing_video;image_target:Glutes"
"3109","roll_ball_erector_spinae","Roll Ball Erector Spinae","Glutes","Custom","Hips","Rollball","Glutes","","1","44","missing_video;image_target:Glutes"
"3110","roll_ball_gluteus_medius","Roll Ball Gluteus Medius","Glutes","Glutes","Hips","Rollball","Glutes","","1","44","missing_video"
"3111","roll_ball_iliacus_abdominal_region","Roll Ball Iliacus - Abdominal Region","Glutes","Custom","Hips","Rollball","Glutes","","1","44","missing_video;image_target:Glutes"
"3112","roll_ball_iliospsoas","Roll Ball Iliospsoas","Glutes","Custom","Hips","Rollball","Glutes","Glutes","1","74","image_target:Glutes;video_target:Glutes"
"3113","roll_ball_lower_back","Roll Ball Lower Back","Glutes","Back","Hips","Rollball","","Back","1","54","missing_image;muscle_mismatch:Glutes->Back"
"3114","roll_ball_lumbar_diagonal","Roll Ball Lumbar - Diagonal","Glutes","Custom","Hips","Rollball","Glutes","","1","44","missing_video;image_target:Glutes"
"3115","roll_ball_piriformis","Roll Ball Piriformis","Glutes","Custom","Hips","Rollball","Glutes","","2","44","missing_video;image_target:Glutes;duplicate_group"
"3116","roll_ball_piriformis_roll_ball_piriformis_9ii","Roll Ball Piriformis","Glutes","Custom","Hips","Rollball","Glutes","","2","44","missing_video;image_target:Glutes;duplicate_group"
"3117","roll_ball_piriformis_release","Roll Ball Piriformis Release","Glutes","Custom","Hips","Rollball","Glutes","Glutes","1","74","image_target:Glutes;video_target:Glutes"
"3118","roll_ball_psoas_abdominal_region","Roll Ball Psoas - Abdominal Region","Glutes","Custom","Hips","Rollball","Glutes","","1","44","missing_video;image_target:Glutes"
"3119","roll_ball_tensioner_band_wide","Roll Ball Tensioner Band Wide","Glutes","Custom","Hips","Rollball","Glutes","Glutes","1","74","image_target:Glutes;video_target:Glutes"
"3120","roll_hip_lat_stretch","Roll Hip Lat Stretch","Glutes","Custom","Back, Hips","Roll","Glutes","Thighs","1","74","image_target:Glutes;video_target:Thighs"
"3121","roll_hip_stretch","Roll Hip Stretch","Glutes","Custom","Hips","Roll","Glutes","Glutes","1","74","image_target:Glutes;video_target:Glutes"
"3122","roll_hip_thrust","Roll Hip Thrust","Glutes","Glutes","Hips","Roll","Glutes","Glutes","1","74",""
"3123","roll_iliospsoas","Roll Iliospsoas","Glutes","Custom","Hips","Roll","","Glutes","1","54","missing_image;video_target:Glutes"
"3124","roll_overs_into_v_sits","Roll overs into V sits","Glutes","Custom","Plyometrics","Body weight","Glutes","","1","44","missing_video;image_target:Glutes"
"3125","roll_recumbent_hip_external_rotator_and_hip_extensor_stretch_roll_recumbent_hip_external_rotator_and_hip_extensor_stretch_7sq","Roll Recumbent Hip External Rotator and Hip Extensor Stretch","Glutes","Custom","Hips","Roll","Glutes","","2","44","missing_video;image_target:Glutes;duplicate_group"
"3126","roll_recumbent_hip_external_rotator_and_hip_extensor_stretch","Roll Recumbent Hip External Rotator and Hip Extensor Stretch","Glutes","Custom","Hips","Roll","Glutes","Glutes","2","74","image_target:Glutes;video_target:Glutes;duplicate_group"
"3127","roll_tensor_band_width","Roll Tensor Band Width","Glutes","Custom","Hips","Roll","","Glutes","1","54","missing_image;video_target:Glutes"
"3128","romanian_deadlift","Romanian Deadlift","Glutes","Posterior","Hips","Barbell","Glutes","Glutes","2","74","muscle_mismatch:Glutes->Posterior;duplicate_group"
"3129","romanian_deadlift_romanian_deadlift_fl","Romanian Deadlift","Glutes","Posterior","Hips","Dumbbell","Glutes","Glutes","2","74","muscle_mismatch:Glutes->Posterior;duplicate_group"
"3130","scissors","Scissors","Glutes","Custom","Hips","Body weight","","","1","44","missing_video"
"3131","seated_bent_knee_to_chest_buttock_stretch","Seated Bent Knee To Chest Buttock Stretch","Glutes","Chest","Hips","Body weight","Glutes","","1","44","missing_video;muscle_mismatch:Glutes->Chest;image_target:Glutes"
"3132","seated_glute_stretch","Seated Glute Stretch","Glutes","Glutes","Hips","Body weight","","","2","44","missing_video;duplicate_group"
"3133","seated_glute_stretch_seated_glute_stretch_70i","Seated Glute Stretch","Glutes","Glutes","Hips","Body weight","Glutes","Glutes","2","74","duplicate_group"
"3134","seated_good_morning","Seated Good morning","Glutes","Posterior","Hips","Barbell","Glutes","Glutes","1","74","muscle_mismatch:Glutes->Posterior;reviewed_good_morning"
"3135","seated_groin_stretch","Seated Groin Stretch","Glutes","Custom","Hips","Body weight","Glutes","","2","44","missing_video;image_target:Glutes;duplicate_group"
"3136","seated_groin_stretch_seated_groin_stretch_6c0","Seated Groin Stretch","Glutes","Custom","Hips","Body weight","Thighs","","2","44","missing_video;image_target:Thighs;duplicate_group"
"3137","seated_hip_external_rotator_and_hip_extensor_stretch","Seated Hip External Rotator And Hip Extensor Stretch","Glutes","Custom","Hips","Body weight","Thighs","","1","44","missing_video;image_target:Thighs"
"3138","seated_hip_stretch_with_opposite_leg_from_behind","Seated Hip Stretch With Opposite Leg From Behind","Glutes","Custom","Hips","Body weight","Thighs","","1","44","missing_video;image_target:Thighs"
"3139","seated_hip_stretch_with_slightly_bent_leg","Seated Hip Stretch With Slightly Bent Leg","Glutes","Custom","Hips","Body weight","Glutes","","1","44","missing_video;image_target:Glutes"
"3140","seated_kickback","Seated Kickback","Glutes","Glutes","Triceps, Upper Arms","Dumbbell","UpperArms","UpperArms","1","74","image_target:UpperArms;video_target:UpperArms"
"3141","seated_knee_up_extended_rotation_stretch","Seated Knee Up Extended Rotation Stretch","Glutes","Custom","Hips","Body weight","Glutes","","1","44","missing_video;image_target:Glutes"
"3142","seated_knee_up_rotation_stretch","Seated Knee Up Rotation Stretch","Glutes","Custom","Hips","Body weight","Glutes","","1","44","missing_video;image_target:Glutes"
"3143","seated_piriformis_stretch","Seated Piriformis Stretch","Glutes","Custom","Hips","Body weight","Glutes","Glutes","1","74","image_target:Glutes;video_target:Glutes"
"3144","shoulder_abduction_articulations","Shoulder - Abduction - Articulations","Glutes","Shoulders","Shoulders","Body weight","Mobility","Shoulders","1","74","muscle_mismatch:Glutes->Shoulders;image_target:Mobility"
"3145","shoulder_adduction_articulations","Shoulder - Adduction - Articulations","Glutes","Shoulders","Shoulders","Body weight","Mobility","Shoulders","1","74","muscle_mismatch:Glutes->Shoulders;image_target:Mobility"
"3146","shoulder_transverse_abduction_articulations","Shoulder - Transverse Abduction - Articulations","Glutes","Shoulders","Shoulders","Body weight","Mobility","Shoulders","1","74","muscle_mismatch:Glutes->Shoulders;image_target:Mobility"
"3147","shoulder_transverse_adduction_articulations","Shoulder - Transverse Adduction - Articulations","Glutes","Shoulders","Shoulders","Body weight","Mobility","Shoulders","1","74","muscle_mismatch:Glutes->Shoulders;image_target:Mobility"
"3148","shoulder_bridge","Shoulder Bridge","Glutes","Glutes","Thighs","Body weight","Shoulders","","1","44","missing_video;image_target:Shoulders"
"3149","side_bridge_side_bridge_6sx","Side Bridge","Glutes","Glutes","Quadriceps, Thighs","Body weight","Thighs","","2","44","missing_video;duplicate_group"
"3150","side_bridge_side_bridge_6sy","Side Bridge","Glutes","Glutes","Quadriceps, Thighs","Body weight","Thighs","","2","44","missing_video;duplicate_group"
"3151","side_bridge_hip_abduction","Side Bridge Hip Abduction","Glutes","Glutes","Hips","Body weight","Glutes","Glutes","3","74","duplicate_group"
"3152","side_bridge_hip_abduction_side_bridge_hip_abduction_6sa","Side Bridge Hip Abduction","Glutes","Glutes","Hips","Body weight","Glutes","Glutes","3","74","duplicate_group"
"3153","side_bridge_hip_abduction_side_bridge_hip_abduction_7i6","Side Bridge Hip Abduction","Glutes","Glutes","Hips","Body weight","Glutes","Glutes","3","74","duplicate_group"
"3154","side_hip_abduction","Side Hip Abduction","Glutes","Custom","Hips","Body weight","Glutes","Glutes","1","74","image_target:Glutes;video_target:Glutes"
"3155","side_lunge_adductor_stretch","Side Lunge Adductor Stretch","Glutes","Quads","Hips","Body weight","Glutes","","1","44","missing_video;muscle_mismatch:Glutes->Quads;image_target:Glutes"
"3156","side_lying_clam","Side Lying Clam","Glutes","Custom","Hips","Body weight","Glutes","Glutes","1","74","image_target:Glutes;video_target:Glutes"
"3157","side_lying_hip_adduction_side_lying_hip_adduction_8x6","Side Lying Hip Adduction","Glutes","Custom","Hips","Body weight","Glutes","Glutes","2","74","image_target:Glutes;video_target:Glutes;duplicate_group"
"3158","side_lying_hip_adduction","Side Lying Hip Adduction","Glutes","Custom","Hips","Body weight","","Glutes","2","54","missing_image;video_target:Glutes;duplicate_group"
"3159","side_lying_leg_circle","Side Lying Leg Circle","Glutes","Custom","Hips","Body weight","Glutes","Glutes","1","74","image_target:Glutes;video_target:Glutes"
"3160","side_lying_leg_raise","Side Lying Leg Raise","Glutes","Core","Hips","Body weight","Glutes","","1","44","missing_video;muscle_mismatch:Glutes->Core;image_target:Glutes"
"3161","side_lying_scissors","Side Lying Scissors","Glutes","Custom","Hips","Body weight","Glutes","Glutes","1","74","image_target:Glutes;video_target:Glutes"
"3162","side_to_side_leg_swings","Side to Side Leg Swings","Glutes","Custom","Hips","Body weight","Glutes","Glutes","2","74","image_target:Glutes;video_target:Glutes;duplicate_group"
"3163","side_to_side_leg_swings_side_to_side_leg_swings_9mh","Side to Side Leg Swings","Glutes","Custom","Hips","Body weight","","Glutes","2","54","missing_image;video_target:Glutes;duplicate_group"
"3164","sideway_leg_bridge","Sideway Leg Bridge","Glutes","Glutes","Hips","Body weight","Glutes","","1","44","missing_video"
"3165","single_leg_bodyweight_deadlift_with_arm_and_leg_extended","Single Leg Bodyweight Deadlift with Arm and Leg Extended","Glutes","Posterior","Hips","Body weight","Glutes","Glutes","1","74","muscle_mismatch:Glutes->Posterior"
"3166","single_leg_bridge","Single Leg Bridge","Glutes","Glutes","Hips","Body weight","Glutes","Glutes","1","74",""
"3167","single_leg_bridge_with_hip_flexion","Single Leg Bridge with Hip Flexion","Glutes","Glutes","Hips","Body weight","Glutes","","1","44","missing_video"
"3168","single_leg_bridge_with_outstretched_leg","Single Leg Bridge with Outstretched Leg","Glutes","Glutes","Hips","Body weight","Glutes","Glutes","1","74",""
"3169","single_leg_deadlift_with_knee_lift","Single Leg Deadlift with Knee Lift","Glutes","Posterior","Quadriceps, Thighs","Body weight","Glutes","Glutes","1","74","muscle_mismatch:Glutes->Posterior"
"3170","single_leg_foot_touch","Single Leg Foot Touch","Glutes","Custom","Hips","Body weight","Glutes","","1","44","missing_video;image_target:Glutes"
"3171","single_leg_glute_bridge_with_knee_to_chest","Single Leg Glute Bridge with Knee to Chest","Glutes","Glutes","Hips","Body weight","Chest","Chest","1","74","image_target:Chest;video_target:Chest"
"3172","single_leg_hip_bridge","Single Leg Hip Bridge","Glutes","Glutes","Hips","Body weight","Glutes","","2","44","missing_video;duplicate_group"
"3173","single_leg_hip_bridge_single_leg_hip_bridge_8qq","Single Leg Hip Bridge","Glutes","Glutes","Hips","Body weight","Glutes","","2","44","missing_video;duplicate_group"
"3174","single_leg_hip_thrusts","Single Leg Hip Thrusts","Glutes","Glutes","Hips","Body weight","Glutes","Glutes","1","74",""
"3175","single_leg_sliding_floor_bridge_curl_on_towel","Single Leg Sliding Floor Bridge Curl on Towel","Glutes","Biceps","Hamstrings, Thighs","Body weight","Thighs","Thighs","1","74","muscle_mismatch:Glutes->Biceps;image_target:Thighs;video_target:Thighs"
"3176","single_leg_squat_single_leg_squat_6ts","Single Leg Squat","Glutes","Quads","Hips","Body weight","Glutes","Glutes","1","74","muscle_mismatch:Glutes->Quads;image_target:Glutes;video_target:Glutes"
"3177","sitting_foot_to_chest_buttocks_stretch","Sitting Foot To Chest Buttocks Stretch","Glutes","Chest","Hips","Body weight","Glutes","","1","44","missing_video;muscle_mismatch:Glutes->Chest;image_target:Glutes"
"3178","sitting_one_leg_external_stretch","Sitting One Leg External Stretch","Glutes","Custom","Hips","Body weight","Glutes","","1","44","missing_video;image_target:Glutes"
"3179","sitting_rotational_hip_stretch","Sitting Rotational Hip Stretch","Glutes","Custom","Hips","Body weight","Glutes","","1","44","missing_video;image_target:Glutes"
"3180","sitting_wide_leg_adductor_stretch","Sitting Wide Leg Adductor Stretch","Glutes","Custom","Hips","Body weight","Glutes","Glutes","1","74","image_target:Glutes;video_target:Glutes"
"3181","sled_45_degrees_one_leg_press","Sled 45 degrees One Leg Press","Glutes","Quads","Thighs","Sled machine","Glutes","","2","44","missing_video;muscle_mismatch:Glutes->Quads;image_target:Glutes;duplicate_group"
"3182","sled_45_degrees_one_leg_press_sled_45_degrees_one_leg_press_70j","Sled 45 degrees One Leg Press","Glutes","Quads","Hips","Sled machine","Glutes","Glutes","2","74","muscle_mismatch:Glutes->Quads;image_target:Glutes;video_target:Glutes;duplicate_group"
"3183","sled_45_leg_press_sled_45_leg_press_70e","Sled 45° Leg Press","Glutes","Quads","Quadriceps, Thighs","Sled machine","Glutes","Glutes","3","74","muscle_mismatch:Glutes->Quads;image_target:Glutes;video_target:Glutes;duplicate_group"
"3184","sled_45_leg_press_sled_45_leg_press_1o","Sled 45° Leg Press","Glutes","Quads","Hips","Sled machine","Glutes","Glutes","3","74","muscle_mismatch:Glutes->Quads;image_target:Glutes;video_target:Glutes;duplicate_group"
"3185","sled_45_leg_press_sled_45_leg_press_6tz","Sled 45° Leg Press","Glutes","Quads","Hips","Sled machine","Glutes","Glutes","3","74","muscle_mismatch:Glutes->Quads;image_target:Glutes;video_target:Glutes;duplicate_group"
"3186","sled_hack_squat","Sled Hack Squat","Glutes","Quads","Hips","Sled machine","Glutes","Glutes","2","74","muscle_mismatch:Glutes->Quads;image_target:Glutes;video_target:Glutes;duplicate_group"
"3187","sled_hack_squat_sled_hack_squat_6td","Sled Hack Squat","Glutes","Quads","Hips","Sled machine","Glutes","Glutes","2","74","muscle_mismatch:Glutes->Quads;image_target:Glutes;video_target:Glutes;duplicate_group"
"3188","sliding_floor_bridge_curl_on_towel","Sliding Floor Bridge Curl on Towel","Glutes","Biceps","Hamstrings, Thighs","Body weight","Thighs","Thighs","1","74","muscle_mismatch:Glutes->Biceps;image_target:Thighs;video_target:Thighs"
"3189","sliding_leg_curl_on_floor_with_towel","Sliding Leg Curl on Floor with Towel","Glutes","Biceps","Hips","Body weight","Glutes","Glutes","1","74","muscle_mismatch:Glutes->Biceps;image_target:Glutes;video_target:Glutes"
"3190","smith_bent_knee_good_morning","Smith Bent Knee Good morning","Glutes","Posterior","Hips","Smith machine","Glutes","Glutes","1","74","muscle_mismatch:Glutes->Posterior;reviewed_good_morning"
"3191","smith_deadlift","Smith Deadlift","Glutes","Posterior","Quadriceps, Thighs","Smith machine","Glutes","Glutes","3","74","muscle_mismatch:Glutes->Posterior;duplicate_group"
"3192","smith_deadlift_smith_deadlift_1x","Smith Deadlift","Glutes","Posterior","Hips","Smith machine","Glutes","Glutes","3","74","muscle_mismatch:Glutes->Posterior;duplicate_group"
"3193","smith_deadlift_smith_deadlift_6u2","Smith Deadlift","Glutes","Posterior","Hips","Smith machine","Glutes","Glutes","3","74","muscle_mismatch:Glutes->Posterior;duplicate_group"
"3194","smith_good_morning_off_pins","Smith Good Morning Off Pins","Glutes","Posterior","Hips","Smith machine","Glutes","","1","44","missing_video;muscle_mismatch:Glutes->Posterior;reviewed_good_morning"
"3195","smith_hack_squat","Smith Hack Squat","Glutes","Quads","Hips","Smith machine","Glutes","","1","44","missing_video;muscle_mismatch:Glutes->Quads;image_target:Glutes"
"3196","smith_hip_thrust","Smith Hip Thrust","Glutes","Glutes","Hips","Smith machine","Glutes","Glutes","1","74",""
"3197","smith_kneeling_hip_thrust","Smith Kneeling Hip Thrust","Glutes","Glutes","Hips","Smith machine","Glutes","","1","44","missing_video"
"3198","smith_kneeling_rear_kick","Smith kneeling rear kick","Glutes","Custom","Hips","Smith machine","Glutes","","2","44","missing_video;image_target:Glutes;duplicate_group"
"3199","smith_kneeling_rear_kick_smith_kneeling_rear_kick_75k","Smith kneeling rear kick","Glutes","Custom","Hips","Smith machine","Glutes","Glutes","2","74","image_target:Glutes;video_target:Glutes;duplicate_group"
"3200","smith_lying_lift","Smith lying lift","Glutes","Custom","Hips","Smith machine","Glutes","","1","44","missing_video;image_target:Glutes"
"3201","smith_rack_pull","Smith Rack Pull","Glutes","Custom","Hips","Smith machine","Glutes","","1","44","missing_video;image_target:Glutes"
"3202","smith_reverse_hyperextension","Smith Reverse Hyperextension","Glutes","Custom","Hips","Smith machine","Glutes","","1","44","missing_video;image_target:Glutes"
"3203","smith_squat","Smith Squat","Glutes","Quads","Hips","Smith machine","Glutes","","2","44","missing_video;muscle_mismatch:Glutes->Quads;image_target:Glutes;duplicate_group"
"3204","smith_squat_smith_squat_6uu","Smith Squat","Glutes","Quads","Hips","Smith machine","Glutes","","2","44","missing_video;muscle_mismatch:Glutes->Quads;image_target:Glutes;duplicate_group"
"3205","smith_stiff_legged_deadlift","Smith Stiff Legged Deadlift","Glutes","Posterior","Hips","Smith machine","Glutes","Glutes","1","74","muscle_mismatch:Glutes->Posterior"
"3206","smith_sumo_squat","Smith Sumo Squat","Glutes","Quads","Hips","Smith machine","Glutes","","2","44","missing_video;muscle_mismatch:Glutes->Quads;image_target:Glutes;duplicate_group"
"3207","smith_sumo_squat_smith_sumo_squat_8it","Smith Sumo Squat","Glutes","Quads","Hips","Smith machine","Glutes","Glutes","2","74","muscle_mismatch:Glutes->Quads;image_target:Glutes;video_target:Glutes;duplicate_group"
"3208","spider_crawl_push_up","Spider Crawl Push up","Glutes","Chest","Hips","Body weight","Glutes","Glutes","2","74","muscle_mismatch:Glutes->Chest;image_target:Glutes;video_target:Glutes;duplicate_group"
"3209","spider_crawl_push_up_spider_crawl_push_up_8qs","Spider Crawl Push-up","Glutes","Chest","Chest, Hips","Body weight","Glutes","Glutes","2","74","muscle_mismatch:Glutes->Chest;image_target:Glutes;video_target:Glutes;duplicate_group"
"3210","spine_spine_88w","Spine","Glutes","Custom","Hips","Body weight","Mobility","","4","74","image_target:Mobility;duplicate_group"
"3211","spine","Spine","Glutes","Custom","Hips","Body weight","Mobility","","4","74","image_target:Mobility;duplicate_group"
"3212","spine_spine_88y","Spine","Glutes","Custom","Hips","Body weight","Mobility","","4","74","image_target:Mobility;duplicate_group"
"3213","spine_spine_88z","Spine","Glutes","Custom","Hips","Body weight","Mobility","","4","74","image_target:Mobility;duplicate_group"
"3214","spine_backbend_stretch","Spine Backbend Stretch","Glutes","Back","Hips","Body weight","Glutes","Glutes","1","74","muscle_mismatch:Glutes->Back;image_target:Glutes;video_target:Glutes"
"3215","spine_stretch_forward","Spine Stretch Forward","Glutes","Custom","Hips","Body weight","","","1","74",""
"3216","split_squat","Split Squat","Glutes","Quads","Hips","Body weight","Glutes","Glutes","2","74","muscle_mismatch:Glutes->Quads;image_target:Glutes;video_target:Glutes;duplicate_group"
"3217","split_squat_split_squat_6v5","Split Squat","Glutes","Quads","Hips","Body weight","Glutes","Glutes","2","74","muscle_mismatch:Glutes->Quads;image_target:Glutes;video_target:Glutes;duplicate_group"
"3218","square_lumbar","Square lumbar","Glutes","Custom","Hips","Body weight","","","1","24","missing_image;missing_video"
"3219","square_of_the_thigh","Square of the thigh","Glutes","Custom","Hips","Body weight","","","1","24","missing_image;missing_video"
"3220","squat_squat_6v1","Squat","Glutes","Quads","Hips","Body weight","Glutes","Glutes","2","74","muscle_mismatch:Glutes->Quads;image_target:Glutes;video_target:Glutes;duplicate_group"
"3221","squat_squat_9e","Squat","Glutes","Quads","Hips","Dumbbell","Glutes","","2","44","missing_video;muscle_mismatch:Glutes->Quads;image_target:Glutes;duplicate_group"
"3222","squat_side_kick","Squat side kick","Glutes","Quads","Hips","Body weight","Glutes","Glutes","1","74","muscle_mismatch:Glutes->Quads;image_target:Glutes;video_target:Glutes"
"3223","stability_ball_reverse_hyperextension","Stability Ball Reverse Hyperextension","Glutes","Custom","Hips","Stability ball","Glutes","","1","44","missing_video;image_target:Glutes"
"3224","stability_ball_rollout","Stability Ball Rollout","Glutes","Custom","Hips","Stability ball","Glutes","","1","44","missing_video;image_target:Glutes"
"3225","stability_ball_rollout_on_knees","Stability Ball Rollout on Knees","Glutes","Custom","Hips","Stability ball","Glutes","Glutes","1","74","image_target:Glutes;video_target:Glutes"
"3226","standing_back_extension_and_flexion","Standing Back Extension And Flexion","Glutes","Posterior","Hips","Body weight","Glutes","","1","44","missing_video;muscle_mismatch:Glutes->Posterior"
"3227","standing_bent_knee_hip_adductor_stretch","Standing Bent Knee Hip Adductor Stretch","Glutes","Custom","Hips","Body weight","Glutes","","1","44","missing_video;image_target:Glutes"
"3228","standing_hip_abduction_standing_hip_abduction_6v4","Standing Hip Abduction","Glutes","Custom","Hips","Body weight","Glutes","","2","44","missing_video;image_target:Glutes;duplicate_group"
"3229","standing_hip_abduction","Standing Hip Abduction","Glutes","Custom","Hips","Body weight","Glutes","Glutes","2","74","image_target:Glutes;video_target:Glutes;duplicate_group"
"3230","standing_hip_adduction_stretch","Standing Hip Adduction Stretch","Glutes","Custom","Hips","Body weight","Glutes","","1","44","missing_video;image_target:Glutes"
"3231","standing_hip_extension_standing_hip_extension_6vg","Standing Hip Extension","Glutes","Custom","Hips","Body weight","Glutes","Glutes","3","74","image_target:Glutes;video_target:Glutes;duplicate_group"
"3232","standing_hip_extension_standing_hip_extension_87k","Standing Hip Extension","Glutes","Custom","Hips","Body weight","Glutes","","3","44","missing_video;image_target:Glutes;duplicate_group"
"3233","standing_hip_extension","Standing Hip Extension","Glutes","Custom","Hips","Cable","Glutes","","3","44","missing_video;image_target:Glutes;duplicate_group"
"3234","standing_hip_flexor_stretch","Standing Hip Flexor Stretch","Glutes","Custom","Thighs","Body weight","Glutes","Glutes","1","74","image_target:Glutes;video_target:Glutes"
"3235","standing_hip_out_adductor_stretch","Standing Hip Out Adductor Stretch","Glutes","Custom","Hips","Body weight","Glutes","","1","44","missing_video;image_target:Glutes"
"3236","standing_iliotibial_stretch","Standing Iliotibial Stretch","Glutes","Calves","Hips","Body weight","Glutes","","1","44","missing_video;muscle_mismatch:Glutes->Calves;image_target:Glutes"
"3237","standing_kickback","Standing Kickback","Glutes","Glutes","Triceps, Upper Arms","Dumbbell","UpperArms","UpperArms","1","74","image_target:UpperArms;video_target:UpperArms"
"3238","standing_knee_to_chest_stretch","Standing Knee To Chest Stretch","Glutes","Chest","Hips","Body weight","Glutes","","1","44","missing_video;muscle_mismatch:Glutes->Chest;image_target:Glutes"
"3239","standing_leg_cross_abductor_stretch","Standing Leg Cross Abductor Stretch","Glutes","Custom","Hips","Body weight","Glutes","","1","44","missing_video;image_target:Glutes"
"3240","standing_leg_resting_hip_stretch","Standing Leg Resting Hip Stretch","Glutes","Custom","Hips","Body weight","Glutes","","1","44","missing_video;image_target:Glutes"
"3241","standing_leg_tuck_hip_stretch","Standing Leg Tuck Hip Stretch","Glutes","Custom","Hips","Body weight","Glutes","","1","44","missing_video;image_target:Glutes"
"3242","standing_leg_under_abductor_stretch","Standing Leg Under Abductor Stretch","Glutes","Custom","Hips","Body weight","Glutes","","1","44","missing_video;image_target:Glutes"
"3243","standing_leg_up_adductor_stretch","Standing Leg Up Adductor Stretch","Glutes","Custom","Hips","Body weight","Glutes","","1","44","missing_video;image_target:Glutes"
"3244","standing_low_body_rotation","Standing Low Body Rotation","Glutes","Custom","Hips","Body weight","","","1","44","missing_video"
"3245","standing_outer_hip_stretch","Standing Outer Hip Stretch","Glutes","Custom","Hips","Body weight","Glutes","","1","44","missing_video;image_target:Glutes"
"3246","standing_raised_leg_hip_adductor_stretch","Standing Raised Leg Hip Adductor Stretch","Glutes","Custom","Hips","Body weight","Glutes","","1","44","missing_video;image_target:Glutes"
"3247","standing_rotational_hip_stretch","Standing Rotational Hip Stretch","Glutes","Custom","Hips","Body weight","Glutes","","1","44","missing_video;image_target:Glutes"
"3248","standing_side_leg_raise","Standing Side Leg Raise","Glutes","Core","Hips","Body weight","Glutes","Glutes","1","74","muscle_mismatch:Glutes->Core;image_target:Glutes;video_target:Glutes"
"3249","standing_single_leg_high_knee_to_butt_kick_with_support","Standing Single Leg High Knee to Butt Kick With Support","Glutes","Custom","Hips","Body weight","","Glutes","1","54","missing_image;video_target:Glutes"
"3250","standing_wide_knees_adductor_stretch","Standing Wide Knees Adductor Stretch","Glutes","Custom","Hips","Body weight","Glutes","","1","44","missing_video;image_target:Glutes"
"3251","standing_wide_leg_adductor_stretch","Standing Wide Leg Adductor Stretch","Glutes","Custom","Hips","Body weight","Glutes","","1","44","missing_video;image_target:Glutes"
"3252","step_up","Step-up","Glutes","Custom","Hips","Dumbbell","Glutes","Glutes","3","74","image_target:Glutes;video_target:Glutes;duplicate_group"
"3253","step_up_step_up_6h","Step-up","Glutes","Custom","Quadriceps, Thighs","Barbell","Glutes","Glutes","3","74","image_target:Glutes;video_target:Glutes;duplicate_group"
"3254","step_up_step_up_6vp","Step-up","Glutes","Custom","Hips","Body weight","Glutes","Glutes","3","74","image_target:Glutes;video_target:Glutes;duplicate_group"
"3255","straight_leg_hip_bridge","Straight Leg Hip Bridge","Glutes","Glutes","Hips","Body weight","Glutes","","1","44","missing_video"
"3256","straight_leg_kickback","Straight Leg Kickback","Glutes","Glutes","Hips","Body weight","Glutes","Glutes","2","74","duplicate_group"
"3257","straight_leg_kickback_straight_leg_kickback_8hb","Straight Leg Kickback","Glutes","Glutes","Hips","Body weight","Glutes","Glutes","2","74","duplicate_group"
"3258","straight_leg_outer_hip_abductor","Straight Leg Outer Hip Abductor","Glutes","Custom","Hips","Body weight","Glutes","","1","44","missing_video;image_target:Glutes"
"3259","strongman_keg_toss","StrongMan Keg Toss","Glutes","Custom","Back, Hips, Shoulders","Weighted","","","1","44","missing_video"
"3260","strongman_weight_for_height","StrongMan Weight for Height","Glutes","Custom","Hips","Weighted","","","1","44","missing_video"
"3261","sumo_deadlift","Sumo Deadlift","Glutes","Posterior","Hips","Barbell","Glutes","Glutes","1","74","muscle_mismatch:Glutes->Posterior"
"3262","sumo_deadlift_end_pose","Sumo Deadlift - End pose","Glutes","Posterior","Hips","Body weight","","","1","24","missing_image;missing_video;muscle_mismatch:Glutes->Posterior"
"3263","sumo_squat_floor_touch","Sumo Squat Floor Touch","Glutes","Quads","Hips","Body weight","","Glutes","1","54","missing_image;muscle_mismatch:Glutes->Quads;video_target:Glutes"
"3264","superman_row_with_towel","Superman Row with Towel","Glutes","Back","Back, Hips","Body weight","Back","Back","1","74","muscle_mismatch:Glutes->Back"
"3265","suspension_abduction_lunge","Suspension Abduction Lunge","Glutes","Quads","Quadriceps, Thighs","Suspension","Thighs","","1","44","missing_video;muscle_mismatch:Glutes->Quads"
"3266","suspension_hip_abduction","Suspension Hip Abduction","Glutes","Custom","Hips","Suspension","Glutes","Glutes","1","74","image_target:Glutes;video_target:Glutes"
"3267","suspension_hip_bridge","Suspension Hip Bridge","Glutes","Glutes","Hips","Suspension","Glutes","Glutes","1","74",""
"3268","suspension_hip_hinge","Suspension Hip Hinge","Glutes","Custom","Hips","Suspension","Glutes","","1","44","missing_video;image_target:Glutes"
"3269","suspension_mountain_climber","Suspension Mountain Climber","Glutes","Custom","Hips","Suspension","Glutes","Glutes","1","74","image_target:Glutes;video_target:Glutes"
"3270","suspension_mountain_climber_push_up","Suspension Mountain Climber Push-up","Glutes","Chest","Hips","Suspension","Glutes","","1","44","missing_video;muscle_mismatch:Glutes->Chest;image_target:Glutes"
"3271","suspension_pike","Suspension Pike","Glutes","Custom","Hips","Suspension","Glutes","","1","44","missing_video;image_target:Glutes"
"3272","suspension_single_leg_deadlift","Suspension Single Leg Deadlift","Glutes","Posterior","Hips","Suspension","Glutes","Glutes","1","74","muscle_mismatch:Glutes->Posterior"
"3273","suspension_single_leg_split_squat","Suspension Single Leg Split Squat","Glutes","Quads","Hips","Suspension","Glutes","","2","44","missing_video;muscle_mismatch:Glutes->Quads;image_target:Glutes;duplicate_group"
"3274","suspension_single_leg_split_squat_suspension_single_leg_split_squat_6dg","Suspension Single Leg Split Squat","Glutes","Quads","Hips","Suspension","Glutes","Glutes","2","74","muscle_mismatch:Glutes->Quads;image_target:Glutes;video_target:Glutes;duplicate_group"
"3275","suspension_single_leg_squat_suspension_single_leg_squat_6dh","Suspension Single Leg Squat","Glutes","Quads","Hips","Suspension","Glutes","","1","44","missing_video;muscle_mismatch:Glutes->Quads;image_target:Glutes"
"3276","suspension_spiderman_push_up","Suspension Spiderman Push-up","Glutes","Chest","Hips","Suspension","Glutes","","1","44","missing_video;muscle_mismatch:Glutes->Chest;image_target:Glutes"
"3277","swimmer","Swimmer","Glutes","Custom","Hips","Body weight","Glutes","","1","44","missing_video;image_target:Glutes"
"3278","swimmer_kicks","Swimmer Kicks","Glutes","Custom","Hips","Body weight","","Glutes","3","74","video_target:Glutes;duplicate_group"
"3279","swimmer_kicks_swimmer_kicks_8qo","Swimmer Kicks","Glutes","Custom","Hips","Body weight","","","3","74","duplicate_group"
"3280","swimmer_kicks_swimmer_kicks_8qp","Swimmer Kicks","Glutes","Custom","Hips","Body weight","","Glutes","3","74","video_target:Glutes;duplicate_group"
"3281","swimming_all_fours","Swimming All Fours","Glutes","Custom","Hips","Body weight","","","1","44","missing_video"
"3282","tensor_fascia_lata","Tensor Fascia Lata","Glutes","Custom","Hips","Body weight","","","1","24","missing_image;missing_video"
"3283","the_great_leader","The Great Leader","Glutes","Custom","Hips","Body weight","","","1","24","missing_image;missing_video"
"3284","the_inner_twin","The inner twin","Glutes","Custom","Hips","Body weight","","","1","24","missing_image;missing_video"
"3285","the_superior_twin","The superior twin","Glutes","Custom","Hips","Body weight","","","1","24","missing_image;missing_video"
"3286","thoracic_bridge","Thoracic Bridge","Glutes","Glutes","Stretching","Body weight","","","1","74",""
"3287","trap_bar_deadlift_from_deficit","Trap Bar Deadlift from Deficit","Glutes","Posterior","Hips","Trap bar","Glutes","","1","44","missing_video;muscle_mismatch:Glutes->Posterior"
"3288","trap_bar_jump_squat","Trap Bar Jump Squat","Glutes","Quads","Hips","Body weight","Glutes","","1","44","missing_video;muscle_mismatch:Glutes->Quads;image_target:Glutes"
"3289","trap_bar_split_stance_rdl","Trap Bar Split Stance RDL","Glutes","Custom","Hips","Trap bar","Glutes","","1","44","missing_video;image_target:Glutes"
"3290","vertical_leg_raise_vertical_leg_raise_6w4","Vertical Leg Raise","Glutes","Core","Hips","Body weight","Glutes","Glutes","2","74","muscle_mismatch:Glutes->Core;image_target:Glutes;video_target:Glutes;duplicate_group"
"3291","vertical_leg_raise_vertical_leg_raise_2i","Vertical Leg Raise","Glutes","Core","Hips","Body weight","Glutes","Glutes","2","74","muscle_mismatch:Glutes->Core;image_target:Glutes;video_target:Glutes;duplicate_group"
"3292","walking_lunge_walking_lunge_fm","Walking Lunge","Glutes","Quads","Quadriceps, Thighs","Body weight","Glutes","Glutes","1","74","muscle_mismatch:Glutes->Quads;image_target:Glutes;video_target:Glutes"
"3293","wall_press_heel_tap","Wall Press Heel Tap","Glutes","Custom","Hips","Body weight","Glutes","","1","44","missing_video;image_target:Glutes"
"3294","weighted_frog_pump","Weighted Frog Pump","Glutes","Custom","Hips","Weighted","Glutes","","1","44","missing_video;image_target:Glutes"
"3295","weighted_hip_thrusts","Weighted Hip Thrusts","Glutes","Glutes","Hips","Weighted","Glutes","","1","44","missing_video"
"3296","weighted_lying_hip_abduction","Weighted Lying Hip Abduction","Glutes","Custom","Hips","Weighted","Glutes","","1","44","missing_video;image_target:Glutes"
"3297","weighted_one_leg_hip_thrust","Weighted one leg hip thrust","Glutes","Glutes","Hips","Weighted","Glutes","","1","44","missing_video"
"3298","wide_deadlift_pose","Wide deadlift pose","Glutes","Posterior","Hips","Body weight","","","1","24","missing_image;missing_video;muscle_mismatch:Glutes->Posterior"
"3299","alternating_hamstring_curl_with_punche","Alternating Hamstring Curl with Punche","Hamstrings","Biceps","Plyometrics","Body weight","","","1","54","missing_image;muscle_mismatch:Hamstrings->Biceps"
"3300","assisted_inverse_leg_curl","Assisted Inverse Leg Curl","Hamstrings","Biceps","Hamstrings, Thighs","Assisted","Thighs","","1","44","missing_video;muscle_mismatch:Hamstrings->Biceps;image_target:Thighs"
"3301","assisted_lying_hamstring_stretch","Assisted Lying Hamstring Stretch","Hamstrings","Hamstrings","Hamstrings, Thighs","Assisted","Thighs","","1","44","missing_video"
"3302","assisted_prone_hamstring","Assisted Prone Hamstring","Hamstrings","Hamstrings","Hamstrings, Thighs","Assisted","Thighs","","1","44","missing_video"
"3303","band_lying_leg_curl","Band lying leg curl","Hamstrings","Biceps","Hamstrings, Thighs","Band","Thighs","","1","44","missing_video;muscle_mismatch:Hamstrings->Biceps;image_target:Thighs"
"3304","band_standing_leg_curl_band_standing_leg_curl_6z5","Band standing leg curl","Hamstrings","Biceps","Hamstrings, Thighs","Band","Thighs","Thighs","2","74","muscle_mismatch:Hamstrings->Biceps;image_target:Thighs;video_target:Thighs;duplicate_group"
"3305","band_standing_leg_curl","Band Standing Leg Curl","Hamstrings","Biceps","Hamstrings, Thighs","Band","Thighs","Thighs","2","74","muscle_mismatch:Hamstrings->Biceps;image_target:Thighs;video_target:Thighs;duplicate_group"
"3306","band_straight_leg_deadlift","Band straight leg deadlift","Hamstrings","Posterior","Back","Band","Back","","1","44","missing_video;muscle_mismatch:Hamstrings->Posterior"
"3307","barbell_complex_stiff_leg_deadlift_clean_step","Barbell Complex - Stiff Leg Deadlift - Clean - Step","Hamstrings","Posterior","Thighs","Barbell","","","1","44","missing_video;muscle_mismatch:Hamstrings->Posterior"
"3308","barbell_good_morning","Barbell Good Morning","Hamstrings","Posterior","Hamstrings, Thighs","Barbell","Thighs","Thighs","1","74","muscle_mismatch:Hamstrings->Posterior;reviewed_good_morning"
"3309","barbell_straight_leg_deadlift_barbell_straight_leg_deadlift_62o","Barbell Straight Leg Deadlift","Hamstrings","Posterior","Hamstrings, Thighs","Barbell","Thighs","Thighs","1","74","muscle_mismatch:Hamstrings->Posterior"
"3310","cable_assisted_inverse_leg_curl","Cable Assisted Inverse Leg Curl","Hamstrings","Biceps","Quadriceps, Hamstrings, Thighs","Cable","Thighs","Thighs","1","74","muscle_mismatch:Hamstrings->Biceps;image_target:Thighs;video_target:Thighs"
"3311","dumbbell_decline_lying_leg_curl","Dumbbell Decline Lying Leg Curl","Hamstrings","Biceps","Thighs","Dumbbell","Thighs","","1","44","missing_video;muscle_mismatch:Hamstrings->Biceps;image_target:Thighs"
"3312","dumbbell_lying_hamstring_curl","Dumbbell Lying Hamstring Curl","Hamstrings","Biceps","Hamstrings, Thighs","Dumbbell","Thighs","Thighs","1","74","muscle_mismatch:Hamstrings->Biceps;image_target:Thighs;video_target:Thighs"
"3313","exercise_ball_seated_hamstring_stretch","Exercise Ball Seated Hamstring Stretch","Hamstrings","Hamstrings","Hamstrings, Thighs","Stability ball","Thighs","","1","44","missing_video"
"3314","front_hamstring_stretch","Front Hamstring Stretch","Hamstrings","Hamstrings","Hamstrings, Thighs","Body weight","","","1","44","missing_video"
"3315","good_morning","Good Morning","Hamstrings","Posterior","Hamstrings, Thighs","Barbell","Thighs","Thighs","1","74","muscle_mismatch:Hamstrings->Posterior;reviewed_good_morning"
"3316","hamstring_stretch","Hamstring Stretch","Hamstrings","Hamstrings","Hamstrings, Thighs","Body weight","Thighs","Thighs","2","74","duplicate_group"
"3317","hamstring_stretch_hamstring_stretch_724","Hamstring Stretch","Hamstrings","Hamstrings","Hamstrings, Thighs","Body weight","Thighs","Thighs","2","74","duplicate_group"
"3318","hamstrings","Hamstrings","Hamstrings","Hamstrings","Hamstrings, Thighs","Body weight","","","1","24","missing_image;missing_video"
"3319","hamstrings_lying_stretch","Hamstrings Lying Stretch","Hamstrings","Hamstrings","Hamstrings, Thighs","Body weight","Thighs","","1","44","missing_video"
"3320","inverse_leg_curl","Inverse Leg Curl","Hamstrings","Biceps","Hamstrings, Thighs","Body weight","Thighs","","2","44","missing_video;muscle_mismatch:Hamstrings->Biceps;image_target:Thighs;duplicate_group"
"3321","inverse_leg_curl_inverse_leg_curl_7y7","Inverse Leg Curl","Hamstrings","Biceps","Hamstrings, Thighs","Body weight","Thighs","Thighs","2","74","muscle_mismatch:Hamstrings->Biceps;image_target:Thighs;video_target:Thighs;duplicate_group"
"3322","kneeling_toe_up_hamstring_stretch","Kneeling Toe Up Hamstring Stretch","Hamstrings","Hamstrings","Hamstrings, Thighs","Body weight","Thighs","Thighs","1","74",""
"3323","leg_curl","Leg Curl","Hamstrings","Biceps","Hamstrings, Thighs","Stability ball","Thighs","Thighs","1","74","muscle_mismatch:Hamstrings->Biceps;image_target:Thighs;video_target:Thighs"
"3324","leg_up_hamstring_stretch","Leg Up Hamstring Stretch","Hamstrings","Hamstrings","Hamstrings, Thighs","Body weight","Thighs","","1","44","missing_video"
"3325","lever_kneeling_leg_curl_lever_kneeling_leg_curl_6pm","Lever Kneeling Leg Curl","Hamstrings","Biceps","Hamstrings, Thighs","Leverage machine","Thighs","Thighs","3","74","muscle_mismatch:Hamstrings->Biceps;image_target:Thighs;video_target:Thighs;duplicate_group"
"3326","lever_kneeling_leg_curl","Lever Kneeling Leg Curl","Hamstrings","Biceps","Hamstrings, Thighs","Leverage machine","Thighs","Thighs","3","74","muscle_mismatch:Hamstrings->Biceps;image_target:Thighs;video_target:Thighs;duplicate_group"
"3327","lever_kneeling_leg_curl_lever_kneeling_leg_curl_0z","Lever Kneeling Leg Curl","Hamstrings","Biceps","Hamstrings, Thighs","Leverage machine","Thighs","Thighs","3","74","muscle_mismatch:Hamstrings->Biceps;image_target:Thighs;video_target:Thighs;duplicate_group"
"3328","lever_lying_leg_curl_lever_lying_leg_curl_7t2","Lever Lying Leg Curl","Hamstrings","Biceps","Hamstrings, Thighs","Leverage machine","Thighs","Thighs","3","74","muscle_mismatch:Hamstrings->Biceps;image_target:Thighs;video_target:Thighs;duplicate_group"
"3329","lever_lying_leg_curl_lever_lying_leg_curl_0c","Lever Lying Leg Curl","Hamstrings","Biceps","Hamstrings, Thighs","Leverage machine","Thighs","Thighs","3","74","muscle_mismatch:Hamstrings->Biceps;image_target:Thighs;video_target:Thighs;duplicate_group"
"3330","lever_lying_leg_curl","Lever Lying Leg Curl","Hamstrings","Biceps","Hamstrings, Thighs","Leverage machine","Thighs","Thighs","3","74","muscle_mismatch:Hamstrings->Biceps;image_target:Thighs;video_target:Thighs;duplicate_group"
"3331","lever_lying_single_leg_curl_lever_lying_single_leg_curl_9h1","Lever Lying Single Leg Curl","Hamstrings","Biceps","Hamstrings, Thighs","Leverage machine","","Thighs","2","54","missing_image;muscle_mismatch:Hamstrings->Biceps;video_target:Thighs;duplicate_group"
"3332","lever_lying_single_leg_curl","Lever Lying Single Leg Curl","Hamstrings","Biceps","Hamstrings, Thighs","Leverage machine","Thighs","Thighs","2","74","muscle_mismatch:Hamstrings->Biceps;image_target:Thighs;video_target:Thighs;duplicate_group"
"3333","lever_lying_two_one_leg_curl","Lever Lying Two-One Leg Curl","Hamstrings","Biceps","Hamstrings, Thighs","Leverage machine","Thighs","","1","44","missing_video;muscle_mismatch:Hamstrings->Biceps;image_target:Thighs"
"3334","lever_seated_leg_curl","Lever Seated Leg Curl","Hamstrings","Biceps","Hamstrings, Thighs","Leverage machine","Thighs","Thighs","3","74","muscle_mismatch:Hamstrings->Biceps;image_target:Thighs;video_target:Thighs;duplicate_group"
"3335","lever_seated_leg_curl_lever_seated_leg_curl_11","Lever Seated Leg Curl","Hamstrings","Biceps","Hamstrings, Thighs","Leverage machine","Thighs","Thighs","3","74","muscle_mismatch:Hamstrings->Biceps;image_target:Thighs;video_target:Thighs;duplicate_group"
"3336","lever_seated_leg_curl_lever_seated_leg_curl_6pd","Lever Seated Leg Curl","Hamstrings","Biceps","Hamstrings, Thighs","Leverage machine","Thighs","Thighs","3","74","muscle_mismatch:Hamstrings->Biceps;image_target:Thighs;video_target:Thighs;duplicate_group"
"3337","lever_seated_one_leg_curl","Lever Seated One Leg Curl","Hamstrings","Biceps","Hamstrings, Thighs","Leverage machine","Thighs","Thighs","1","74","muscle_mismatch:Hamstrings->Biceps;image_target:Thighs;video_target:Thighs"
"3338","lever_standing_leg_curl","Lever Standing Leg Curl","Hamstrings","Biceps","Thighs","Leverage machine","Thighs","","1","44","missing_video;muscle_mismatch:Hamstrings->Biceps;image_target:Thighs"
"3339","resistance_band_assisted_nordic_hamstring_curl","Resistance Band Assisted Nordic Hamstring Curl","Hamstrings","Biceps","Hamstrings, Thighs","Resistance Band","Thighs","","1","44","missing_video;muscle_mismatch:Hamstrings->Biceps;image_target:Thighs"
"3340","resistance_band_leg_curl_resistance_band_leg_curl_96v","Resistance Band Leg Curl","Hamstrings","Biceps","Hamstrings, Thighs","Resistance Band","Thighs","Thighs","2","74","muscle_mismatch:Hamstrings->Biceps;image_target:Thighs;video_target:Thighs;duplicate_group"
"3341","resistance_band_leg_curl","Resistance Band Leg Curl","Hamstrings","Biceps","Hamstrings, Thighs","Resistance Band","Thighs","Thighs","2","74","muscle_mismatch:Hamstrings->Biceps;image_target:Thighs;video_target:Thighs;duplicate_group"
"3342","resistance_band_seated_single_leg_curl","Resistance Band Seated Single Leg Curl","Hamstrings","Biceps","Hamstrings, Thighs","Resistance Band","Thighs","","1","44","missing_video;muscle_mismatch:Hamstrings->Biceps;image_target:Thighs"
"3343","resistance_band_single_stiff_leg_deadlift_with_single_arm_row","Resistance Band Single Stiff Leg Deadlift with Single Arm Row","Hamstrings","Posterior","Back","Resistance Band","","","1","44","missing_video;muscle_mismatch:Hamstrings->Posterior"
"3344","roll_hamstrings_sitting_on_floor","Roll Hamstrings Sitting on Floor","Hamstrings","Hamstrings","Hamstrings, Thighs","Roll","Shoulders","Shoulders","1","74","image_target:Shoulders;video_target:Shoulders"
"3345","seated_single_leg_hamstring_stretch","Seated Single Leg Hamstring Stretch","Hamstrings","Hamstrings","Hamstrings, Thighs","Body weight","Thighs","Thighs","1","74",""
"3346","self_assisted_inverse_leg_curl_self_assisted_inverse_leg_curl_6ss","Self assisted Inverse Leg Curl","Hamstrings","Biceps","Hamstrings, Thighs","Body weight","Thighs","","4","44","missing_video;muscle_mismatch:Hamstrings->Biceps;image_target:Thighs;duplicate_group"
"3347","self_assisted_inverse_leg_curl","Self assisted Inverse Leg Curl","Hamstrings","Biceps","Hamstrings, Thighs","Body weight","Thighs","","4","44","missing_video;muscle_mismatch:Hamstrings->Biceps;image_target:Thighs;duplicate_group"
"3348","self_assisted_inverse_leg_curl_self_assisted_inverse_leg_curl_7hy","Self assisted Inverse Leg Curl","Hamstrings","Biceps","Thighs","Body weight","Thighs","","4","44","missing_video;muscle_mismatch:Hamstrings->Biceps;image_target:Thighs;duplicate_group"
"3349","self_assisted_inverse_leg_curl_self_assisted_inverse_leg_curl_8sq","Self-Assisted Inverse Leg Curl","Hamstrings","Biceps","Hamstrings, Thighs","Body weight","Thighs","Thighs","4","74","muscle_mismatch:Hamstrings->Biceps;image_target:Thighs;video_target:Thighs;duplicate_group"
"3350","sliding_leg_curl_on_floor_with_towel_sliding_leg_curl_on_floor_with_towel_8z8","Sliding Leg Curl on Floor with Towel","Hamstrings","Biceps","Hamstrings, Thighs","Body weight","Thighs","","1","44","missing_video;muscle_mismatch:Hamstrings->Biceps;image_target:Thighs"
"3351","standing_hamstring_stretch","Standing Hamstring Stretch","Hamstrings","Hamstrings","Hamstrings, Thighs","Body weight","Thighs","Thighs","1","74",""
"3352","standing_hamstrings_and_back_stretch","Standing Hamstrings and Back Stretch","Hamstrings","Hamstrings","Hamstrings, Thighs","Body weight","Back","","1","44","missing_video"
"3353","standing_high_leg_bent_knee_hamstring_stretch","Standing High Leg Bent Knee Hamstring Stretch","Hamstrings","Hamstrings","Hamstrings, Thighs","Body weight","Thighs","","1","44","missing_video"
"3354","standing_leg_curl","Standing Leg Curl","Hamstrings","Biceps","Thighs","Cable","Thighs","","1","44","missing_video;muscle_mismatch:Hamstrings->Biceps;image_target:Thighs"
"3355","standing_leg_up_hamstring_stretch","Standing Leg Up Hamstring Stretch","Hamstrings","Hamstrings","Hamstrings, Thighs","Body weight","Thighs","","1","44","missing_video"
"3356","standing_reach_down_hamstring_crossed_legs_stretch","Standing Reach Down Hamstring Crossed Legs Stretch","Hamstrings","Hamstrings","Hamstrings, Thighs","Body weight","Thighs","Thighs","1","74",""
"3357","standing_reach_down_hamstring_stretch","Standing Reach Down Hamstring Stretch","Hamstrings","Hamstrings","Hamstrings, Thighs","Body weight","Thighs","","1","44","missing_video"
"3358","standing_single_leg_curl","Standing Single Leg Curl","Hamstrings","Biceps","Hamstrings, Thighs","Body weight","Thighs","Thighs","1","74","muscle_mismatch:Hamstrings->Biceps;image_target:Thighs;video_target:Thighs"
"3359","standing_straight_leg_hamstring_contract_relax_on_exercise_ball","Standing Straight Leg Hamstring Contract Relax on Exercise Ball","Hamstrings","Hamstrings","Hamstrings, Thighs","Stability ball","Thighs","","1","44","missing_video"
"3360","standing_toe_down_hamstring_stretch","Standing Toe Down Hamstring Stretch","Hamstrings","Hamstrings","Hamstrings, Thighs","Body weight","Thighs","","1","44","missing_video"
"3361","standing_toe_up_hamstring_stretch","Standing Toe Up Hamstring Stretch","Hamstrings","Hamstrings","Hamstrings, Thighs","Body weight","Thighs","","1","44","missing_video"
"3362","straight_leg_deadlift","Straight Leg Deadlift","Hamstrings","Posterior","Hamstrings, Thighs","Barbell","Thighs","Thighs","1","74","muscle_mismatch:Hamstrings->Posterior"
"3363","suspension_hamstring_runner","Suspension Hamstring Runner","Hamstrings","Hamstrings","Hamstrings, Thighs","Suspension","Thighs","","1","44","missing_video"
"3364","suspension_leg_curl","Suspension Leg Curl","Hamstrings","Biceps","Hamstrings, Thighs","Suspension","Thighs","Thighs","1","74","muscle_mismatch:Hamstrings->Biceps;image_target:Thighs;video_target:Thighs"
"3365","suspension_straight_hip_leg_curl","Suspension Straight Hip Leg Curl","Hamstrings","Biceps","Hamstrings, Thighs","Suspension","Thighs","","1","44","missing_video;muscle_mismatch:Hamstrings->Biceps;image_target:Thighs"
"3366","tiger_tail_hamstring","Tiger Tail Hamstring","Hamstrings","Hamstrings","Hamstrings, Thighs","Body weight","Thighs","","1","44","missing_video"
"3367","assisted_chin_tuck","Assisted Chin Tuck","Neck","Custom","Neck","Body weight","Neck","","2","44","missing_video;image_target:Neck;duplicate_group"
"3368","assisted_chin_tuck_assisted_chin_tuck_8ib","Assisted Chin Tuck","Neck","Custom","Neck","Assisted","Neck","","2","44","missing_video;image_target:Neck;duplicate_group"
"3369","assisted_rotating_neck_stretch","Assisted Rotating Neck Stretch","Neck","Neck","Neck","Body weight","Neck","","1","44","missing_video"
"3370","band_behind_neck_shoulder_press","Band Behind Neck Shoulder Press","Neck","Neck","Shoulders","Band","Shoulders","Shoulders","1","74","image_target:Shoulders;video_target:Shoulders"
"3371","cable_seated_neck_extension","Cable Seated Neck Extension","Neck","Neck","Neck","Cable","Neck","Neck","1","74",""
"3372","cable_seated_neck_flexion","Cable Seated Neck Flexion","Neck","Neck","Neck","Cable","Neck","Neck","1","74",""
"3373","cable_wide_grip_rear_pulldown_behind_neck","Cable Wide Grip Rear Pulldown Behind Neck","Neck","Neck","Back","Cable","Back","","1","44","missing_video;image_target:Back"
"3374","chin_tuck","Chin Tuck","Neck","Custom","Neck","Body weight","Neck","","2","44","missing_video;image_target:Neck;duplicate_group"
"3375","chin_tuck_chin_tuck_8ia","Chin Tuck","Neck","Custom","Neck","Body weight","Neck","","2","44","missing_video;image_target:Neck;duplicate_group"
"3376","diagonal_flexion_neck_stretch","Diagonal Flexion Neck Stretch","Neck","Neck","Neck","Body weight","Neck","","1","44","missing_video"
"3377","extension_and_inclination_neck_stretch","Extension And Inclination Neck Stretch","Neck","Neck","Neck","Body weight","Neck","Neck","1","74",""
"3378","forward_flexion_neck_stretch","Forward Flexion Neck Stretch","Neck","Neck","Neck","Body weight","Neck","Neck","1","74",""
"3379","front_and_back_neck_stretch","Front and Back Neck Stretch","Neck","Neck","Neck","Body weight","Neck","Neck","1","74",""
"3380","lever_neck_extension","Lever Neck Extension","Neck","Neck","Neck","Leverage machine","Neck","","1","44","missing_video"
"3381","lever_neck_left_side_flexion","Lever Neck Left Side Flexion","Neck","Neck","Neck","Leverage machine","Neck","","1","44","missing_video"
"3382","lever_neck_right_side_flexion","Lever Neck Right Side Flexion","Neck","Neck","Neck","Leverage machine","Neck","","1","44","missing_video"
"3383","lying_neck_extension","Lying Neck Extension","Neck","Neck","Neck","Weighted","Neck","","1","44","missing_video"
"3384","lying_neck_extension_stretch","Lying Neck Extension Stretch","Neck","Neck","Neck","Body weight","Neck","","1","44","missing_video"
"3385","lying_neck_extensor_stretch","Lying Neck Extensor Stretch","Neck","Neck","Neck","Body weight","Neck","","1","44","missing_video"
"3386","lying_neck_flexion","Lying Neck Flexion","Neck","Neck","Neck","Weighted","Neck","Neck","1","74",""
"3387","lying_neck_pull","Lying Neck Pull","Neck","Neck","Waist","Body weight","Neck","","1","44","missing_video"
"3388","lying_side_lifting_head","Lying Side Lifting Head","Neck","Custom","Neck","Weighted","Neck","","1","74","image_target:Neck"
"3389","neck_bridge_prone","Neck Bridge Prone","Neck","Neck","Neck","Body weight","Neck","","1","44","missing_video"
"3390","neck_circle_stretch","Neck Circle Stretch","Neck","Neck","Neck","Body weight","Neck","Neck","1","74",""
"3391","neck_extension_stretch","Neck Extension Stretch","Neck","Neck","Neck","Body weight","Neck","","1","44","missing_video"
"3392","neck_extensor_and_rotational_stretch","Neck Extensor And Rotational Stretch","Neck","Neck","Neck","Body weight","Neck","","1","44","missing_video"
"3393","neck_extensor_stretch","Neck Extensor Stretch","Neck","Neck","Back","Body weight","Neck","","1","44","missing_video"
"3394","neck_flexor_and_rotational_stretch","Neck Flexor And Rotational Stretch","Neck","Neck","Neck","Body weight","Neck","","1","44","missing_video"
"3395","neck_flexor_stretch","Neck Flexor Stretch","Neck","Neck","Neck","Body weight","Neck","","1","44","missing_video"
"3396","neck_protraction_stretch","Neck Protraction Stretch","Neck","Neck","Neck","Body weight","Neck","","1","44","missing_video"
"3397","neck_side_stretch","Neck Side Stretch","Neck","Neck","Neck","Body weight","Neck","Neck","2","74","duplicate_group"
"3398","neck_side_stretch_neck_side_stretch_79z","Neck Side Stretch","Neck","Neck","Neck","Body weight","Neck","Neck","2","74","duplicate_group"
"3399","omohyoid","Omohyoid","Neck","Custom","Neck","Body weight","","","1","24","missing_image;missing_video"
"3400","rotating_neck_stretch","Rotating Neck Stretch","Neck","Neck","Neck","Body weight","Neck","Neck","1","74",""
"3401","seated_flexion_and_extension_neck","Seated Flexion And Extension Neck","Neck","Neck","Neck","Body weight","Neck","Neck","1","74",""
"3402","seated_neck_extension","Seated Neck Extension","Neck","Neck","Neck","Weighted","Neck","Neck","1","74",""
"3403","side_neck_stretch","Side Neck Stretch","Neck","Neck","Neck","Body weight","Neck","Neck","1","74",""
"3404","side_push_neck_stretch","Side Push Neck Stretch","Neck","Neck","Neck","Body weight","Neck","Neck","1","74",""
"3405","sitting_neck_flexion_stretch","Sitting Neck Flexion Stretch","Neck","Neck","Neck","Body weight","Neck","","1","44","missing_video"
"3406","smith_behind_neck_press_smith_behind_neck_press_1t","Smith Behind Neck Press","Neck","Neck","Shoulders","Smith machine","Shoulders","Shoulders","2","74","image_target:Shoulders;video_target:Shoulders;duplicate_group"
"3407","smith_behind_neck_press","Smith Behind Neck Press","Neck","Neck","Shoulders","Smith machine","Shoulders","Shoulders","2","74","image_target:Shoulders;video_target:Shoulders;duplicate_group"
"3408","standing_behind_neck_press","Standing Behind Neck Press","Neck","Neck","Shoulders","Barbell","Shoulders","Shoulders","1","74","image_target:Shoulders;video_target:Shoulders"
"3409","sternocleidomastoid","Sternocleidomastoid","Neck","Custom","Neck","Body weight","","","1","24","missing_image;missing_video"
"3410","sternohyoid","Sternohyoid","Neck","Custom","Neck","Body weight","","","1","24","missing_image;missing_video"
"3411","tiger_tail_neck","Tiger Tail Neck","Neck","Neck","Neck","Body weight","Neck","","1","44","missing_video"
"3412","trap_and_neck_stretch","Trap and Neck Stretch","Neck","Neck","Back","Body weight","Back","","1","44","missing_video;image_target:Back"
"3413","weighted_lying_neck_extension","Weighted Lying Neck Extension","Neck","Neck","Neck","Weighted","Neck","","1","44","missing_video"
"3414","weighted_lying_neck_flexion","Weighted Lying Neck Flexion","Neck","Neck","Neck","Weighted","Neck","","1","44","missing_video"
"3415","weighted_lying_neck_head_twist","Weighted Lying Neck Head Twist","Neck","Neck","Neck","Weighted","Neck","","1","44","missing_video"
"3416","weighted_lying_neck_side_to_side","Weighted Lying Neck Side to Side","Neck","Neck","Neck","Weighted","Neck","","1","44","missing_video"
"3417","weighted_lying_side_lifting_head","Weighted Lying Side Lifting Head","Neck","Custom","Neck","Weighted","Neck","","1","74","image_target:Neck"
"3418","weighted_lying_side_neck_raise","Weighted Lying Side Neck Raise","Neck","Neck","Neck","Weighted","Neck","","1","44","missing_video"
"3419","weighted_seated_neck_extension","Weighted Seated Neck Extension","Neck","Neck","Neck","Weighted","Neck","Neck","1","74",""
"3420","weighted_side_lying_side_neck_raise","Weighted Side Lying Side Neck Raise","Neck","Neck","Neck","Weighted","Neck","","1","44","missing_video"
"3421","weighted_standing_neck_extension","Weighted Standing Neck Extension","Neck","Neck","Neck","Weighted","Neck","Neck","1","74",""
"3422","wide_grip_rear_pulldown_behind_neck","Wide Grip Rear Pulldown Behind Neck","Neck","Neck","Back","Cable","Neck","Neck","1","74",""
"3423","45_degree_hyperextension_45_degree_hyperextension_6xt","45 degree hyperextension","Posterior","Custom","Back","Body weight","Back","Back","1","74","image_target:Back;video_target:Back"
"3424","back_extension_on_exercise_ball","Back Extension on Exercise Ball","Posterior","Posterior","Back","Stability ball","Back","Back","1","74",""
"3425","band_back_extension","Band back extension","Posterior","Posterior","Back","Band","Back","","1","44","missing_video"
"3426","band_hyperextension","Band hyperextension","Posterior","Custom","Back","Band","Back","","1","44","missing_video;image_target:Back"
"3427","barbell_clean_deadlift","Barbell Clean Deadlift","Posterior","Posterior","Thighs","Barbell","Thighs","Thighs","1","74",""
"3428","barbell_deadlift_back_view","Barbell Deadlift back view","Posterior","Posterior","Back","Barbell","Back","","1","44","missing_video"
"3429","barbell_deadlift_front_view","Barbell Deadlift front view","Posterior","Posterior","Back","Barbell","","","1","44","missing_video"
"3430","barbell_one_arm_side_deadlift","Barbell One Arm Side Deadlift","Posterior","Posterior","Quadriceps, Thighs","Barbell","Thighs","Thighs","1","74",""
"3431","barbell_snatch_deadlift","Barbell Snatch Deadlift","Posterior","Posterior","Thighs","Barbell","Thighs","Thighs","1","74",""
"3432","bodyweight_single_leg_deadlift","Bodyweight Single Leg Deadlift","Posterior","Posterior","Thighs","Body weight","Thighs","Thighs","1","74",""
"3433","cable_deadlift_cable_deadlift_8fe","Cable Deadlift","Posterior","Posterior","Thighs","Cable","Thighs","","2","44","missing_video;duplicate_group"
"3434","cable_deadlift","Cable Deadlift","Posterior","Posterior","Quadriceps, Thighs","Cable","Thighs","Thighs","2","74","duplicate_group"
"3435","deadlift_deadlift_8n","Deadlift","Posterior","Posterior","Back","Dumbbell","Back","Glutes","1","74",""
"3436","deadlift_back","Deadlift - Back","Posterior","Posterior","Thighs","Barbell","Back","","1","44","missing_video"
"3437","dumbbell_deadlift","Dumbbell Deadlift","Posterior","Posterior","Thighs","Dumbbell","Back","Back","2","74","duplicate_group"
"3438","dumbbell_deadlift_dumbbell_deadlift_6hs","Dumbbell Deadlift","Posterior","Posterior","Back","Dumbbell","Back","Glutes","2","74","duplicate_group"
"3439","exercise_ball_back_extension_with_arms_extended","Exercise Ball Back Extension With Arms Extended","Posterior","Posterior","Back","Stability ball","Back","","1","44","missing_video"
"3440","exercise_ball_back_extension_with_hands_behind_head","Exercise Ball Back Extension With Hands Behind Head","Posterior","Posterior","Back","Stability ball","Back","Back","2","74","duplicate_group"
"3441","exercise_ball_back_extension_with_hands_behind_head_exercise_ball_back_extension_with_hands_behind_head_78h","Exercise Ball Back Extension With Hands Behind Head","Posterior","Posterior","Back","Stability ball","Back","","2","44","missing_video;duplicate_group"
"3442","exercise_ball_back_extension_with_knees_off_ground","Exercise Ball Back Extension With Knees Off Ground","Posterior","Posterior","Back","Stability ball","Back","","1","44","missing_video"
"3443","exercise_ball_back_extension_with_rotation","Exercise Ball Back Extension With Rotation","Posterior","Posterior","Back","Stability ball","Back","","1","44","missing_video"
"3444","lever_deadlift","Lever Deadlift","Posterior","Posterior","Quadriceps, Thighs","Leverage machine","Thighs","Thighs","2","74","duplicate_group"
"3445","lever_deadlift_lever_deadlift_0v","Lever Deadlift","Posterior","Posterior","Quadriceps, Thighs","Leverage machine","Thighs","Thighs","2","74","duplicate_group"
"3446","resistance_band_deadlift_with_single_arm_row","Resistance Band Deadlift with Single Arm Row","Posterior","Posterior","Back","Resistance Band","","","1","44","missing_video"
"3447","resistance_band_floor_hyperextension","Resistance Band Floor Hyperextension","Posterior","Custom","Back","Resistance Band","Back","","1","44","missing_video;image_target:Back"
"3448","smith_one_leg_deadlift","Smith One Leg Deadlift","Posterior","Posterior","Back","Smith machine","Back","","1","44","missing_video"
"3449","strongman_deadlift","StrongMan Deadlift","Posterior","Posterior","Thighs","Barbell","","","1","44","missing_video"
"3450","sumo_deadlift_high_pull","Sumo Deadlift High Pull","Posterior","Posterior","Shoulders","Barbell","Thighs","Thighs","1","74",""
"3451","suspension_hyperextension","Suspension Hyperextension","Posterior","Custom","Back","Suspension","Back","","1","44","missing_video;image_target:Back"
"3452","trap_bar_deadlift","Trap Bar Deadlift","Posterior","Posterior","Quadriceps, Thighs","Trap bar","Thighs","Thighs","1","74",""
"3453","1_to_2_jump_box","1 to 2 Jump Box","Quads","Custom","Plyometrics","Body weight","","","2","44","missing_video;duplicate_group"
"3454","2_to_1_jump_box","2 to 1 Jump Box","Quads","Custom","Plyometrics","Body weight","","","2","44","missing_video;duplicate_group"
"3455","aerial_squat","Aerial Squat","Quads","Quads","Quadriceps, Thighs","Body weight","Thighs","","1","44","missing_video"
"3456","air_squat","Air Squat","Quads","Quads","Thighs","Body weight","Thighs","","2","44","missing_video;duplicate_group"
"3457","air_squat_air_squat_9nx","Air Squat","Quads","Quads","Thighs","Body weight","Thighs","","2","44","missing_video;duplicate_group"
"3458","all_fours_squad_stretch","All Fours Squad Stretch","Quads","Custom","Thighs","Body weight","Thighs","Thighs","2","74","image_target:Thighs;video_target:Thighs;duplicate_group"
"3459","all_fours_squad_stretch_all_fours_squad_stretch_72f","All Fours Squad Stretch","Quads","Custom","Thighs","Body weight","Thighs","Thighs","2","74","image_target:Thighs;video_target:Thighs;duplicate_group"
"3460","alternate_heel_touch_side_kick_squat","Alternate Heel Touch Side Kick Squat","Quads","Quads","Quadriceps, Thighs","Body weight","Thighs","Thighs","1","74",""
"3461","alternate_sprinter_lunge","Alternate Sprinter Lunge","Quads","Quads","Quadriceps, Thighs","Body weight","Thighs","Thighs","1","74",""
"3462","alternating_step_out","Alternating Step Out","Quads","Custom","Plyometrics","Body weight","","","1","54","missing_image"
"3463","answer_in_medial","Answer in Medial","Quads","Custom","Thighs","Body weight","","","1","24","missing_image;missing_video"
"3464","assisted_bulgarian_split_squat","Assisted Bulgarian Split Squat","Quads","Quads","Thighs","Body weight","Thighs","","1","44","missing_video"
"3465","assisted_pistol_squat_with_bed_sheet","Assisted Pistol Squat with Bed Sheet","Quads","Quads","Quadriceps, Thighs","Body weight","Thighs","","1","44","missing_video"
"3466","assisted_prone_lying_quadriceps_stretch","Assisted Prone Lying Quadriceps Stretch","Quads","Custom","Thighs","Assisted","Thighs","","1","44","missing_video;image_target:Thighs"
"3467","assisted_single_leg_press","Assisted Single Leg Press","Quads","Quads","Thighs","Leverage machine","Thighs","Thighs","1","74",""
"3468","backward_jump","Backward Jump","Quads","Back","Plyometrics","Body weight","","","1","44","missing_video;muscle_mismatch:Quads->Back"
"3469","band_high_knee_lunge_with_single_arm_row","Band High Knee Lunge with Single Arm Row","Quads","Quads","Thighs","Band","Thighs","","1","44","missing_video"
"3470","band_jump_lunge_with_single_arm_row","Band Jump Lunge with Single Arm Row","Quads","Quads","Thighs","Band","","","1","44","missing_video"
"3471","band_lunges","Band Lunges","Quads","Quads","Quadriceps, Thighs","Band","Thighs","","1","44","missing_video"
"3472","band_seated_leg_extension_band_seated_leg_extension_8sb","Band Seated Leg Extension","Quads","Quads","Quadriceps, Thighs","Band","Thighs","Thighs","2","74","duplicate_group"
"3473","band_seated_leg_extension","Band Seated Leg Extension","Quads","Quads","Quadriceps, Thighs","Band","Thighs","Thighs","2","74","duplicate_group"
"3474","band_split_jump_with_single_arm_row","Band Split Jump with Single Arm Row","Quads","Back","Thighs","Band","","","1","44","missing_video;muscle_mismatch:Quads->Back"
"3475","band_split_squat","Band Split Squat","Quads","Quads","Quadriceps, Thighs","Band","","Thighs","1","54","missing_image"
"3476","band_split_squat_with_horizontal_pallof_hold","Band Split Squat with Horizontal Pallof Hold","Quads","Quads","Thighs","Band","","","1","44","missing_video"
"3477","band_squat_row","Band squat row","Quads","Quads","Back","Band","Back","","1","44","missing_video;image_target:Back"
"3478","band_squat_with_horizontal_pallof_hold","Band Squat with Horizontal Pallof Hold","Quads","Quads","Thighs","Band","Thighs","","1","44","missing_video"
"3479","band_squat_with_single_arm_row","Band Squat with Single Arm Row","Quads","Quads","Thighs","Band","Thighs","","1","44","missing_video"
"3480","band_standing_leg_extension","Band standing leg extension","Quads","Quads","Quadriceps, Thighs","Band","Thighs","","1","44","missing_video"
"3481","band_thruster","Band Thruster","Quads","Custom","Thighs","Band","","Thighs","2","74","video_target:Thighs;duplicate_group"
"3482","band_thruster_band_thruster_83b","Band Thruster","Quads","Custom","Thighs","Band","","","2","44","missing_video;duplicate_group"
"3483","bar_band_lying_alternate_leg_press","Bar Band Lying Alternate Leg Press","Quads","Quads","Quadriceps, Thighs","Stick","Thighs","","1","44","missing_video"
"3484","bar_band_split_squat","Bar Band Split Squat","Quads","Quads","Quadriceps, Thighs","Stick","Thighs","","1","44","missing_video"
"3485","bar_band_squat","Bar Band Squat","Quads","Quads","Quadriceps, Thighs","Stick","Thighs","","1","44","missing_video"
"3486","barbell_banded_bench_squat","Barbell Banded Bench Squat","Quads","Quads","Thighs","Barbell","Thighs","","1","44","missing_video"
"3487","barbell_banded_squat","Barbell Banded Squat","Quads","Quads","Quadriceps, Thighs","Barbell","Thighs","","1","44","missing_video"
"3488","barbell_bench_front_squat","Barbell Bench Front Squat","Quads","Quads","Quadriceps, Thighs","Barbell","Thighs","","2","44","missing_video;duplicate_group"
"3489","barbell_bench_front_squat_barbell_bench_front_squat_69e","Barbell Bench Front Squat","Quads","Quads","Quadriceps, Thighs","Barbell","Thighs","","2","44","missing_video;duplicate_group"
"3490","barbell_bench_squat","Barbell Bench Squat","Quads","Quads","Thighs","Barbell","Thighs","","2","44","missing_video;duplicate_group"
"3491","barbell_bench_squat_barbell_bench_squat_7t4","Barbell Bench Squat","Quads","Quads","Quadriceps, Thighs","Barbell","Thighs","Thighs","2","74","duplicate_group"
"3492","barbell_clean_and_press","Barbell Clean and Press","Quads","Custom","Thighs","Barbell","Shoulders","Shoulders","1","74","image_target:Shoulders;video_target:Shoulders"
"3493","barbell_clean_grip_front_squat","Barbell Clean-grip Front Squat","Quads","Quads","Quadriceps, Thighs","Barbell","Thighs","Thighs","1","74",""
"3494","barbell_curtsey_lunge","Barbell Curtsey Lunge","Quads","Quads","Quadriceps, Thighs","Barbell","Thighs","Thighs","1","74",""
"3495","barbell_decline_bench_lunge","Barbell Decline Bench Lunge","Quads","Quads","Thighs","Barbell","Thighs","","1","44","missing_video"
"3496","barbell_elevated_heel_squat","Barbell Elevated Heel Squat","Quads","Quads","Thighs","Barbell","Thighs","","1","44","missing_video"
"3497","barbell_front_bench_squat","Barbell Front Bench Squat","Quads","Quads","Quadriceps, Thighs","Barbell","Thighs","Thighs","1","74",""
"3498","barbell_front_chest_squat","Barbell Front Chest Squat","Quads","Quads","Quadriceps, Thighs","Barbell","Thighs","Thighs","1","74",""
"3499","barbell_front_chest_squat_with_resistance_band","Barbell Front Chest Squat with Resistance Band","Quads","Quads","Thighs","Barbell","Thighs","","1","44","missing_video"
"3500","barbell_front_rack_lunge","Barbell Front Rack Lunge","Quads","Quads","Quadriceps, Thighs","Barbell","","Thighs","2","54","missing_image;duplicate_group"
"3501","barbell_front_rack_lunge_barbell_front_rack_lunge_9g5","Barbell Front Rack Lunge","Quads","Quads","Thighs","Barbell","Thighs","","2","44","missing_video;duplicate_group"
"3502","barbell_front_rack_rear_lunge","Barbell Front Rack Rear Lunge","Quads","Quads","Thighs","Barbell","Thighs","","1","44","missing_video"
"3503","barbell_front_rack_split_squat","Barbell Front Rack Split Squat","Quads","Quads","Thighs","Barbell","Thighs","","1","44","missing_video"
"3504","barbell_front_rack_walking_lunge","Barbell Front Rack Walking Lunge","Quads","Quads","Thighs","Barbell","Thighs","","1","44","missing_video"
"3505","barbell_front_squat","Barbell Front Squat","Quads","Quads","Quadriceps, Thighs","Barbell","Thighs","Thighs","2","74","duplicate_group"
"3506","barbell_front_squat_barbell_front_squat_8n1","Barbell Front Squat","Quads","Quads","Quadriceps, Thighs","Barbell","Thighs","","2","44","missing_video;duplicate_group"
"3507","barbell_front_step_up","Barbell Front Step Up","Quads","Custom","Quadriceps, Thighs","Barbell","Thighs","","1","44","missing_video;image_target:Thighs"
"3508","barbell_full_squat","Barbell Full squat","Quads","Quads","Quadriceps, Thighs","Barbell","Thighs","Thighs","4","74","duplicate_group"
"3509","barbell_full_squat_barbell_full_squat_70c","Barbell Full Squat","Quads","Quads","Quadriceps, Thighs","Barbell","","Thighs","4","74","duplicate_group"
"3510","barbell_full_squat_barbell_full_squat_70d","Barbell Full Squat","Quads","Quads","Quadriceps, Thighs","Barbell","Thighs","Thighs","4","74","duplicate_group"
"3511","barbell_full_squat_barbell_full_squat_60n","Barbell Full Squat","Quads","Quads","Quadriceps, Thighs","Barbell","Thighs","Thighs","4","74","duplicate_group"
"3512","barbell_jefferson_squat","Barbell Jefferson Squat","Quads","Quads","Quadriceps, Thighs","Barbell","Thighs","Thighs","1","74",""
"3513","barbell_jerk_dip_squat","Barbell Jerk Dip Squat","Quads","Quads","Thighs","Barbell","Thighs","","1","44","missing_video"
"3514","barbell_jump_squat","Barbell Jump Squat","Quads","Quads","Quadriceps, Thighs","Barbell","Thighs","Thighs","1","74",""
"3515","barbell_knee_raise_step_up","Barbell Knee Raise Step-Up","Quads","Custom","Thighs","Barbell","Thighs","","1","44","missing_video;image_target:Thighs"
"3516","barbell_lateral_lunge","Barbell Lateral Lunge","Quads","Quads","Quadriceps, Thighs","Barbell","Thighs","Thighs","1","74",""
"3517","barbell_lunge_barbell_lunge_7a4","Barbell Lunge","Quads","Quads","Quadriceps, Thighs","Barbell","Thighs","Thighs","2","74","duplicate_group"
"3518","barbell_lunge","Barbell Lunge","Quads","Quads","Quadriceps, Thighs","Barbell","Thighs","Thighs","2","74","duplicate_group"
"3519","barbell_narrow_stance_squat","Barbell Narrow Stance Squat","Quads","Quads","Quadriceps, Thighs","Barbell","Thighs","Thighs","2","74","duplicate_group"
"3520","barbell_narrow_stance_squat_barbell_narrow_stance_squat_617","Barbell Narrow Stance Squat","Quads","Quads","Quadriceps, Thighs","Barbell","Thighs","","2","44","missing_video;duplicate_group"
"3521","barbell_one_leg_squat","Barbell One Leg Squat","Quads","Quads","Quadriceps, Thighs","Barbell","Thighs","Thighs","1","74",""
"3522","barbell_overhead_carry","Barbell Overhead Carry","Quads","Custom","Thighs","Barbell","Thighs","","1","44","missing_video;image_target:Thighs"
"3523","barbell_overhead_lunge","Barbell Overhead Lunge","Quads","Quads","Quadriceps, Thighs","Barbell","Thighs","Thighs","1","74",""
"3524","barbell_overhead_squat","Barbell Overhead Squat","Quads","Quads","Quadriceps, Thighs","Barbell","Thighs","Thighs","1","74",""
"3525","barbell_power_jerk","Barbell Power Jerk","Quads","Custom","Thighs","Barbell","","","1","44","missing_video"
"3526","barbell_rear_lunge","Barbell Rear Lunge","Quads","Quads","Quadriceps, Thighs","Barbell","Thighs","Thighs","3","74","duplicate_group"
"3527","barbell_rear_lunge_barbell_rear_lunge_7tf","Barbell Rear Lunge","Quads","Quads","Quadriceps, Thighs","Barbell","Thighs","Thighs","3","74","duplicate_group"
"3528","barbell_rear_lunge_barbell_rear_lunge_61m","Barbell Rear Lunge","Quads","Quads","Quadriceps, Thighs","Barbell","Thighs","Thighs","3","74","duplicate_group"
"3529","barbell_side_split_squat","Barbell Side Split Squat","Quads","Quads","Quadriceps, Thighs","Barbell","Thighs","Thighs","2","74","duplicate_group"
"3530","barbell_side_split_squat_barbell_side_split_squat_626","Barbell Side Split Squat","Quads","Quads","Quadriceps, Thighs","Barbell","Thighs","","2","44","missing_video;duplicate_group"
"3531","barbell_single_leg_split_squat","Barbell Single Leg Split Squat","Quads","Quads","Quadriceps, Thighs","Barbell","Thighs","Thighs","1","74",""
"3532","barbell_single_leg_squat","Barbell Single Leg Squat","Quads","Quads","Thighs","Barbell","Thighs","","1","44","missing_video"
"3533","barbell_speed_squat","Barbell Speed Squat","Quads","Quads","Quadriceps, Thighs","Barbell","Thighs","","1","44","missing_video"
"3534","barbell_split_jump","Barbell Split Jump","Quads","Custom","Plyometrics","Barbell","","","1","44","missing_video"
"3535","barbell_split_squat_barbell_split_squat_7x3","Barbell Split Squat","Quads","Quads","Quadriceps, Thighs","Barbell","Thighs","Thighs","2","74","duplicate_group"
"3536","barbell_split_squat_barbell_split_squat_8fp","Barbell Split Squat","Quads","Quads","Quadriceps, Thighs","Barbell","Thighs","Thighs","2","74","duplicate_group"
"3537","barbell_squat","Barbell Squat","Quads","Quads","Quadriceps, Thighs","Barbell","Thighs","Thighs","3","74","duplicate_group"
"3538","barbell_squat_barbell_squat_8jy","Barbell Squat","Quads","Quads","Quadriceps, Thighs","Barbell","Thighs","","3","44","missing_video;duplicate_group"
"3539","barbell_squat_barbell_squat_8ue","Barbell Squat","Quads","Quads","Quadriceps, Thighs","Barbell","Thighs","Thighs","3","74","duplicate_group"
"3540","barbell_squat_knees_end_position","Barbell Squat - Knees - End position","Quads","Quads","Thighs","Barbell","","","1","44","missing_video"
"3541","barbell_squat_knees_middle_position","Barbell Squat - Knees - Middle position","Quads","Quads","Thighs","Barbell","","","1","44","missing_video"
"3542","barbell_squat_2_sec_hold","Barbell Squat 2 sec Hold","Quads","Quads","Quadriceps, Thighs","Barbell","Thighs","Thighs","1","74",""
"3543","barbell_squat_jump_step_rear_lunge_barbell_squat_jump_step_rear_lunge_899","Barbell Squat Jump Step Rear Lunge","Quads","Quads","Thighs","Barbell","Thighs","","2","44","missing_video;duplicate_group"
"3544","barbell_squat_jump_step_rear_lunge","Barbell Squat Jump Step Rear Lunge","Quads","Quads","Thighs","Barbell","Thighs","","2","44","missing_video;duplicate_group"
"3545","barbell_squat_to_shoulder_press","Barbell Squat to Shoulder Press","Quads","Quads","Thighs","Barbell","Shoulders","","1","44","missing_video;image_target:Shoulders"
"3546","barbell_squat_to_upright_row","Barbell Squat to Upright Row","Quads","Quads","Thighs","Barbell","Thighs","","1","44","missing_video"
"3547","barbell_squat_with_chains","Barbell Squat with Chains","Quads","Quads","Thighs","Barbell","Thighs","","1","44","missing_video"
"3548","barbell_suitcase_carry","Barbell Suitcase Carry","Quads","Custom","Thighs","Barbell","Thighs","","1","44","missing_video;image_target:Thighs"
"3549","barbell_sumo_squat","Barbell sumo squat","Quads","Quads","Quadriceps, Thighs","Barbell","Thighs","Thighs","1","74",""
"3550","barbell_thruster","Barbell Thruster","Quads","Custom","Quadriceps, Thighs","Barbell","","","1","74",""
"3551","barbell_weighted_front_chest_squat","Barbell Weighted Front Chest Squat","Quads","Quads","Quadriceps, Thighs","Barbell","Thighs","","1","44","missing_video"
"3552","barbell_weightlifting_complex","Barbell Weightlifting Complex","Quads","Custom","Quadriceps, Thighs","Barbell","","","1","44","missing_video"
"3553","barbell_wide_squat","Barbell Wide Squat","Quads","Quads","Thighs","Barbell","Thighs","Thighs","2","74","duplicate_group"
"3554","barbell_wide_squat_barbell_wide_squat_62w","Barbell Wide Squat","Quads","Quads","Quadriceps, Thighs","Barbell","Thighs","Thighs","2","74","duplicate_group"
"3555","barbell_zercher_carry","Barbell Zercher Carry","Quads","Custom","Thighs","Barbell","Thighs","","1","44","missing_video;image_target:Thighs"
"3556","barbell_zercher_squat_hold_isometric","Barbell Zercher Squat Hold Isometric","Quads","Quads","Quadriceps, Thighs","Barbell","","","1","44","missing_video"
"3557","battling_ropes_alternate_arms_jump_squat","Battling Ropes Alternate Arms Jump Squat","Quads","Quads","Thighs","Battling Rope","","","1","44","missing_video"
"3558","battling_ropes_alternate_arms_side_lunge","Battling Ropes Alternate Arms Side Lunge","Quads","Quads","Thighs","Battling Rope","","","1","44","missing_video"
"3559","battling_ropes_alternate_arms_squat","Battling Ropes Alternate Arms Squat","Quads","Quads","Thighs","Battling Rope","","","1","44","missing_video"
"3560","battling_ropes_inside_circle","Battling Ropes Inside Circle","Quads","Custom","Thighs","Battling Rope","","","1","44","missing_video"
"3561","battling_ropes_jumping_jack","Battling Ropes Jumping Jack","Quads","Custom","Thighs","Battling Rope","","","1","44","missing_video"
"3562","battling_ropes_outside_circle","Battling Ropes Outside Circle","Quads","Custom","Thighs","Battling Rope","","","1","44","missing_video"
"3563","battling_ropes_side_raise","Battling Ropes Side Raise","Quads","Custom","Plyometrics","Rope","","","2","44","missing_video;duplicate_group"
"3564","battling_ropes_side_raise_battling_ropes_side_raise_89d","Battling Ropes Side Raise","Quads","Custom","Plyometrics","Rope","","","2","44","missing_video;duplicate_group"
"3565","battling_ropes_split_jump","Battling Ropes Split Jump","Quads","Custom","Thighs","Battling Rope","","","1","44","missing_video"
"3566","bench_front_squat","Bench Front Squat","Quads","Quads","Quadriceps, Thighs","Barbell","Thighs","","1","44","missing_video"
"3567","bench_squat_bench_squat_8g","Bench Squat","Quads","Quads","Quadriceps, Thighs","Dumbbell","Thighs","Thighs","1","74",""
"3568","bicycle","Bicycle","Quads","Custom","Thighs","Body weight","","","1","74",""
"3569","body_extension","Body Extension","Quads","Custom","Thighs","Body weight","Thighs","","1","44","missing_video;image_target:Thighs"
"3570","bodyweight_drop_jump_squat","Bodyweight Drop Jump Squat","Quads","Quads","Quadriceps, Thighs","Body weight","Thighs","","1","44","missing_video"
"3571","bodyweight_elevanted_heel_squat","Bodyweight Elevanted Heel Squat","Quads","Quads","Thighs","Body weight","Thighs","","1","44","missing_video"
"3572","bodyweight_full_squat_with_overhead_press","Bodyweight Full Squat with Overhead Press","Quads","Quads","Plyometrics","Body weight","","","2","54","missing_image;duplicate_group"
"3573","bodyweight_full_squat_with_overhead_press_bodyweight_full_squat_with_overhead_press_9j8","Bodyweight Full Squat with Overhead Press","Quads","Quads","Plyometrics","Body weight","","","2","74","duplicate_group"
"3574","bodyweight_kneeling_sissy_squat","Bodyweight Kneeling Sissy Squat","Quads","Quads","Quadriceps, Thighs","Body weight","Thighs","Thighs","1","74",""
"3575","bodyweight_overhead_squat","Bodyweight Overhead Squat","Quads","Quads","Quadriceps, Thighs","Body weight","Thighs","Thighs","1","74",""
"3576","bodyweight_pulse_squat","Bodyweight Pulse Squat","Quads","Quads","Quadriceps, Thighs","Body weight","Thighs","Thighs","2","74","duplicate_group"
"3577","bodyweight_pulse_squat_bodyweight_pulse_squat_8ti","Bodyweight Pulse Squat","Quads","Quads","Quadriceps, Thighs","Body weight","Thighs","","2","44","missing_video;duplicate_group"
"3578","bodyweight_rear_lunge","Bodyweight Rear Lunge","Quads","Quads","Quadriceps, Thighs","Body weight","Thighs","Thighs","1","74",""
"3579","bodyweight_single_leg_wall_squat","Bodyweight Single Leg Wall Squat","Quads","Quads","Thighs","Body weight","Thighs","","1","44","missing_video"
"3580","bodyweight_squatting_row_bodyweight_squatting_row_8jh","Bodyweight Squatting Row","Quads","Quads","Back","Body weight","Back","","4","44","missing_video;image_target:Back;duplicate_group"
"3581","bodyweight_squatting_row_bodyweight_squatting_row_8jj","Bodyweight Squatting Row","Quads","Quads","Back","Body weight","Back","","4","44","missing_video;image_target:Back;duplicate_group"
"3582","bodyweight_squatting_row","Bodyweight Squatting Row","Quads","Quads","Back","Body weight","Back","","4","44","missing_video;image_target:Back;duplicate_group"
"3583","bodyweight_squatting_row_bodyweight_squatting_row_8ji","Bodyweight Squatting Row","Quads","Quads","Back","Body weight","Back","","4","44","missing_video;image_target:Back;duplicate_group"
"3584","bodyweight_standing_sissy_squat","Bodyweight Standing Sissy Squat","Quads","Quads","Thighs","Body weight","Thighs","","1","44","missing_video"
"3585","bodyweight_step_up_on_stepbox","Bodyweight Step-up on Stepbox","Quads","Custom","Quadriceps, Thighs","Body weight","Thighs","Thighs","1","74","image_target:Thighs;video_target:Thighs"
"3586","bodyweight_wall_squat","Bodyweight Wall Squat","Quads","Quads","Quadriceps, Thighs","Body weight","Thighs","Thighs","1","74",""
"3587","boxer_shuffle","Boxer Shuffle","Quads","Custom","Thighs","Body weight","","","1","44","missing_video"
"3588","boxing_block","Boxing Block","Quads","Custom","Plyometrics","Body weight","","","1","44","missing_video"
"3589","boxing_jab_boxing_jab_9l8","Boxing Jab","Quads","Custom","Plyometrics","Body weight","","","2","44","missing_video;duplicate_group"
"3590","boxing_jab","Boxing Jab","Quads","Custom","Plyometrics","Body weight","","","2","44","missing_video;duplicate_group"
"3591","boxing_left_uppercut","Boxing Left Uppercut","Quads","Custom","Plyometrics","Body weight","","","1","44","missing_video"
"3592","boxing_right_cross","Boxing Right Cross","Quads","Custom","Plyometrics","Body weight","","","2","44","missing_video;duplicate_group"
"3593","boxing_right_cross_boxing_right_cross_9lh","Boxing Right Cross","Quads","Custom","Plyometrics","Body weight","","","2","44","missing_video;duplicate_group"
"3594","boxing_right_hook_boxing_right_hook_9l0","Boxing Right Hook","Quads","Custom","Plyometrics","Body weight","","","2","44","missing_video;duplicate_group"
"3595","boxing_right_hook","Boxing Right Hook","Quads","Custom","Plyometrics","Body weight","","","2","44","missing_video;duplicate_group"
"3596","boxing_right_uppercut","Boxing Right Uppercut","Quads","Custom","Plyometrics","Body weight","","","1","44","missing_video"
"3597","broad_jump_to_vertical","Broad Jump to Vertical","Quads","Custom","Plyometrics","Body weight","","","1","44","missing_video"
"3598","bulgarian_jump_squat","Bulgarian Jump Squat","Quads","Quads","Thighs","Body weight","Thighs","","1","44","missing_video"
"3599","bulgarian_split_squat","Bulgarian Split Squat","Quads","Quads","Quadriceps, Thighs","Body weight","Thighs","Thighs","1","74",""
"3600","bulgarian_split_squat_with_chair","Bulgarian Split Squat with Chair","Quads","Quads","Quadriceps, Thighs","Body weight","Thighs","","1","44","missing_video"
"3601","butt_kicks_butt_kicks_63i","Butt Kicks","Quads","Custom","Thighs","Body weight","","","1","74",""
"3602","butterfly_yoga_pose_butterfly_yoga_pose_71x","Butterfly Yoga Pose","Quads","Chest","Thighs","Body weight","Thighs","Thighs","1","74","muscle_mismatch:Quads->Chest;image_target:Thighs;video_target:Thighs"
"3603","cable_forward_lunge","Cable Forward Lunge","Quads","Quads","Quadriceps, Thighs","Cable","Thighs","","1","44","missing_video"
"3604","cable_front_squat","Cable Front Squat","Quads","Quads","Quadriceps, Thighs","Cable","Thighs","","2","44","missing_video;duplicate_group"
"3605","cable_front_squat_cable_front_squat_8o2","Cable Front Squat","Quads","Quads","Quadriceps, Thighs","Cable","Thighs","","2","44","missing_video;duplicate_group"
"3606","cable_lateral_lunge","Cable Lateral Lunge","Quads","Quads","Quadriceps, Thighs","Cable","Thighs","","2","44","missing_video;duplicate_group"
"3607","cable_lateral_lunge_cable_lateral_lunge_8o3","Cable Lateral Lunge","Quads","Quads","Quadriceps, Thighs","Cable","Thighs","","2","44","missing_video;duplicate_group"
"3608","cable_lunge","Cable Lunge","Quads","Quads","Quadriceps, Thighs","Cable","Thighs","","1","44","missing_video"
"3609","cable_rear_lunge_from_stepbox","Cable Rear Lunge from Stepbox","Quads","Quads","Thighs","Cable","Thighs","","1","44","missing_video"
"3610","cable_squat_row_cable_squat_row_7c3","Cable Squat Row","Quads","Quads","Thighs","Cable","Back","","2","44","missing_video;image_target:Back;duplicate_group"
"3611","cable_squat_row","Cable Squat Row","Quads","Quads","Back","Cable","Back","Back","2","74","image_target:Back;video_target:Back;duplicate_group"
"3612","camel_pose","Camel Pose","Quads","Custom","Thighs","Body weight","","","1","44","missing_video"
"3613","cardio_lunge","Cardio Lunge","Quads","Quads","Plyometrics","Body weight","","","1","74",""
"3614","ceiling_look_stretch","Ceiling Look Stretch","Quads","Custom","Thighs","Body weight","Thighs","Thighs","2","74","image_target:Thighs;video_target:Thighs;duplicate_group"
"3615","ceiling_look_stretch_ceiling_look_stretch_6g4","Ceiling Look Stretch","Quads","Custom","Quadriceps, Thighs","Body weight","Thighs","Thighs","2","74","image_target:Thighs;video_target:Thighs;duplicate_group"
"3616","chair_leg_extended_stretch","Chair Leg Extended Stretch","Quads","Custom","Thighs","Body weight","Thighs","","1","44","missing_video;image_target:Thighs"
"3617","clap_push_up","Clap Push Up","Quads","Chest","Plyometrics","Body weight","Chest","Chest","1","74","muscle_mismatch:Quads->Chest"
"3618","climbing_monkey_bars","Climbing Monkey Bars","Quads","Custom","Plyometrics","Body weight","","","1","44","missing_video"
"3619","control_balance","Control Balance","Quads","Custom","Thighs","Body weight","","","1","74",""
"3620","corkscrew","Corkscrew","Quads","Custom","Thighs","Body weight","","","1","74",""
"3621","cossack_squats","Cossack Squats","Quads","Quads","Quadriceps, Thighs","Body weight","Thighs","Thighs","1","74",""
"3622","couch_stretch","Couch Stretch","Quads","Custom","Thighs","Body weight","","","1","44","missing_video"
"3623","counterbalanced_skater_squat","Counterbalanced Skater Squat","Quads","Quads","Thighs","Body weight","","Thighs","1","54","missing_image"
"3624","crawl_to_crab","Crawl to Crab","Quads","Custom","Plyometrics","Body weight","","","1","44","missing_video"
"3625","cross_body_push_up","Cross Body Push-up","Quads","Chest","Plyometrics","Body weight","","","1","44","missing_video;muscle_mismatch:Quads->Chest"
"3626","crossover_reverse_lunge","Crossover Reverse Lunge","Quads","Quads","Thighs","Body weight","Thighs","","1","44","missing_video"
"3627","curtsey_squat","Curtsey Squat","Quads","Quads","Quadriceps, Thighs","Body weight","Thighs","Thighs","1","74",""
"3628","depth_jump_to_hurdle_hop","Depth Jump to Hurdle Hop","Quads","Custom","Plyometrics","Body weight","","","1","44","missing_video"
"3629","diagonal_lunge","Diagonal Lunge","Quads","Quads","Plyometrics","Body weight","","","1","54","missing_image"
"3630","double_jump_squat","Double Jump Squat","Quads","Quads","Plyometrics","Body weight","Thighs","Thighs","1","74",""
"3631","double_lean_back_quadriceps_stretch","Double Lean Back Quadriceps Stretch","Quads","Back","Thighs","Body weight","Thighs","Thighs","1","74","muscle_mismatch:Quads->Back;image_target:Thighs;video_target:Thighs"
"3632","double_leg_butt_kick","Double Leg Butt Kick","Quads","Custom","Plyometrics","Body weight","","","1","44","missing_video"
"3633","double_leg_stretch","Double Leg Stretch","Quads","Custom","Thighs","Body weight","","","1","74",""
"3634","downward_facing_dog","Downward Facing Dog","Quads","Custom","Upper Arms, Thighs","Body weight","","","1","74",""
"3635","downward_facing_dog_spine_mobility","Downward Facing Dog Spine Mobility","Quads","Custom","Thighs","Body weight","","","1","44","missing_video"
"3636","downward_facing_dog_toe_touch","Downward Facing Dog Toe Touch","Quads","Custom","Thighs","Body weight","","","1","44","missing_video"
"3637","dumbbell_assisted_bulgarian_split_squat","Dumbbell Assisted Bulgarian Split Squat","Quads","Quads","Thighs","Dumbbell","Thighs","","1","44","missing_video"
"3638","dumbbell_bench_one_leg_squat","Dumbbell Bench One Leg Squat","Quads","Quads","Thighs","Dumbbell","Thighs","","1","44","missing_video"
"3639","dumbbell_bench_squat","Dumbbell Bench Squat","Quads","Quads","Thighs","Dumbbell","Thighs","Thighs","2","74","duplicate_group"
"3640","dumbbell_bench_squat_dumbbell_bench_squat_6hj","Dumbbell Bench Squat","Quads","Quads","Quadriceps, Thighs","Dumbbell","Thighs","Thighs","2","74","duplicate_group"
"3641","dumbbell_bulgarian_split_squat","Dumbbell Bulgarian Split Squat","Quads","Quads","Quadriceps, Thighs","Dumbbell","Thighs","Thighs","1","74",""
"3642","dumbbell_clean","Dumbbell Clean","Quads","Custom","Quadriceps, Thighs","Dumbbell","Thighs","Thighs","1","74","image_target:Thighs;video_target:Thighs"
"3643","dumbbell_complex_push_up_row_clean_and_press","Dumbbell Complex Push-Up Row Clean and Press","Quads","Chest","Plyometrics","Dumbbell","","","1","44","missing_video;muscle_mismatch:Quads->Chest"
"3644","dumbbell_contralateral_forward_lunge","Dumbbell Contralateral Forward Lunge","Quads","Quads","Quadriceps, Thighs","Dumbbell","Thighs","","1","44","missing_video"
"3645","dumbbell_cossack_squats_dumbbell_cossack_squats_9ko","Dumbbell Cossack Squats","Quads","Quads","Thighs","Dumbbell","Thighs","","2","44","missing_video;duplicate_group"
"3646","dumbbell_cossack_squats","Dumbbell Cossack Squats","Quads","Quads","Thighs","Dumbbell","","","2","24","missing_image;missing_video;duplicate_group"
"3647","dumbbell_curtsey_lunge","Dumbbell Curtsey lunge","Quads","Quads","Quadriceps, Thighs","Dumbbell","Thighs","","1","44","missing_video"
"3648","dumbbell_decline_bench_lunge","Dumbbell Decline Bench Lunge","Quads","Quads","Thighs","Dumbbell","Thighs","","1","44","missing_video"
"3649","dumbbell_farmers_carry","Dumbbell Farmers Carry","Quads","Forearms","Thighs","Dumbbell","Thighs","","1","44","missing_video;muscle_mismatch:Quads->Forearms;image_target:Thighs"
"3650","dumbbell_forward_leaning_lunge","Dumbbell forward leaning lunge","Quads","Quads","Quadriceps, Thighs","Dumbbell","Thighs","","1","44","missing_video"
"3651","dumbbell_front_rack_lunge","Dumbbell Front Rack Lunge","Quads","Quads","Quadriceps, Thighs","Dumbbell","Thighs","Thighs","1","74",""
"3652","dumbbell_front_squat","Dumbbell Front Squat","Quads","Quads","Quadriceps, Thighs","Dumbbell","Thighs","Thighs","2","74","duplicate_group"
"3653","dumbbell_front_squat_dumbbell_front_squat_83x","Dumbbell Front Squat","Quads","Quads","Quadriceps, Thighs","Dumbbell","Thighs","Thighs","2","74","duplicate_group"
"3654","dumbbell_gobelt_curtsey_lunge","Dumbbell Gobelt Curtsey Lunge","Quads","Quads","Quadriceps, Thighs","Dumbbell","Thighs","Thighs","1","74",""
"3655","dumbbell_goblet_box_squat","Dumbbell Goblet Box Squat","Quads","Quads","Quadriceps, Thighs","Dumbbell","Thighs","","1","44","missing_video"
"3656","dumbbell_goblet_split_squat","Dumbbell Goblet Split Squat","Quads","Quads","Quadriceps, Thighs","Dumbbell","Thighs","","1","44","missing_video"
"3657","dumbbell_goblet_split_squat_front_foot_elevanted_dumbbell_goblet_split_squat_front_foot_elevanted_83m","Dumbbell Goblet Split Squat Front Foot Elevanted","Quads","Quads","Quadriceps, Thighs","Dumbbell","Thighs","Thighs","2","74","duplicate_group"
"3658","dumbbell_goblet_split_squat_front_foot_elevanted","Dumbbell Goblet Split Squat Front Foot Elevanted","Quads","Quads","Quadriceps, Thighs","Dumbbell","Thighs","Thighs","2","74","duplicate_group"
"3659","dumbbell_goblet_squat","Dumbbell Goblet Squat","Quads","Quads","Quadriceps, Thighs","Dumbbell","Thighs","Thighs","1","74",""
"3660","dumbbell_high_low_carry","Dumbbell High Low Carry","Quads","Custom","Thighs","Dumbbell","Thighs","","1","44","missing_video;image_target:Thighs"
"3661","dumbbell_ipsilateral_split_squat","Dumbbell Ipsilateral Split Squat","Quads","Quads","Thighs","Dumbbell","Thighs","","1","44","missing_video"
"3662","dumbbell_iron_cross_dumbbell_iron_cross_8v2","Dumbbell Iron Cross","Quads","Custom","Quadriceps, Thighs","Dumbbell","Shoulders","Shoulders","1","74","image_target:Shoulders;video_target:Shoulders"
"3663","dumbbell_jumping_squat","Dumbbell Jumping Squat","Quads","Quads","Plyometrics","Dumbbell","","","1","74",""
"3664","dumbbell_kneeling_hold_to_stand","Dumbbell Kneeling Hold to Stand","Quads","Custom","Quadriceps, Thighs","Dumbbell","Thighs","Thighs","1","74","image_target:Thighs;video_target:Thighs"
"3665","dumbbell_lateral_step_up","Dumbbell Lateral Step-Up","Quads","Custom","Quadriceps, Thighs","Dumbbell","Thighs","Thighs","1","74","image_target:Thighs;video_target:Thighs"
"3666","dumbbell_lunge","Dumbbell Lunge","Quads","Quads","Quadriceps, Thighs","Dumbbell","Thighs","Thighs","2","74","duplicate_group"
"3667","dumbbell_lunge_dumbbell_lunge_8o5","Dumbbell Lunge","Quads","Quads","Quadriceps, Thighs","Dumbbell","Thighs","","2","44","missing_video;duplicate_group"
"3668","dumbbell_lying_femoral","Dumbbell Lying Femoral","Quads","Custom","Thighs","Dumbbell","Thighs","Thighs","2","74","image_target:Thighs;video_target:Thighs;duplicate_group"
"3669","dumbbell_lying_femoral_dumbbell_lying_femoral_6iv","Dumbbell Lying Femoral","Quads","Custom","Hamstrings, Thighs","Dumbbell","Thighs","Thighs","2","74","image_target:Thighs;video_target:Thighs;duplicate_group"
"3670","dumbbell_one_arm_lunge","Dumbbell One Arm Lunge","Quads","Quads","Quadriceps, Thighs","Dumbbell","Thighs","","1","44","missing_video"
"3671","dumbbell_one_arm_snatch","Dumbbell One Arm Snatch","Quads","Custom","Quadriceps, Thighs","Dumbbell","","","1","74",""
"3672","dumbbell_one_arm_thruster","Dumbbell One Arm Thruster","Quads","Custom","Thighs","Dumbbell","","","1","44","missing_video"
"3673","dumbbell_one_leg_squat","Dumbbell one leg squat","Quads","Quads","Quadriceps, Thighs","Dumbbell","Thighs","","1","44","missing_video"
"3674","dumbbell_overhead_carry","Dumbbell Overhead Carry","Quads","Custom","Thighs","Dumbbell","Thighs","","1","44","missing_video;image_target:Thighs"
"3675","dumbbell_overhead_side_lunge","Dumbbell Overhead Side Lunge","Quads","Quads","Thighs","Dumbbell","Thighs","","1","44","missing_video"
"3676","dumbbell_overhead_squat","Dumbbell Overhead Squat","Quads","Quads","Quadriceps, Thighs","Dumbbell","Thighs","Thighs","1","74",""
"3677","dumbbell_plyo_squat","Dumbbell Plyo Squat","Quads","Quads","Quadriceps, Thighs","Dumbbell","Thighs","Thighs","1","74",""
"3678","dumbbell_press_squat","Dumbbell Press Squat","Quads","Quads","Quadriceps, Thighs","Dumbbell","Thighs","Thighs","1","74",""
"3679","dumbbell_rear_lunge","Dumbbell Rear Lunge","Quads","Quads","Quadriceps, Thighs","Dumbbell","Thighs","Thighs","2","74","duplicate_group"
"3680","dumbbell_rear_lunge_dumbbell_rear_lunge_6jb","Dumbbell Rear Lunge","Quads","Quads","Quadriceps, Thighs","Dumbbell","Thighs","Thighs","2","74","duplicate_group"
"3681","dumbbell_rear_lunge_from_step","Dumbbell Rear Lunge from Step","Quads","Quads","Quadriceps, Thighs","Dumbbell","Thighs","Thighs","1","74",""
"3682","dumbbell_rear_lunge_front_raise","Dumbbell Rear Lunge Front Raise","Quads","Quads","Quadriceps, Thighs","Dumbbell","Thighs","","1","44","missing_video"
"3683","dumbbell_renegade_row_to_squat","Dumbbell Renegade Row to Squat","Quads","Quads","Thighs","Dumbbell","Back","","1","44","missing_video;image_target:Back"
"3684","dumbbell_side_lunge","Dumbbell Side Lunge","Quads","Quads","Quadriceps, Thighs","Dumbbell","Thighs","Thighs","2","74","duplicate_group"
"3685","dumbbell_side_lunge_dumbbell_side_lunge_8qd","Dumbbell Side Lunge","Quads","Quads","Quadriceps, Thighs","Dumbbell","","Thighs","2","74","duplicate_group"
"3686","dumbbell_single_arm_overhead_carry","Dumbbell Single Arm Overhead Carry","Quads","Custom","Thighs","Dumbbell","","","1","74",""
"3687","dumbbell_single_leg_split_squat","Dumbbell Single Leg Split Squat","Quads","Quads","Quadriceps, Thighs","Dumbbell","Thighs","Thighs","1","74",""
"3688","dumbbell_single_leg_squat_dumbbell_single_leg_squat_8se","Dumbbell Single Leg Squat","Quads","Quads","Quadriceps, Thighs","Dumbbell","Thighs","Thighs","3","74","duplicate_group"
"3689","dumbbell_single_leg_squat","Dumbbell Single Leg Squat","Quads","Quads","Quadriceps, Thighs","Dumbbell","Thighs","Thighs","3","74","duplicate_group"
"3690","dumbbell_single_leg_squat_dumbbell_single_leg_squat_8zx","Dumbbell Single Leg Squat","Quads","Quads","Thighs","Dumbbell","Thighs","","3","44","missing_video;duplicate_group"
"3691","dumbbell_single_leg_step_up","Dumbbell Single Leg Step Up","Quads","Custom","Quadriceps, Thighs","Dumbbell","Thighs","Thighs","1","74","image_target:Thighs;video_target:Thighs"
"3692","dumbbell_split_jump","Dumbbell Split Jump","Quads","Custom","Plyometrics","Dumbbell","","","1","44","missing_video"
"3693","dumbbell_split_squat_dumbbell_split_squat_83q","Dumbbell Split Squat","Quads","Quads","Quadriceps, Thighs","Dumbbell","Thighs","Thighs","2","74","duplicate_group"
"3694","dumbbell_split_squat","Dumbbell Split Squat","Quads","Quads","Quadriceps, Thighs","Dumbbell","Thighs","Thighs","2","74","duplicate_group"
"3695","dumbbell_split_squat_front_foot_elevanted","Dumbbell Split Squat Front Foot Elevanted","Quads","Quads","Quadriceps, Thighs","Dumbbell","Thighs","","2","44","missing_video;duplicate_group"
"3696","dumbbell_split_squat_front_foot_elevanted_dumbbell_split_squat_front_foot_elevanted_83o","Dumbbell Split Squat Front Foot Elevanted","Quads","Quads","Quadriceps, Thighs","Dumbbell","Thighs","","2","44","missing_video;duplicate_group"
"3697","dumbbell_split_squat_front_foot_elevanted_with_bosu_ball","Dumbbell Split Squat Front Foot Elevanted with Bosu Ball","Quads","Quads","Quadriceps, Thighs","Dumbbell","Thighs","","1","44","missing_video"
"3698","dumbbell_squat","Dumbbell Squat","Quads","Quads","Quadriceps, Thighs","Dumbbell","Thighs","","2","44","missing_video;duplicate_group"
"3699","dumbbell_squat_dumbbell_squat_7t9","Dumbbell Squat","Quads","Quads","Quadriceps, Thighs","Dumbbell","Thighs","Thighs","2","74","duplicate_group"
"3700","dumbbell_squat_lunges_jump_complex","Dumbbell Squat Lunges Jump Complex","Quads","Quads","Thighs","Dumbbell","Thighs","","1","44","missing_video"
"3701","dumbbell_static_lunge","Dumbbell Static Lunge","Quads","Quads","Thighs","Dumbbell","Thighs","Thighs","1","74",""
"3702","dumbbell_step_up","Dumbbell Step Up","Quads","Custom","Quadriceps, Thighs","Dumbbell","Thighs","Thighs","1","74","image_target:Thighs;video_target:Thighs"
"3703","dumbbell_step_up_lunge_dumbbell_step_up_lunge_897","Dumbbell Step-up Lunge","Quads","Quads","Quadriceps, Thighs","Dumbbell","Thighs","","2","44","missing_video;duplicate_group"
"3704","dumbbell_step_up_lunge","Dumbbell Step-up Lunge","Quads","Quads","Quadriceps, Thighs","Dumbbell","Thighs","","2","44","missing_video;duplicate_group"
"3705","dumbbell_step_up_split_squat","Dumbbell Step-up Split Squat","Quads","Quads","Quadriceps, Thighs","Dumbbell","Thighs","","2","44","missing_video;duplicate_group"
"3706","dumbbell_step_up_split_squat_dumbbell_step_up_split_squat_89n","Dumbbell Step-up Split Squat","Quads","Quads","Quadriceps, Thighs","Dumbbell","Thighs","","2","44","missing_video;duplicate_group"
"3707","dumbbell_suitcase_carry","Dumbbell Suitcase Carry","Quads","Custom","Thighs","Dumbbell","Thighs","Thighs","1","74","image_target:Thighs;video_target:Thighs"
"3708","dumbbell_sumo_squat","Dumbbell Sumo Squat","Quads","Quads","Quadriceps, Thighs","Dumbbell","Thighs","","2","44","missing_video;duplicate_group"
"3709","dumbbell_sumo_squat_dumbbell_sumo_squat_7vb","Dumbbell Sumo Squat","Quads","Quads","Quadriceps, Thighs","Dumbbell","Thighs","","2","44","missing_video;duplicate_group"
"3710","dumbbell_supported_squat","Dumbbell Supported Squat","Quads","Quads","Thighs","Dumbbell","Thighs","","2","44","missing_video;duplicate_group"
"3711","dumbbell_supported_squat_dumbbell_supported_squat_89f","Dumbbell Supported Squat","Quads","Quads","Thighs","Dumbbell","Thighs","","2","44","missing_video;duplicate_group"
"3712","dumbbell_thruster","Dumbbell Thruster","Quads","Custom","Thighs","Dumbbell","","Thighs","2","74","video_target:Thighs;duplicate_group"
"3713","dumbbell_thruster_dumbbell_thruster_83z","Dumbbell Thruster","Quads","Custom","Thighs","Dumbbell","","Thighs","2","74","video_target:Thighs;duplicate_group"
"3714","dumbbell_walking_lunge","Dumbbell Walking Lunge","Quads","Quads","Quadriceps, Thighs","Dumbbell","Thighs","Thighs","1","74",""
"3715","dumbbell_walking_lunges","Dumbbell Walking Lunges","Quads","Quads","Quadriceps, Thighs","Dumbbell","Thighs","Thighs","1","74",""
"3716","dumbbell_wall_squat","Dumbbell Wall Squat","Quads","Quads","Thighs","Dumbbell","Thighs","","1","44","missing_video"
"3717","dumbbells_sumo_squat","Dumbbells Sumo Squat","Quads","Quads","Quadriceps, Thighs","Dumbbell","Thighs","","1","44","missing_video"
"3718","exercise_ball_hip_flexor_stretch","Exercise Ball Hip Flexor Stretch","Quads","Custom","Thighs","Stability ball","Thighs","","1","44","missing_video;image_target:Thighs"
"3719","exercise_ball_seated_quad_stretch","Exercise Ball Seated Quad Stretch","Quads","Custom","Thighs","Stability ball","Thighs","","1","44","missing_video;image_target:Thighs"
"3720","exercise_ball_wall_squat","Exercise Ball Wall Squat","Quads","Quads","Quadriceps, Thighs","Stability ball","Thighs","Thighs","1","74",""
"3721","farmers_walk","Farmers walk","Quads","Forearms","Thighs","Dumbbell","","","1","74","muscle_mismatch:Quads->Forearms"
"3722","forward_hops","Forward Hops","Quads","Custom","Thighs","Body weight","Thighs","","1","44","missing_video;image_target:Thighs"
"3723","forward_jump","Forward Jump","Quads","Custom","Plyometrics","Body weight","","","1","44","missing_video"
"3724","forward_lunge","Forward Lunge","Quads","Quads","Quadriceps, Thighs","Body weight","Thighs","Thighs","1","74",""
"3725","forward_pulse_lunge_with_hands_overhead","Forward Pulse Lunge with Hands Overhead","Quads","Quads","Quadriceps, Thighs","Body weight","Thighs","Thighs","1","74",""
"3726","forward_to_side_to_rear_lunge","Forward to Side to Rear Lunge","Quads","Quads","Quadriceps, Thighs","Body weight","Thighs","","1","44","missing_video"
"3727","frankenstein_squat","Frankenstein squat","Quads","Quads","Quadriceps, Thighs","Barbell","Thighs","","1","44","missing_video"
"3728","frog_hops","Frog Hops","Quads","Custom","Cardio","Body weight","","","2","44","missing_video;duplicate_group"
"3729","frog_hops_frog_hops_6m8","Frog Hops","Quads","Custom","Plyometrics","Body weight","","","2","44","missing_video;duplicate_group"
"3730","frog_squat","Frog Squat","Quads","Quads","Plyometrics","Body weight","","Glutes","1","74","video_target:Glutes"
"3731","front_chest_squat","Front Chest Squat","Quads","Quads","Quadriceps, Thighs","Barbell","Thighs","Thighs","1","74",""
"3732","front_groin_kick_kickboxing","Front Groin Kick Kickboxing","Quads","Custom","Plyometrics","Body weight","","","2","44","missing_video;duplicate_group"
"3733","front_groin_kick_kickboxing_front_groin_kick_kickboxing_7vj","Front Groin Kick. Kickboxing","Quads","Custom","Plyometrics","Body weight","","","2","44","missing_video;duplicate_group"
"3734","front_kick_kickboxing_front_kick_kickboxing_9l2","Front Kick Kickboxing","Quads","Custom","Plyometrics","Body weight","","","2","44","missing_video;duplicate_group"
"3735","front_kick_kickboxing","Front Kick Kickboxing","Quads","Custom","Plyometrics","Body weight","","","2","44","missing_video;duplicate_group"
"3736","front_knee_kick_kickboxing","Front Knee Kick Kickboxing","Quads","Custom","Plyometrics","Body weight","","","1","44","missing_video"
"3737","front_leg_hook_kick_kickboxing","Front Leg Hook Kick. Kickboxing","Quads","Custom","Plyometrics","Body weight","","","1","44","missing_video"
"3738","front_snap_kick_kickboxing","Front Snap Kick Kickboxing","Quads","Custom","Plyometrics","Body weight","","","3","44","missing_video;duplicate_group"
"3739","front_snap_kick_kickboxing_front_snap_kick_kickboxing_9lm","Front Snap Kick Kickboxing","Quads","Custom","Plyometrics","Body weight","","","3","44","missing_video;duplicate_group"
"3740","front_snap_kick_kickboxing_front_snap_kick_kickboxing_7vl","Front Snap Kick. Kickboxing","Quads","Custom","Plyometrics","Body weight","","","3","44","missing_video;duplicate_group"
"3741","full_squat","Full Squat","Quads","Quads","Quadriceps, Thighs","Barbell","Thighs","Thighs","1","74",""
"3742","full_squat_mobility","Full Squat Mobility","Quads","Quads","Quadriceps, Thighs","Body weight","Thighs","Thighs","1","74",""
"3743","full_zercher_squat","full Zercher Squat","Quads","Quads","Quadriceps, Thighs","Barbell","Thighs","Thighs","1","74",""
"3744","goblet_squat","Goblet Squat","Quads","Quads","Thighs","Dumbbell","Thighs","Thighs","1","74",""
"3745","gracilis","Gracilis","Quads","Custom","Thighs","Body weight","","","1","24","missing_image;missing_video"
"3746","heel_push_kick_kickboxing","Heel Push Kick. Kickboxing","Quads","Custom","Plyometrics","Body weight","","","1","44","missing_video"
"3747","high_bar_squat","High Bar Squat","Quads","Quads","Quadriceps, Thighs","Barbell","Thighs","","1","44","missing_video"
"3748","high_knee_run_high_knee_run_8td","High Knee Run","Quads","Custom","Thighs","Body weight","","","1","44","missing_video"
"3749","high_knee_squat","High Knee Squat","Quads","Quads","Cardio","Body weight","","","4","44","missing_video;duplicate_group"
"3750","high_knee_squat_high_knee_squat_8hf","High Knee Squat","Quads","Quads","Cardio","Body weight","","","4","74","duplicate_group"
"3751","high_knee_squat_high_knee_squat_9hg","High Knee Squat","Quads","Quads","Plyometrics","Body weight","","","4","54","missing_image;duplicate_group"
"3752","high_knee_squat_high_knee_squat_6mq","High Knee Squat","Quads","Quads","Cardio","Body weight","","","4","74","duplicate_group"
"3753","high_knees_lunge","High Knees Lunge","Quads","Quads","Cardio","Body weight","","","1","44","missing_video"
"3754","hook_kick_kickboxing_hook_kick_kickboxing_9l4","Hook Kick Kickboxing","Quads","Custom","Plyometrics","Body weight","","","2","44","missing_video;duplicate_group"
"3755","hook_kick_kickboxing","Hook Kick Kickboxing","Quads","Custom","Plyometrics","Body weight","","","2","44","missing_video;duplicate_group"
"3756","hundred","Hundred","Quads","Custom","Thighs","Body weight","","","1","74",""
"3757","intermediate_hip_flexor_and_quad_stretch_intermediate_hip_flexor_and_quad_stretch_932","Intermediate Hip Flexor and Quad Stretch","Quads","Custom","Thighs","Body weight","Thighs","Thighs","2","74","image_target:Thighs;video_target:Thighs;duplicate_group"
"3758","intermediate_hip_flexor_and_quad_stretch","Intermediate Hip Flexor and Quad Stretch","Quads","Custom","Thighs","Rope","Thighs","Thighs","2","74","image_target:Thighs;video_target:Thighs;duplicate_group"
"3759","intermediate_waste","Intermediate waste","Quads","Custom","Thighs","Body weight","","","1","24","missing_image;missing_video"
"3760","jab_boxing","Jab. Boxing","Quads","Custom","Plyometrics","Body weight","","","1","74",""
"3761","jack_step","Jack Step","Quads","Custom","Plyometrics","Body weight","","","1","54","missing_image"
"3762","jackknife","JackKnife","Quads","Custom","Thighs","Body weight","","","1","74",""
"3763","jump_box_jump_box_8wp","Jump Box","Quads","Custom","Cardio","Body weight","","","2","44","missing_video;duplicate_group"
"3764","jump_box","Jump Box","Quads","Custom","Plyometrics","Body weight","","","2","74","duplicate_group"
"3765","jump_box_over","Jump Box Over","Quads","Custom","Plyometrics","Body weight","","","1","44","missing_video"
"3766","jump_lunge_to_feet_jack","Jump Lunge To Feet Jack","Quads","Quads","Cardio","Body weight","Calves","","1","44","missing_video;image_target:Calves"
"3767","jump_on_fit_box","Jump on Fit-Box","Quads","Custom","Plyometrics","Body weight","","","1","74",""
"3768","jump_pistol_squat_box","Jump Pistol Squat Box","Quads","Quads","Plyometrics","Body weight","","","1","44","missing_video"
"3769","jump_rope_jump_rope_7dd","Jump Rope","Quads","Custom","Thighs","Rope","","","1","74",""
"3770","jump_split","Jump Split","Quads","Custom","Plyometrics","Body weight","","","2","74","duplicate_group"
"3771","jump_split_jump_split_6no","Jump Split","Quads","Custom","Plyometrics","Body weight","","","2","74","duplicate_group"
"3772","jump_squat","Jump Squat","Quads","Quads","Quadriceps, Thighs","Body weight","Thighs","Thighs","3","74","duplicate_group"
"3773","jump_squat_jump_squat_7xh","Jump Squat","Quads","Quads","Quadriceps, Thighs","Body weight","Thighs","Thighs","3","74","duplicate_group"
"3774","jump_squat_jump_squat_6nq","Jump Squat","Quads","Quads","Quadriceps, Thighs","Body weight","Thighs","Thighs","3","74","duplicate_group"
"3775","jump_step_up","Jump Step-Up","Quads","Custom","Cardio","Body weight","","","2","74","duplicate_group"
"3776","jump_step_up_jump_step_up_6nr","Jump Step-Up","Quads","Custom","Cardio","Body weight","","","2","74","duplicate_group"
"3777","jumping_pistol_squat","Jumping Pistol Squat","Quads","Quads","Plyometrics","Body weight","","","1","74",""
"3778","kettlebell_assisted_bulgarian_split_squat","Kettlebell Assisted Bulgarian Split Squat","Quads","Quads","Thighs","Kettlebell","Thighs","","1","44","missing_video"
"3779","kettlebell_backward_lunge","Kettlebell Backward Lunge","Quads","Quads","Quadriceps, Thighs","Kettlebell","Thighs","Thighs","1","74",""
"3780","kettlebell_bottoms_up_to_knee_turkish_get_up","Kettlebell Bottoms Up to Knee Turkish Get-Up","Quads","Custom","Thighs","Kettlebell","Thighs","","1","44","missing_video;image_target:Thighs"
"3781","kettlebell_burpee","Kettlebell Burpee","Quads","Custom","Plyometrics","Kettlebell","","","1","44","missing_video"
"3782","kettlebell_clean_and_jerk","Kettlebell Clean and Jerk","Quads","Custom","Thighs","Kettlebell","","","1","44","missing_video"
"3783","kettlebell_deck_squat","Kettlebell Deck Squat","Quads","Quads","Thighs","Kettlebell","","","1","44","missing_video"
"3784","kettlebell_double_push_press_kettlebell_double_push_press_7bx","Kettlebell Double Push Press","Quads","Custom","Thighs","Kettlebell","Shoulders","","1","44","missing_video;image_target:Shoulders"
"3785","kettlebell_farmers_carry","Kettlebell Farmers Carry","Quads","Forearms","Quadriceps, Thighs","Kettlebell","","","1","74","muscle_mismatch:Quads->Forearms"
"3786","kettlebell_farmers_walk","Kettlebell Farmers Walk","Quads","Forearms","Plyometrics","Kettlebell","","","1","44","missing_video;muscle_mismatch:Quads->Forearms"
"3787","kettlebell_forward_lunge_kettlebell_forward_lunge_9jr","Kettlebell Forward Lunge","Quads","Quads","Thighs","Kettlebell","Thighs","","2","44","missing_video;duplicate_group"
"3788","kettlebell_forward_lunge","Kettlebell Forward Lunge","Quads","Quads","Thighs","Kettlebell","Thighs","Thighs","2","74","duplicate_group"
"3789","kettlebell_forward_lunge_and_press","Kettlebell Forward Lunge and Press","Quads","Quads","Thighs","Kettlebell","Thighs","","1","44","missing_video"
"3790","kettlebell_front_rack_walking_lunge","Kettlebell Front Rack Walking Lunge","Quads","Quads","Thighs","Kettlebell","Thighs","","1","44","missing_video"
"3791","kettlebell_front_squat","Kettlebell Front Squat","Quads","Quads","Quadriceps, Thighs","Kettlebell","Thighs","Thighs","2","74","duplicate_group"
"3792","kettlebell_front_squat_kettlebell_front_squat_6o9","Kettlebell Front Squat","Quads","Quads","Quadriceps, Thighs","Kettlebell","Thighs","Thighs","2","74","duplicate_group"
"3793","kettlebell_gobelt_curtsey_lunge","Kettlebell Gobelt Curtsey Lunge","Quads","Quads","Quadriceps, Thighs","Kettlebell","Thighs","","1","44","missing_video"
"3794","kettlebell_goblet_carry","Kettlebell Goblet Carry","Quads","Custom","Thighs","Kettlebell","Thighs","","1","44","missing_video;image_target:Thighs"
"3795","kettlebell_goblet_squat","Kettlebell Goblet Squat","Quads","Quads","Quadriceps, Thighs","Kettlebell","Thighs","","2","44","missing_video;duplicate_group"
"3796","kettlebell_goblet_squat_kettlebell_goblet_squat_6o0","Kettlebell Goblet Squat","Quads","Quads","Quadriceps, Thighs","Kettlebell","Thighs","Thighs","2","74","duplicate_group"
"3797","kettlebell_goblet_squat_jump","Kettlebell Goblet Squat Jump","Quads","Quads","Quadriceps, Thighs","Kettlebell","Thighs","","1","44","missing_video"
"3798","kettlebell_goblet_squat_mobility","Kettlebell Goblet Squat Mobility","Quads","Quads","Quadriceps, Thighs","Kettlebell","Thighs","Thighs","1","74",""
"3799","kettlebell_half_turkish_get_up","Kettlebell Half Turkish Get Up","Quads","Custom","Thighs","Kettlebell","Thighs","Thighs","1","74","image_target:Thighs;video_target:Thighs"
"3800","kettlebell_hang_clean","Kettlebell Hang Clean","Quads","Custom","Thighs","Kettlebell","Thighs","Thighs","1","74","image_target:Thighs;video_target:Thighs"
"3801","kettlebell_lateral_lunge","Kettlebell Lateral Lunge","Quads","Quads","Thighs","Kettlebell","Thighs","","1","44","missing_video"
"3802","kettlebell_lunge_clean_and_press","Kettlebell Lunge Clean and Press","Quads","Quads","Quadriceps, Thighs","Kettlebell","","","1","44","missing_video"
"3803","kettlebell_lunge_pass_through","Kettlebell Lunge Pass Through","Quads","Quads","Thighs","Kettlebell","Thighs","","2","44","missing_video;duplicate_group"
"3804","kettlebell_lunge_pass_through_kettlebell_lunge_pass_through_6o2","Kettlebell Lunge Pass Through","Quads","Quads","Quadriceps, Thighs","Kettlebell","Thighs","Thighs","2","74","duplicate_group"
"3805","kettlebell_one_arm_clean","Kettlebell One Arm Clean","Quads","Custom","Thighs","Kettlebell","","","1","44","missing_video"
"3806","kettlebell_one_arm_overhead_squat","Kettlebell One Arm Overhead Squat","Quads","Quads","Quadriceps, Thighs","Kettlebell","Thighs","Thighs","1","74",""
"3807","kettlebell_one_arm_thruster","Kettlebell One Arm Thruster","Quads","Custom","Thighs","Kettlebell","","","1","44","missing_video"
"3808","kettlebell_overhead_carry","Kettlebell Overhead Carry","Quads","Custom","Thighs","Kettlebell","Thighs","","1","44","missing_video;image_target:Thighs"
"3809","kettlebell_pistol_squat","Kettlebell Pistol Squat","Quads","Quads","Quadriceps, Thighs","Kettlebell","Thighs","Thighs","1","74",""
"3810","kettlebell_side_lunge","Kettlebell Side Lunge","Quads","Quads","Thighs","Kettlebell","Thighs","","2","44","missing_video;duplicate_group"
"3811","kettlebell_side_lunge_kettlebell_side_lunge_9js","Kettlebell Side Lunge","Quads","Quads","Thighs","Kettlebell","Thighs","","2","44","missing_video;duplicate_group"
"3812","kettlebell_side_squat_step","Kettlebell Side Squat Step","Quads","Quads","Thighs","Kettlebell","Thighs","","1","44","missing_video"
"3813","kettlebell_single_front_squat","Kettlebell Single Front Squat","Quads","Quads","Quadriceps, Thighs","Kettlebell","Thighs","","1","44","missing_video"
"3814","kettlebell_single_leg_step_up","Kettlebell Single Leg Step Up","Quads","Custom","Thighs","Kettlebell","Thighs","","1","44","missing_video;image_target:Thighs"
"3815","kettlebell_sots_press","Kettlebell Sots Press","Quads","Custom","Quadriceps, Thighs","Kettlebell","Shoulders","","1","44","missing_video;image_target:Shoulders"
"3816","kettlebell_split_squat","Kettlebell Split Squat","Quads","Quads","Thighs","Kettlebell","Thighs","Thighs","1","74",""
"3817","kettlebell_step_up_kettlebell_step_up_9hl","Kettlebell Step-Up","Quads","Custom","Quadriceps, Thighs","Kettlebell","Thighs","Thighs","2","74","image_target:Thighs;video_target:Thighs;duplicate_group"
"3818","kettlebell_step_up","Kettlebell Step-Up","Quads","Custom","Thighs","Kettlebell","Thighs","","2","44","missing_video;image_target:Thighs;duplicate_group"
"3819","kettlebell_swing","Kettlebell Swing","Quads","Custom","Hamstrings, Thighs","Kettlebell","","Glutes","2","74","video_target:Glutes;duplicate_group"
"3820","kettlebell_swing_kettlebell_swing_6op","Kettlebell Swing","Quads","Custom","Hamstrings, Thighs","Kettlebell","","","2","74","duplicate_group"
"3821","kettlebell_turkish_get_up","Kettlebell Turkish Get Up","Quads","Custom","Thighs","Kettlebell","Thighs","Thighs","1","74","image_target:Thighs;video_target:Thighs"
"3822","kettlebell_turkish_get_up_to_hand","Kettlebell Turkish Get-Up to Hand","Quads","Custom","Thighs","Kettlebell","Thighs","","1","44","missing_video;image_target:Thighs"
"3823","kettlebell_unilateral_farmers_walk","Kettlebell Unilateral Farmers Walk","Quads","Forearms","Plyometrics","Kettlebell","","","1","44","missing_video;muscle_mismatch:Quads->Forearms"
"3824","kick_out_sit","Kick out Sit","Quads","Custom","Quadriceps, Hamstrings, Thighs","Body weight","Thighs","","1","44","missing_video;image_target:Thighs"
"3825","kick_through_push_up","Kick Through Push-up","Quads","Chest","Plyometrics","Body weight","","","1","44","missing_video;muscle_mismatch:Quads->Chest"
"3826","knee_extension_articulations","Knee - Extension - Articulations","Quads","Custom","Thighs","Body weight","Mobility","Thighs","1","74","image_target:Mobility;video_target:Thighs"
"3827","knee_flexion_articulations","Knee - Flexion - Articulations","Quads","Custom","Thighs","Body weight","Mobility","","1","74","image_target:Mobility"
"3828","knee_raise","Knee Raise","Quads","Custom","Thighs","Body weight","Thighs","Thighs","2","74","image_target:Thighs;video_target:Thighs;duplicate_group"
"3829","knee_raise_knee_raise_93i","Knee Raise","Quads","Custom","Thighs","Body weight","Thighs","Thighs","2","74","image_target:Thighs;video_target:Thighs;duplicate_group"
"3830","knee_to_chest_stretch","Knee to chest Stretch","Quads","Chest","Thighs","Body weight","Thighs","","1","44","missing_video;muscle_mismatch:Quads->Chest;image_target:Thighs"
"3831","knee_tuck_jump","Knee Tuck Jump","Quads","Custom","Plyometrics","Body weight","","","1","74",""
"3832","kneeling_battling_ropes","Kneeling Battling Ropes","Quads","Custom","Plyometrics","Rope","","","1","44","missing_video"
"3833","kneeling_hip_flexor","Kneeling Hip Flexor","Quads","Custom","Quadriceps, Thighs","Body weight","Thighs","","1","44","missing_video;image_target:Thighs"
"3834","kneeling_shoulder_tap_push_up","Kneeling Shoulder Tap Push-up","Quads","Shoulders","Plyometrics","Body weight","","Shoulders","1","54","missing_image;muscle_mismatch:Quads->Shoulders"
"3835","landmine_front_squat","Landmine Front Squat","Quads","Quads","Quadriceps, Thighs","Barbell","Thighs","Thighs","1","74",""
"3836","landmine_rear_lunge","Landmine Rear Lunge","Quads","Quads","Quadriceps, Thighs","Leverage machine","Thighs","","2","44","missing_video;duplicate_group"
"3837","landmine_rear_lunge_landmine_rear_lunge_8du","Landmine Rear Lunge","Quads","Quads","Quadriceps, Thighs","Leverage machine","Thighs","Thighs","2","74","duplicate_group"
"3838","landmine_squat_and_press","Landmine Squat and Press","Quads","Quads","Thighs","Leverage machine","","","2","44","missing_video;duplicate_group"
"3839","landmine_squat_and_press_landmine_squat_and_press_847","Landmine Squat and Press","Quads","Quads","Quadriceps, Thighs","Leverage machine","","","2","74","duplicate_group"
"3840","landmine_stand_up_high_knee","Landmine Stand Up High Knee","Quads","Custom","Thighs","Leverage machine","","","1","44","missing_video"
"3841","lateral_bound","Lateral Bound","Quads","Custom","Cardio","Body weight","","","2","44","missing_video;duplicate_group"
"3842","lateral_bound_lateral_bound_6od","Lateral Bound","Quads","Custom","Plyometrics","Body weight","","","2","44","missing_video;duplicate_group"
"3843","lateral_box_jump","Lateral Box Jump","Quads","Custom","Plyometrics","Body weight","","","1","74",""
"3844","lateral_speed_step","Lateral Speed Step","Quads","Custom","Plyometrics","Body weight","","","1","44","missing_video"
"3845","lateral_waste","Lateral Waste","Quads","Custom","Thighs","Body weight","","","1","24","missing_image;missing_video"
"3846","left_hook_boxing","Left hook. Boxing","Quads","Custom","Plyometrics","Body weight","","","1","74",""
"3847","left_uppercut_boxing","Left Uppercut. Boxing","Quads","Custom","Plyometrics","Body weight","","","1","74",""
"3848","leg_pull","Leg Pull","Quads","Custom","Thighs","Body weight","","","1","74",""
"3849","leg_pull_front_supported","Leg Pull Front Supported","Quads","Custom","Thighs","Body weight","","","1","44","missing_video"
"3850","leg_raise","Leg Raise","Quads","Core","Thighs","Body weight","","","1","44","missing_video;muscle_mismatch:Quads->Core"
"3851","lever_alternate_leg_extension","Lever Alternate Leg Extension","Quads","Quads","Quadriceps, Thighs","Leverage machine","Thighs","Thighs","1","74",""
"3852","lever_alternate_leg_press","Lever Alternate Leg Press","Quads","Quads","Thighs","Leverage machine","Thighs","","1","44","missing_video"
"3853","lever_belt_squat","Lever Belt Squat","Quads","Quads","Thighs","Leverage machine","Thighs","","1","44","missing_video"
"3854","lever_chair_squat","Lever Chair Squat","Quads","Quads","Quadriceps, Thighs","Leverage machine","Thighs","","1","44","missing_video"
"3855","lever_full_squat","Lever Full Squat","Quads","Quads","Thighs","Leverage machine","Thighs","","1","44","missing_video"
"3856","lever_horizontal_leg_press","Lever Horizontal Leg Press","Quads","Quads","Quadriceps, Thighs","Leverage machine","Thighs","","2","44","missing_video;duplicate_group"
"3857","lever_horizontal_leg_press_lever_horizontal_leg_press_83i","Lever Horizontal Leg Press","Quads","Quads","Thighs","Leverage machine","Thighs","","2","44","missing_video;duplicate_group"
"3858","lever_leg_extension_lever_leg_extension_7u9","Lever Leg Extension","Quads","Quads","Quadriceps, Thighs","Leverage machine","Thighs","Thighs","4","74","duplicate_group"
"3859","lever_leg_extension","Lever Leg Extension","Quads","Quads","Quadriceps, Thighs","Leverage machine","Thighs","Thighs","4","74","duplicate_group"
"3860","lever_leg_extension_lever_leg_extension_6pp","Lever Leg Extension","Quads","Quads","Quadriceps, Thighs","Leverage machine","Thighs","Thighs","4","74","duplicate_group"
"3861","lever_leg_extension_lever_leg_extension_hj","Lever Leg Extension","Quads","Quads","Quadriceps, Thighs","Leverage machine","Thighs","","4","44","missing_video;duplicate_group"
"3862","lever_one_leg_extension","Lever One Leg Extension","Quads","Quads","Quadriceps, Thighs","Leverage machine","Thighs","Thighs","1","74",""
"3863","lever_pistol_squat","Lever Pistol Squat","Quads","Quads","Thighs","Leverage machine","Thighs","","1","44","missing_video"
"3864","lever_seated_horizontal_leg_press","Lever Seated Horizontal Leg Press","Quads","Quads","Quadriceps, Thighs","Leverage machine","Thighs","","1","44","missing_video"
"3865","lever_seated_leg_extension","Lever Seated Leg Extension","Quads","Quads","Quadriceps, Thighs","Leverage machine","Thighs","Thighs","1","74",""
"3866","lever_seated_leg_press","Lever Seated Leg Press","Quads","Quads","Thighs","Leverage machine","Thighs","Thighs","3","74","duplicate_group"
"3867","lever_seated_leg_press_lever_seated_leg_press_8p2","Lever Seated Leg Press","Quads","Quads","Quadriceps, Thighs","Leverage machine","Thighs","","3","44","missing_video;duplicate_group"
"3868","lever_seated_leg_press_lever_seated_leg_press_7uk","Lever Seated Leg Press","Quads","Quads","Quadriceps, Thighs","Leverage machine","Thighs","Thighs","3","74","duplicate_group"
"3869","lever_seated_one_leg_squat","Lever Seated One Leg Squat","Quads","Quads","Thighs","Leverage machine","Thighs","","1","44","missing_video"
"3870","lever_seated_one_leg_wide_squat","Lever Seated One Leg Wide Squat","Quads","Quads","Thighs","Leverage machine","Thighs","","1","44","missing_video"
"3871","lever_seated_squat","Lever Seated Squat","Quads","Quads","Quadriceps, Thighs","Leverage machine","Thighs","","1","44","missing_video"
"3872","lever_seated_wide_squat","Lever Seated Wide Squat","Quads","Quads","Thighs","Leverage machine","Thighs","","1","44","missing_video"
"3873","lever_squat","Lever Squat","Quads","Quads","Thighs","Leverage machine","Thighs","Thighs","1","74",""
"3874","low_bar_squat","Low Bar Squat","Quads","Quads","Quadriceps, Thighs","Barbell","Thighs","Thighs","1","74",""
"3875","low_bar_squat_with_rack","Low Bar Squat with Rack","Quads","Quads","Thighs","Barbell","Thighs","Thighs","1","74",""
"3876","lunge_lunge_s","Lunge","Quads","Quads","Quadriceps, Thighs","Barbell","Thighs","Thighs","1","74",""
"3877","lunge_push_up","Lunge Push-up","Quads","Quads","Quadriceps, Thighs","Body weight","Thighs","","1","44","missing_video"
"3878","lunge_with_jump","Lunge with Jump","Quads","Quads","Quadriceps, Thighs","Body weight","Thighs","Thighs","1","74",""
"3879","lunge_with_leg_lift","Lunge with Leg Lift","Quads","Quads","Plyometrics","Body weight","","","2","54","missing_image;duplicate_group"
"3880","lunge_with_leg_lift_lunge_with_leg_lift_8us","Lunge with Leg Lift","Quads","Quads","Quadriceps, Thighs","Body weight","Thighs","","2","44","missing_video;duplicate_group"
"3881","lying_lying_6qh","Lying","Quads","Custom","Quadriceps, Thighs","Body weight","Thighs","Thighs","1","74","image_target:Thighs;video_target:Thighs"
"3882","lying_double_leg_kick","Lying Double Leg Kick","Quads","Custom","Thighs","Body weight","","","1","74",""
"3883","lying_femoral","Lying Femoral","Quads","Custom","Hamstrings, Thighs","Dumbbell","Thighs","Thighs","1","74","image_target:Thighs;video_target:Thighs"
"3884","lying_hip_flexor","Lying Hip Flexor","Quads","Custom","Thighs","Body weight","Thighs","","1","44","missing_video;image_target:Thighs"
"3885","lying_leg_tuck_hip_back_stretch","Lying Leg Tuck Hip Back Stretch","Quads","Back","Thighs","Body weight","Glutes","","1","44","missing_video;muscle_mismatch:Quads->Back;image_target:Glutes"
"3886","lying_leg_tuck_hip_back_to_right_stretch","Lying Leg Tuck Hip Back to Right Stretch","Quads","Back","Thighs","Body weight","Glutes","","1","44","missing_video;muscle_mismatch:Quads->Back;image_target:Glutes"
"3887","lying_leg_tuck_hip_stretch","Lying Leg Tuck Hip Stretch","Quads","Custom","Thighs","Body weight","Glutes","Glutes","1","74","image_target:Glutes;video_target:Glutes"
"3888","lying_leg_tuck_hip_stretch_wth_overhead_hands","Lying Leg Tuck Hip Stretch wth Overhead Hands","Quads","Custom","Thighs","Body weight","Glutes","","1","44","missing_video;image_target:Glutes"
"3889","lying_single_leg_kick","Lying Single Leg Kick","Quads","Custom","Thighs","Body weight","","","1","44","missing_video"
"3890","lying_single_straight_leg_hip_extension","Lying Single Straight Leg Hip Extension","Quads","Custom","Thighs","Body weight","Thighs","","1","44","missing_video;image_target:Thighs"
"3891","march_sit","March Sit","Quads","Custom","Quadriceps, Thighs","Body weight","Thighs","","1","44","missing_video;image_target:Thighs"
"3892","medicine_ball_overhead_throw","Medicine Ball Overhead Throw","Quads","Back","Plyometrics","Medicine Ball","","","1","44","missing_video;muscle_mismatch:Quads->Back"
"3893","medicine_ball_squat_jump","Medicine Ball Squat Jump","Quads","Quads","Thighs","Medicine Ball","Thighs","","1","44","missing_video"
"3894","medicine_ball_step_behind_rotational_throw","Medicine Ball Step Behind Rotational Throw","Quads","Back","Plyometrics","Medicine Ball","","","1","44","missing_video;muscle_mismatch:Quads->Back"
"3895","mountain_climber_lunge","Mountain Climber Lunge","Quads","Quads","Cardio","Body weight","","","1","74",""
"3896","narrow_squat_from_deficit","Narrow Squat from Deficit","Quads","Quads","Quadriceps, Thighs","Body weight","Thighs","Thighs","1","74",""
"3897","olympic_squat","Olympic Squat","Quads","Quads","Thighs","Barbell","Thighs","","1","44","missing_video"
"3898","one_leg_quarter_squat","One Leg Quarter Squat","Quads","Quads","Quadriceps, Thighs","Body weight","Thighs","Thighs","1","74",""
"3899","one_leg_squat_one_leg_squat_x","One Leg Squat","Quads","Quads","Quadriceps, Thighs","Barbell","Thighs","Thighs","1","74",""
"3900","pistol_squat_to_box","Pistol Squat to Box","Quads","Quads","Thighs","Body weight","Thighs","Thighs","2","74","duplicate_group"
"3901","pistol_squat_to_box_pistol_squat_to_box_84f","Pistol Squat to Box","Quads","Quads","Thighs","Body weight","Thighs","Thighs","2","74","duplicate_group"
"3902","plyo_side_lunge_stretch","Plyo Side Lunge Stretch","Quads","Quads","Quadriceps, Thighs","Body weight","Thighs","Thighs","2","74","duplicate_group"
"3903","plyo_side_lunge_stretch_plyo_side_lunge_stretch_6r4","Plyo Side Lunge Stretch","Quads","Quads","Quadriceps, Thighs","Body weight","Thighs","Thighs","2","74","duplicate_group"
"3904","plyo_sit_squat","Plyo Sit Squat","Quads","Quads","Quadriceps, Thighs","Body weight","Thighs","Thighs","1","74",""
"3905","posterior_step_to_overhead_reach","Posterior Step to Overhead Reach","Quads","Custom","Plyometrics","Body weight","","","1","44","missing_video"
"3906","power_clean","Power Clean","Quads","Custom","Thighs","Barbell","Thighs","Thighs","1","74","image_target:Thighs;video_target:Thighs"
"3907","power_sled_backward_push","Power Sled Backward Push","Quads","Back","Thighs","Power Sled","Thighs","","1","44","missing_video;muscle_mismatch:Quads->Back;image_target:Thighs"
"3908","power_sled_pull_row","Power Sled Pull Row","Quads","Back","Thighs","Power Sled","Back","","1","44","missing_video;muscle_mismatch:Quads->Back"
"3909","power_sled_push","Power Sled Push","Quads","Custom","Quadriceps, Hamstrings, Thighs","Power Sled","Thighs","Thighs","1","74","image_target:Thighs;video_target:Thighs"
"3910","power_sled_rear_batwing","Power Sled Rear Batwing","Quads","Custom","Thighs","Power Sled","Thighs","","1","44","missing_video;image_target:Thighs"
"3911","power_sled_rear_drag","Power Sled Rear Drag","Quads","Custom","Thighs","Power Sled","Thighs","","1","44","missing_video;image_target:Thighs"
"3912","power_sled_rear_lunge","Power Sled Rear Lunge","Quads","Quads","Thighs","Power Sled","Thighs","","2","44","missing_video;duplicate_group"
"3913","power_sled_rear_lunge_power_sled_rear_lunge_805","Power Sled Rear Lunge","Quads","Quads","Thighs","Power Sled","Thighs","","2","44","missing_video;duplicate_group"
"3914","power_sled_rear_lunge_row","Power Sled Rear Lunge Row","Quads","Quads","Back","Power Sled","Back","","1","44","missing_video;image_target:Back"
"3915","prancing","Prancing","Quads","Custom","Plyometrics","Body weight","","","1","44","missing_video"
"3916","prayer_squat_yoga_pose","Prayer Squat Yoga Pose","Quads","Quads","Stretching","Body weight","","","1","44","missing_video"
"3917","prisoner_get_up","Prisoner Get-Up","Quads","Custom","Thighs","Body weight","Thighs","","1","44","missing_video;image_target:Thighs"
"3918","prisoner_jump_squat","Prisoner Jump Squat","Quads","Quads","Plyometrics","Body weight","","","1","44","missing_video"
"3919","prisoner_squat","Prisoner Squat","Quads","Quads","Thighs","Body weight","Thighs","","1","44","missing_video"
"3920","push_up_to_knee_tap","Push up to Knee Tap","Quads","Chest","Plyometrics","Body weight","","","1","44","missing_video;muscle_mismatch:Quads->Chest"
"3921","push_up_pike_toe_touch","Push-up Pike Toe Touch","Quads","Chest","Plyometrics","Body weight","","","1","44","missing_video;muscle_mismatch:Quads->Chest"
"3922","push_up_toe_touch","Push-up Toe Touch","Quads","Chest","Plyometrics","Body weight","","","1","44","missing_video;muscle_mismatch:Quads->Chest"
"3923","pvc_overhead_squat","PVC Overhead Squat","Quads","Quads","Quadriceps, Thighs","Body weight","","Thighs","1","54","missing_image"
"3924","quadriceps","Quadriceps","Quads","Custom","Thighs","Body weight","","","1","24","missing_image;missing_video"
"3925","quadriceps_lying_stretch","Quadriceps lying stretch","Quads","Custom","Thighs","Body weight","Thighs","Thighs","2","74","image_target:Thighs;video_target:Thighs;duplicate_group"
"3926","quadriceps_lying_stretch_quadriceps_lying_stretch_6zj","Quadriceps lying stretch","Quads","Custom","Quadriceps, Thighs","Body weight","Thighs","Thighs","2","74","image_target:Thighs;video_target:Thighs;duplicate_group"
"3927","quadriceps_stretch","Quadriceps stretch","Quads","Custom","Thighs","Body weight","Thighs","Thighs","2","74","image_target:Thighs;video_target:Thighs;duplicate_group"
"3928","quadriceps_stretch_quadriceps_stretch_6zk","Quadriceps stretch","Quads","Custom","Quadriceps, Thighs","Body weight","Thighs","Thighs","2","74","image_target:Thighs;video_target:Thighs;duplicate_group"
"3929","quadriceps_stretch_on_box","Quadriceps Stretch On Box","Quads","Custom","Thighs","Body weight","Thighs","","1","44","missing_video;image_target:Thighs"
"3930","quarter_squat","Quarter Squat","Quads","Quads","Thighs","Barbell","Thighs","Thighs","1","74",""
"3931","quick_feet","Quick Feet","Quads","Custom","Thighs","Body weight","Calves","Calves","1","74","image_target:Calves;video_target:Calves"
"3932","raised_leg_knee_flexor_stretch","Raised Leg Knee Flexor Stretch","Quads","Custom","Thighs","Body weight","Thighs","","1","44","missing_video;image_target:Thighs"
"3933","rear_axe_kick_kickboxing","Rear Axe Kick. Kickboxing","Quads","Custom","Plyometrics","Body weight","","","1","44","missing_video"
"3934","rear_leg_hook_kick_kickboxing","Rear Leg Hook Kick. Kickboxing","Quads","Custom","Plyometrics","Body weight","","","1","44","missing_video"
"3935","rear_lunge","Rear Lunge","Quads","Quads","Quadriceps, Thighs","Dumbbell","Thighs","Thighs","2","74","duplicate_group"
"3936","rear_lunge_rear_lunge_a","Rear Lunge","Quads","Quads","Quadriceps, Thighs","Barbell","Thighs","Thighs","2","74","duplicate_group"
"3937","rear_lunge_with_battling_ropes","Rear Lunge with Battling Ropes","Quads","Quads","Plyometrics","Rope","","","1","44","missing_video"
"3938","reclining_big_toe_pose_with_rope","Reclining Big Toe Pose with Rope","Quads","Custom","Thighs","Rope","Thighs","","1","44","missing_video;image_target:Thighs"
"3939","recumbent_knee_flexor_stretch","Recumbent Knee Flexor Stretch","Quads","Custom","Thighs","Body weight","Thighs","","1","44","missing_video;image_target:Thighs"
"3940","recumbent_knee_flexor_stretch_with_towel","Recumbent Knee Flexor Stretch With Towel","Quads","Custom","Thighs","Body weight","Thighs","","1","44","missing_video;image_target:Thighs"
"3941","resistance_band_cable_squat","Resistance Band Cable Squat","Quads","Quads","Thighs","Cable","Thighs","","1","44","missing_video"
"3942","resistance_band_full_squat","Resistance Band Full Squat","Quads","Quads","Quadriceps, Thighs","Barbell, Resistance Band","Thighs","","1","44","missing_video"
"3943","resistance_band_high_knee_lunge_with_single_arm_row","Resistance Band High Knee Lunge with Single Arm Row","Quads","Quads","Back","Resistance Band","","","1","44","missing_video"
"3944","resistance_band_jump_lunge_with_single_arm_row","Resistance Band Jump Lunge with Single Arm Row","Quads","Quads","Back","Resistance Band","","","1","44","missing_video"
"3945","resistance_band_jump_squat","Resistance Band Jump Squat","Quads","Quads","Thighs","Resistance Band","Thighs","","1","44","missing_video"
"3946","resistance_band_leg_extension","Resistance Band Leg Extension","Quads","Quads","Quadriceps, Thighs","Resistance Band","Thighs","","2","44","missing_video;duplicate_group"
"3947","resistance_band_leg_extension_resistance_band_leg_extension_84c","Resistance Band Leg Extension","Quads","Quads","Quadriceps, Thighs","Resistance Band","Thighs","","2","44","missing_video;duplicate_group"
"3948","resistance_band_leg_lift","Resistance Band Leg Lift","Quads","Custom","Quadriceps, Thighs","Resistance Band","Thighs","","1","44","missing_video;image_target:Thighs"
"3949","resistance_band_long_jump","Resistance Band Long Jump","Quads","Custom","Plyometrics","Resistance Band","","","1","44","missing_video"
"3950","resistance_band_lunge","Resistance Band Lunge","Quads","Quads","Quadriceps, Thighs","Resistance Band","Thighs","","1","44","missing_video"
"3951","resistance_band_smith_squat","Resistance Band Smith Squat","Quads","Quads","Thighs","Smith machine","Thighs","","1","44","missing_video"
"3952","resistance_band_split_squat","Resistance Band Split Squat","Quads","Quads","Quadriceps, Thighs","Resistance Band","Thighs","","1","44","missing_video"
"3953","resistance_band_squat","Resistance Band Squat","Quads","Quads","Thighs","Resistance Band","Thighs","","1","44","missing_video"
"3954","resistance_band_squat_with_single_arm_row","Resistance Band Squat with Single Arm Row","Quads","Quads","Back","Resistance Band","","","1","44","missing_video"
"3955","resistance_band_squatting_front_warming_up","Resistance Band Squatting Front Warming-up","Quads","Quads","Thighs","Resistance Band","","","1","44","missing_video"
"3956","resistance_band_walk","Resistance Band walk","Quads","Custom","Thighs","Resistance Band","Thighs","","1","44","missing_video;image_target:Thighs"
"3957","reverse_hyper_extension","Reverse Hyper extension","Quads","Custom","Thighs","Stability ball","Thighs","","1","44","missing_video;image_target:Thighs"
"3958","reverse_lunge","Reverse Lunge","Quads","Quads","Quadriceps, Thighs","Body weight","Thighs","Thighs","1","74",""
"3959","right_cross_boxing","Right Cross. Boxing","Quads","Custom","Plyometrics","Body weight","","","1","74",""
"3960","right_hook_boxing","Right Hook. Boxing","Quads","Custom","Plyometrics","Body weight","","","1","74",""
"3961","right_uppercut_boxing","Right Uppercut. Boxing","Quads","Custom","Plyometrics","Body weight","","","1","74",""
"3962","rocket_jump","Rocket Jump","Quads","Custom","Thighs","Body weight","Thighs","","1","44","missing_video;image_target:Thighs"
"3963","roll_ball_lateral_vastus","Roll Ball Lateral Vastus","Quads","Custom","Thighs","Rollball","Thighs","","1","44","missing_video;image_target:Thighs"
"3964","roll_ball_popliteal","Roll Ball Popliteal","Quads","Custom","Thighs","Rollball","Thighs","","1","44","missing_video;image_target:Thighs"
"3965","roll_ball_rectus_femoris","Roll Ball Rectus Femoris","Quads","Custom","Thighs","Rollball","Thighs","","1","44","missing_video;image_target:Thighs"
"3966","roundhouse_kick_kickboxing","Roundhouse Kick. Kickboxing","Quads","Custom","Plyometrics","Body weight","","","1","44","missing_video"
"3967","rowing_rowing_7uf","Rowing","Quads","Back","Plyometrics","Leverage machine","","","1","74","muscle_mismatch:Quads->Back"
"3968","run_and_semi_squat_jump","Run and Semi Squat Jump","Quads","Quads","Cardio","Body weight","","","1","74",""
"3969","runners_stretch","Runners Stretch","Quads","Custom","Thighs","Body weight","Thighs","Thighs","2","74","image_target:Thighs;video_target:Thighs;duplicate_group"
"3970","runners_stretch_runners_stretch_748","Runners Stretch","Quads","Custom","Thighs","Body weight","Thighs","Thighs","2","74","image_target:Thighs;video_target:Thighs;duplicate_group"
"3971","safety_bar_elevated_heel_squat","Safety Bar Elevated Heel Squat","Quads","Quads","Thighs","Body weight","Thighs","","1","44","missing_video"
"3972","safety_bar_front_squat","Safety Bar Front Squat","Quads","Quads","Quadriceps, Thighs","Body weight","Thighs","","1","44","missing_video"
"3973","sagittal_plane_lunge_with_overhead_medicine_ball_press","Sagittal Plane Lunge With Overhead Medicine Ball Press","Quads","Quads","Thighs","Medicine Ball","Thighs","","1","44","missing_video"
"3974","sartorius","Sartorius","Quads","Custom","Thighs","Body weight","","","1","24","missing_image;missing_video"
"3975","scissors_scissors_80b","Scissors","Quads","Custom","Thighs","Body weight","","","1","74",""
"3976","seated_knee_flexor_and_hip_adductor_stretch","Seated Knee Flexor And Hip Adductor Stretch","Quads","Custom","Thighs","Body weight","Thighs","Thighs","1","74","image_target:Thighs;video_target:Thighs"
"3977","seated_knee_flexor_stretch","Seated Knee Flexor Stretch","Quads","Custom","Hamstrings, Thighs","Body weight","Thighs","","1","44","missing_video;image_target:Thighs"
"3978","seated_quadriceps_stretch","Seated Quadriceps Stretch","Quads","Custom","Thighs","Body weight","Thighs","","1","44","missing_video;image_target:Thighs"
"3979","seated_wide_angle_pose_sequence","Seated Wide Angle Pose Sequence","Quads","Custom","Thighs","Body weight","Thighs","Thighs","2","74","image_target:Thighs;video_target:Thighs;duplicate_group"
"3980","seated_wide_angle_pose_sequence_seated_wide_angle_pose_sequence_740","Seated Wide Angle Pose Sequence","Quads","Custom","Thighs","Body weight","Thighs","Thighs","2","74","image_target:Thighs;video_target:Thighs;duplicate_group"
"3981","semi_squat_jump","Semi squat Jump","Quads","Quads","Cardio","Body weight","","","1","44","missing_video"
"3982","semimembranosus","Semimembranosus","Quads","Custom","Thighs","Body weight","","","1","24","missing_image;missing_video"
"3983","semitendinosus","Semitendinosus","Quads","Custom","Thighs","Body weight","","","1","24","missing_image;missing_video"
"3984","shoulder_tap_push_up_shoulder_tap_push_up_6sv","Shoulder Tap Push-up","Quads","Shoulders","Plyometrics","Body weight","Shoulders","Shoulders","1","74","muscle_mismatch:Quads->Shoulders"
"3985","shrimp_squat","Shrimp Squat","Quads","Quads","Quadriceps, Thighs","Body weight","Thighs","Thighs","1","74",""
"3986","shuffle","Shuffle","Quads","Custom","Plyometrics","Body weight","","","1","44","missing_video"
"3987","side_bear_crawl","Side Bear Crawl","Quads","Custom","Plyometrics","Body weight","","","1","44","missing_video"
"3988","side_jump_step_up","Side Jump Step Up","Quads","Custom","Thighs","Body weight","","","1","44","missing_video"
"3989","side_kick_kneeling","Side Kick Kneeling","Quads","Custom","Thighs","Body weight","","","1","44","missing_video"
"3990","side_kick_kickboxing","Side Kick. Kickboxing","Quads","Custom","Plyometrics","Body weight","","","1","44","missing_video"
"3991","side_lunge_side_lunge_83e","Side Lunge","Quads","Quads","Quadriceps, Thighs","Body weight","Thighs","Thighs","2","74","duplicate_group"
"3992","side_lunge","Side Lunge","Quads","Quads","Quadriceps, Thighs","Body weight","Thighs","Thighs","2","74","duplicate_group"
"3993","side_lunge_stretch","Side Lunge Stretch","Quads","Quads","Quadriceps, Thighs","Body weight","Thighs","Thighs","1","74",""
"3994","side_lying_feet_raise","Side Lying Feet Raise","Quads","Custom","Thighs","Body weight","Thighs","","1","44","missing_video;image_target:Thighs"
"3995","side_shuttle","Side Shuttle","Quads","Custom","Thighs","Body weight","","","1","44","missing_video"
"3996","side_split","Side Split","Quads","Custom","Thighs","Body weight","","","1","44","missing_video"
"3997","side_split_squat","Side Split Squat","Quads","Quads","Quadriceps, Thighs","Barbell","Thighs","Thighs","1","74",""
"3998","side_to_side_box_shuffle","Side to Side Box Shuffle","Quads","Custom","Plyometrics","Body weight","","","1","44","missing_video"
"3999","single_lean_back_quadriceps_stretch","Single Lean Back Quadriceps Stretch","Quads","Back","Thighs","Body weight","Thighs","Thighs","1","74","muscle_mismatch:Quads->Back;image_target:Thighs;video_target:Thighs"
"4000","single_leg_board_jump","Single Leg Board Jump","Quads","Custom","Plyometrics","Body weight","","","1","44","missing_video"
"4001","single_leg_butt_kick","Single Leg Butt Kick","Quads","Custom","Plyometrics","Body weight","","","1","44","missing_video"
"4002","single_leg_extension","Single Leg Extension","Quads","Quads","Quadriceps, Hamstrings, Thighs","Stability ball","Thighs","","1","74",""
"4003","single_leg_heel_touch_squat","Single Leg Heel Touch Squat","Quads","Quads","Quadriceps, Thighs","Body weight","Thighs","Thighs","1","74",""
"4004","single_leg_low_box_squat","Single Leg Low Box Squat","Quads","Quads","Quadriceps, Thighs","Body weight","Thighs","Thighs","1","74",""
"4005","single_leg_platform_slide","Single Leg Platform Slide","Quads","Custom","Hamstrings, Thighs","Body weight","Thighs","","1","44","missing_video;image_target:Thighs"
"4006","single_leg_push_off","Single Leg Push Off","Quads","Custom","Thighs","Body weight","Thighs","","1","44","missing_video;image_target:Thighs"
"4007","single_leg_sit","Single Leg Sit","Quads","Custom","Quadriceps, Thighs","Body weight","Thighs","","1","44","missing_video;image_target:Thighs"
"4008","single_leg_split_squat","Single Leg Split Squat","Quads","Quads","Quadriceps, Thighs","Dumbbell","Thighs","Thighs","1","74",""
"4009","single_leg_squat","Single Leg Squat","Quads","Quads","Quadriceps, Thighs","Body weight","Thighs","Thighs","1","74",""
"4010","single_leg_squat_with_support","Single Leg Squat with Support","Quads","Quads","Quadriceps, Thighs","Body weight","Thighs","Thighs","2","74","duplicate_group"
"4011","single_leg_squat_with_support_single_leg_squat_with_support_h5","Single Leg Squat with Support","Quads","Quads","Thighs","Body weight","Thighs","Thighs","2","74","duplicate_group"
"4012","single_leg_stand","Single Leg Stand","Quads","Custom","Plyometrics","Body weight","","","1","74",""
"4013","single_leg_stand_on_bosu_ball","Single Leg Stand on Bosu Ball","Quads","Custom","Plyometrics","Body weight, Bosu ball","","","1","74",""
"4014","single_leg_step_up","Single Leg Step Up","Quads","Custom","Quadriceps, Thighs","Body weight","Thighs","","2","44","missing_video;image_target:Thighs;duplicate_group"
"4015","single_leg_step_up_single_leg_step_up_6tt","Single Leg Step-up","Quads","Custom","Quadriceps, Thighs","Body weight","Thighs","","2","44","missing_video;image_target:Thighs;duplicate_group"
"4016","single_leg_stretch","Single Leg Stretch","Quads","Custom","Thighs","Body weight","","","2","74","duplicate_group"
"4017","single_leg_stretch_single_leg_stretch_93e","Single Leg Stretch","Quads","Custom","Thighs","Body weight","","","2","74","duplicate_group"
"4018","single_leg_stride_jump","Single Leg Stride Jump","Quads","Custom","Plyometrics","Body weight","","","1","44","missing_video"
"4019","single_leg_transverse_bend","Single Leg Transverse Bend","Quads","Custom","Thighs","Body weight","Thighs","","1","44","missing_video;image_target:Thighs"
"4020","single_leg_vertical_jump","Single Leg Vertical Jump","Quads","Custom","Plyometrics","Body weight","","","1","44","missing_video"
"4021","single_straight_leg_stretch","Single Straight Leg Stretch","Quads","Custom","Thighs","Body weight","","","2","74","duplicate_group"
"4022","single_straight_leg_stretch_single_straight_leg_stretch_816","Single Straight Leg Stretch","Quads","Custom","Thighs","Body weight","","","2","74","duplicate_group"
"4023","sissy_squat","Sissy Squat","Quads","Quads","Quadriceps, Thighs","Body weight","Thighs","Thighs","1","74",""
"4024","sit","Sit","Quads","Custom","Quadriceps, Thighs","Body weight","Thighs","Thighs","1","74","image_target:Thighs;video_target:Thighs"
"4025","sit_squat","Sit Squat","Quads","Quads","Thighs","Body weight","Thighs","","1","44","missing_video"
"4026","sitting_sumo_mobility_stretch","Sitting Sumo Mobility Stretch","Quads","Custom","Thighs","Body weight","","","1","44","missing_video"
"4027","sitting_sumo_with_arms_up_mobility_stretch","Sitting Sumo with Arms-Up Mobility Stretch","Quads","Custom","Thighs","Body weight","","","1","44","missing_video"
"4028","skater_squat","Skater Squat","Quads","Quads","Quadriceps, Thighs","Body weight","Thighs","","1","44","missing_video"
"4029","ski_ergometer","Ski Ergometer","Quads","Custom","Plyometrics","Leverage machine","","","1","74",""
"4030","skips","Skips","Quads","Custom","Plyometrics","Body weight","","","1","44","missing_video"
"4031","sled_45_degrees_leg_press","Sled 45 degrees Leg Press","Quads","Quads","Quadriceps, Thighs","Sled machine","Thighs","Thighs","1","74",""
"4032","sled_45_degrees_narrow_stance_leg_press","Sled 45 degrees Narrow Stance Leg Press","Quads","Quads","Quadriceps, Thighs","Sled machine","Thighs","Thighs","1","74",""
"4033","sled_45_degrees_wide_stance_leg_press","Sled 45 degrees Wide Stance Leg Press","Quads","Quads","Quadriceps, Thighs","Sled machine","Thighs","Thighs","1","74",""
"4034","sled_45_leg_press","Sled 45° Leg Press","Quads","Quads","Quadriceps, Thighs","Sled machine","","Glutes","2","74","video_target:Glutes;duplicate_group"
"4035","sled_45_leg_press_sled_45_leg_press_1p","Sled 45° Leg Press","Quads","Quads","Quadriceps, Thighs","Sled machine","Thighs","Thighs","2","74","duplicate_group"
"4036","sled_45_leg_wide_press","Sled 45° Leg Wide Press","Quads","Custom","Quadriceps, Thighs","Sled machine","Thighs","Thighs","1","74","image_target:Thighs;video_target:Thighs"
"4037","sled_45_narrow_stance_leg_press","Sled 45├╕ Narrow Stance Leg Press","Quads","Quads","Thighs","Sled machine","Thighs","Thighs","1","74",""
"4038","sled_closer_hack_squat","Sled Closer Hack Squat","Quads","Quads","Quadriceps, Thighs","Sled machine","Thighs","","1","44","missing_video"
"4039","sled_full_hack_squat_sled_full_hack_squat_7ch","Sled Full Hack Squat","Quads","Quads","Thighs","Sled machine","Thighs","","2","44","missing_video;duplicate_group"
"4040","sled_full_hack_squat","Sled Full Hack Squat","Quads","Quads","Thighs","Sled machine","Thighs","","2","44","missing_video;duplicate_group"
"4041","sled_hack_squat_sled_hack_squat_7xr","Sled Hack Squat","Quads","Quads","Quadriceps, Thighs","Sled machine","Thighs","Thighs","1","74",""
"4042","sled_hack_squat_legs","Sled Hack Squat - Legs","Quads","Quads","Thighs","Sled machine","","","1","44","missing_video"
"4043","sled_lying_squat_sled_lying_squat_1s","Sled Lying Squat","Quads","Quads","Quadriceps, Thighs","Sled machine","Thighs","Thighs","2","74","duplicate_group"
"4044","sled_lying_squat","Sled Lying Squat","Quads","Quads","Quadriceps, Thighs","Sled machine","Thighs","Thighs","2","74","duplicate_group"
"4045","sled_one_leg_hack_squat","Sled One Leg Hack Squat","Quads","Quads","Thighs","Sled machine","Thighs","","1","44","missing_video"
"4046","sled_reverse_hack_squat","Sled Reverse Hack Squat","Quads","Quads","Thighs","Sled machine","Thighs","Thighs","1","74",""
"4047","sled_vertical_leg_press","Sled Vertical Leg Press","Quads","Quads","Thighs","Sled machine","Thighs","","1","44","missing_video"
"4048","sled_wide_hack_squat","Sled Wide Hack Squat","Quads","Quads","Quadriceps, Thighs","Sled machine","Thighs","Thighs","1","74",""
"4049","smith_banded_full_squat","Smith Banded Full Squat","Quads","Quads","Thighs","Smith machine","Thighs","","1","44","missing_video"
"4050","smith_chair_squat_smith_chair_squat_7e8","Smith Chair Squat","Quads","Quads","Quadriceps, Thighs","Smith machine","Thighs","Thighs","3","74","duplicate_group"
"4051","smith_chair_squat","Smith Chair Squat","Quads","Quads","Quadriceps, Thighs","Smith machine","Thighs","Thighs","3","74","duplicate_group"
"4052","smith_chair_squat_smith_chair_squat_6u0","Smith Chair Squat","Quads","Quads","Quadriceps, Thighs","Smith machine","Thighs","Thighs","3","74","duplicate_group"
"4053","smith_frankenstein_squat","Smith Frankenstein Squat","Quads","Quads","Thighs","Smith machine","Thighs","","1","44","missing_video"
"4054","smith_front_squat_smith_front_squat_89z","Smith Front Squat","Quads","Quads","Quadriceps, Thighs","Smith machine","Thighs","","3","44","missing_video;duplicate_group"
"4055","smith_front_squat","Smith Front Squat","Quads","Quads","Quadriceps, Thighs","Smith machine","Thighs","","3","44","missing_video;duplicate_group"
"4056","smith_front_squat_smith_front_squat_fz","Smith Front Squat","Quads","Quads","Quadriceps, Thighs","Smith machine","Thighs","Thighs","3","74","duplicate_group"
"4057","smith_full_squat","Smith Full Squat","Quads","Quads","Quadriceps, Thighs","Smith machine","Thighs","","1","44","missing_video"
"4058","smith_lateral_step_up","Smith Lateral Step-Up","Quads","Custom","Quadriceps, Thighs","Smith machine","Thighs","","1","44","missing_video;image_target:Thighs"
"4059","smith_leg_press","Smith Leg Press","Quads","Quads","Quadriceps, Thighs","Smith machine","Thighs","Thighs","3","74","duplicate_group"
"4060","smith_leg_press_smith_leg_press_1c","Smith Leg Press","Quads","Quads","Quadriceps, Thighs","Smith machine","Thighs","Thighs","3","74","duplicate_group"
"4061","smith_leg_press_smith_leg_press_6uk","Smith Leg Press","Quads","Quads","Quadriceps, Thighs","Smith machine","Thighs","Thighs","3","74","duplicate_group"
"4062","smith_low_bar_squat","Smith Low Bar Squat","Quads","Quads","Quadriceps, Thighs","Smith machine","Thighs","Thighs","1","74",""
"4063","smith_rear_lunge","Smith rear lunge","Quads","Quads","Quadriceps, Thighs","Smith machine","Thighs","","1","44","missing_video"
"4064","smith_single_leg_split_squat","Smith Single Leg Split Squat","Quads","Quads","Quadriceps, Thighs","Smith machine","Thighs","Thighs","3","74","duplicate_group"
"4065","smith_single_leg_split_squat_smith_single_leg_split_squat_29","Smith Single Leg Split Squat","Quads","Quads","Quadriceps, Thighs","Smith machine","Thighs","Thighs","3","74","duplicate_group"
"4066","smith_single_leg_split_squat_smith_single_leg_split_squat_6us","Smith Single Leg Split Squat","Quads","Quads","Quadriceps, Thighs","Smith machine","Thighs","Thighs","3","74","duplicate_group"
"4067","smith_split_squat","Smith Split Squat","Quads","Quads","Thighs","Smith machine","Thighs","Thighs","1","74",""
"4068","smith_sprint_lunge","Smith Sprint Lunge","Quads","Quads","Quadriceps, Thighs","Smith machine","Thighs","Thighs","2","74","duplicate_group"
"4069","smith_sprint_lunge_smith_sprint_lunge_6ut","Smith Sprint Lunge","Quads","Quads","Quadriceps, Thighs","Smith machine","Thighs","Thighs","2","74","duplicate_group"
"4070","smith_squat_to_bench","Smith Squat to Bench","Quads","Quads","Thighs","Smith machine","Thighs","Thighs","1","74",""
"4071","smith_zercher_squat","Smith Zercher Squat","Quads","Quads","Thighs","Smith machine","Thighs","","1","44","missing_video"
"4072","snatch_pull","Snatch Pull","Quads","Custom","Thighs","Barbell","Thighs","","1","74","image_target:Thighs"
"4073","spin_back_kick_kickboxing","Spin Back Kick. Kickboxing","Quads","Back","Plyometrics","Body weight","Back","","1","44","missing_video;muscle_mismatch:Quads->Back"
"4074","spin_hook_kick_kickboxing","Spin Hook Kick. Kickboxing","Quads","Custom","Plyometrics","Body weight","","","1","44","missing_video"
"4075","split_jump_to_box","Split Jump to Box","Quads","Custom","Thighs","Body weight","","","1","74",""
"4076","split_lateral_squat_with_roll","Split Lateral Squat with Roll","Quads","Quads","Quadriceps, Thighs","Body weight","Thighs","","1","44","missing_video"
"4077","split_sprinter_high_lunge","Split Sprinter High Lunge","Quads","Quads","Quadriceps, Thighs","Body weight","Thighs","","1","74",""
"4078","split_sprinter_low_lunge","Split Sprinter Low Lunge","Quads","Quads","Quadriceps, Thighs","Body weight","Thighs","Thighs","1","74",""
"4079","split_squat_with_roll","Split Squat with Roll","Quads","Quads","Quadriceps, Thighs","Body weight","Thighs","","1","44","missing_video"
"4080","split_squats","Split Squats","Quads","Quads","Quadriceps, Thighs","Body weight","Thighs","Thighs","1","74",""
"4081","square_hop","Square Hop","Quads","Custom","Plyometrics","Body weight","","","1","44","missing_video"
"4082","squat","Squat","Quads","Quads","Quadriceps, Thighs","Body weight","Thighs","","4","44","missing_video;duplicate_group"
"4083","squat_squat_6v8","Squat","Quads","Quads","Quadriceps, Thighs","Band","Thighs","","4","44","missing_video;duplicate_group"
"4084","squat_squat_3k","Squat","Quads","Quads","Quadriceps, Thighs","Body weight","Thighs","Thighs","4","74","duplicate_group"
"4085","squat_squat_ft","Squat","Quads","Quads","Quadriceps, Thighs","Dumbbell","Thighs","Thighs","4","74","duplicate_group"
"4086","squat_back","Squat - Back","Quads","Quads","Thighs","Body weight","Back","","1","44","missing_video;image_target:Back"
"4087","squat_jacks","Squat Jacks","Quads","Quads","Cardio","Body weight","","","1","44","missing_video"
"4088","squat_jerk","Squat Jerk","Quads","Quads","Thighs","Barbell","Thighs","","1","44","missing_video"
"4089","squat_mobility","Squat mobility","Quads","Quads","Quadriceps, Thighs","Barbell","Thighs","","1","44","missing_video"
"4090","squat_mobility_complex","Squat mobility Complex","Quads","Quads","Quadriceps, Thighs","Body weight","Thighs","","1","44","missing_video"
"4091","squat_on_bosu_ball","Squat On Bosu Ball","Quads","Quads","Quadriceps, Thighs","Bosu ball","Thighs","Thighs","1","74",""
"4092","squat_tip_toe","Squat Tip Toe","Quads","Quads","Thighs","Body weight","","Thighs","1","54","missing_image"
"4093","squat_to_overhead_reach","Squat to Overhead Reach","Quads","Quads","Plyometrics","Body weight","","","1","44","missing_video"
"4094","squat_tuck_jump","Squat Tuck Jump","Quads","Quads","Plyometrics","Body weight","","","1","74",""
"4095","squats_knee_position","Squats - Knee Position","Quads","Quads","Thighs","Body weight","","","1","44","missing_video"
"4096","stability_ball_single_leg_squat","Stability Ball Single Leg Squat","Quads","Quads","Quadriceps, Thighs","Stability ball","Thighs","Thighs","1","74",""
"4097","stair_jump","Stair Jump","Quads","Custom","Plyometrics","Body weight","","","1","74",""
"4098","stair_up","Stair Up","Quads","Custom","Quadriceps, Thighs","Body weight","Thighs","Thighs","1","74","image_target:Thighs;video_target:Thighs"
"4099","standing_balance_outer_hip_stretch","Standing Balance Outer Hip Stretch","Quads","Custom","Thighs","Body weight","Glutes","","1","44","missing_video;image_target:Glutes"
"4100","standing_balance_quadriceps_stretch","Standing Balance Quadriceps Stretch","Quads","Custom","Quadriceps, Thighs","Body weight","","","1","74",""
"4101","standing_leg_slide_with_towel","Standing Leg Slide with Towel","Quads","Custom","Thighs","Body weight","Thighs","","1","44","missing_video;image_target:Thighs"
"4102","standing_long_jump","Standing Long Jump","Quads","Custom","Plyometrics","Body weight","","","1","44","missing_video"
"4103","standing_quadriceps_stretch","Standing Quadriceps Stretch","Quads","Custom","Quadriceps, Thighs","Body weight","Thighs","Thighs","1","74","image_target:Thighs;video_target:Thighs"
"4104","standing_scissors","Standing Scissors","Quads","Custom","Plyometrics","Body weight","","","1","44","missing_video"
"4105","static_lunge","Static Lunge","Quads","Quads","Thighs","Body weight","Thighs","Thighs","1","74",""
"4106","static_lunge_kick","Static Lunge Kick","Quads","Quads","Quadriceps, Thighs","Body weight","Thighs","","1","44","missing_video"
"4107","stationary_bike_run_stationary_bike_run_7rm","Stationary Bike Run","Quads","Custom","Thighs","Leverage machine","","","1","44","missing_video"
"4108","step_up_crossover","Step up Crossover","Quads","Custom","Cardio","Body weight","","","1","44","missing_video"
"4109","step_up_on_chair","Step-up on Chair","Quads","Custom","Quadriceps, Thighs","Body weight","Thighs","Thighs","1","74","image_target:Thighs;video_target:Thighs"
"4110","stepdown_squat","Stepdown Squat","Quads","Quads","Thighs","Body weight","Thighs","","1","44","missing_video"
"4111","straight_femur","Straight Femur","Quads","Custom","Thighs","Body weight","","","1","24","missing_image;missing_video"
"4112","strongman_apollons_axle","StrongMan Apollons Axle","Quads","Custom","Thighs","Barbell","","","1","44","missing_video"
"4113","strongman_atlas_stones","StrongMan Atlas Stones","Quads","Custom","Thighs","Weighted","","","1","44","missing_video"
"4114","strongman_barbell_farmers_walk","StrongMan Barbell Farmers Walk","Quads","Forearms","Thighs","Barbell","","","1","44","missing_video;muscle_mismatch:Quads->Forearms"
"4115","strongman_car_flip","StrongMan Car Flip","Quads","Custom","Upper Arms, Thighs","Weighted","","","1","44","missing_video"
"4116","strongman_circle_of_conan","StrongMan Circle of Conan","Quads","Custom","Thighs","Weighted","","","1","44","missing_video"
"4117","strongman_duck_walk","StrongMan Duck Walk","Quads","Custom","Thighs","Weighted","","","1","44","missing_video"
"4118","strongman_dumbbell_one_arm_clean_and_jerk","StrongMan Dumbbell One Arm Clean and Jerk","Quads","Custom","Thighs","Dumbbell","","","1","44","missing_video"
"4119","strongman_fingals_fingers","StrongMan Fingals Fingers","Quads","Forearms","Thighs","Weighted","","","1","44","missing_video;muscle_mismatch:Quads->Forearms;reviewed_forearm_rule"
"4120","strongman_front_chest_squat","StrongMan Front Chest Squat","Quads","Quads","Thighs","Barbell","Chest","","1","44","missing_video;image_target:Chest"
"4121","strongman_hood_stones","StrongMan Hood Stones","Quads","Custom","Thighs","Weighted","","","1","44","missing_video"
"4122","strongman_iceland_cross","StrongMan Iceland Cross","Quads","Custom","Thighs","Weighted","","","1","44","missing_video"
"4123","strongman_loading","StrongMan Loading","Quads","Custom","Thighs","Weighted","","","1","44","missing_video"
"4124","strongman_power_stairs","StrongMan Power Stairs","Quads","Custom","Thighs","Weighted","","","1","44","missing_video"
"4125","strongman_sandbag_walk","StrongMan Sandbag Walk","Quads","Custom","Thighs","Weighted","","","1","44","missing_video"
"4126","strongman_shield_carry","StrongMan Shield Carry","Quads","Custom","Thighs","Weighted","","","1","44","missing_video"
"4127","strongman_squats_with_platform","StrongMan Squats with Platform","Quads","Quads","Thighs","Weighted","","","1","44","missing_video"
"4128","strongman_timber_carry","StrongMan Timber Carry","Quads","Custom","Thighs","Weighted","","","1","44","missing_video"
"4129","strongman_viking_press","StrongMan Viking Press","Quads","Custom","Thighs","Weighted","","","1","44","missing_video"
"4130","strongman_wheelbarrow","StrongMan Wheelbarrow","Quads","Back","Thighs","Weighted","","","1","44","missing_video;muscle_mismatch:Quads->Back"
"4131","strongman_yoke_walk","StrongMan Yoke Walk","Quads","Custom","Thighs","Weighted","","","1","44","missing_video"
"4132","sumo_squat","Sumo Squat","Quads","Quads","Quadriceps, Thighs","Body weight","Thighs","Thighs","2","74","duplicate_group"
"4133","sumo_squat_sumo_squat_6vq","Sumo Squat","Quads","Quads","Quadriceps, Thighs","Body weight","Thighs","Thighs","2","74","duplicate_group"
"4134","supported_one_leg_standing_hip_flexor_and_knee_extensor_stretch","Supported One Leg Standing Hip Flexor And Knee Extensor Stretch","Quads","Custom","Thighs","Body weight","Thighs","","1","44","missing_video;image_target:Thighs"
"4135","suspended_split_squat","Suspended Split Squat","Quads","Quads","Quadriceps, Thighs","Body weight","Thighs","Thighs","1","74",""
"4136","suspender_forward_lunge_with_rear_fly","Suspender Forward Lunge with Rear Fly","Quads","Quads","Shoulders","Suspension","Shoulders","","1","44","missing_video;image_target:Shoulders"
"4137","suspension_jump_squat","Suspension Jump Squat","Quads","Quads","Quadriceps, Thighs","Suspension","Thighs","","1","44","missing_video"
"4138","suspension_lunge_back_crossover","Suspension Lunge Back Crossover","Quads","Quads","Quadriceps, Thighs","Suspension","Thighs","","1","44","missing_video"
"4139","suspension_rear_lunge","Suspension Rear Lunge","Quads","Quads","Quadriceps, Thighs","Suspension","Thighs","","1","44","missing_video"
"4140","suspension_side_cross_lunge","Suspension Side Cross Lunge","Quads","Quads","Quadriceps, Thighs","Suspension","Thighs","","1","44","missing_video"
"4141","suspension_side_lunge","Suspension Side Lunge","Quads","Quads","Quadriceps, Thighs","Suspension","Thighs","","1","44","missing_video"
"4142","suspension_side_stretch","Suspension Side Stretch","Quads","Custom","Quadriceps, Thighs","Suspension","Thighs","","1","44","missing_video;image_target:Thighs"
"4143","suspension_single_leg_squat","Suspension Single Leg Squat","Quads","Quads","Quadriceps, Thighs","Suspension","Thighs","Thighs","1","74",""
"4144","suspension_sprinter","Suspension Sprinter","Quads","Custom","Quadriceps, Thighs","Suspension","Thighs","","1","44","missing_video;image_target:Thighs"
"4145","suspension_squat","Suspension Squat","Quads","Quads","Quadriceps, Thighs","Suspension","Thighs","","2","44","missing_video;duplicate_group"
"4146","suspension_squat_suspension_squat_6en","Suspension Squat","Quads","Quads","Quadriceps, Thighs","Suspension","Thighs","Thighs","2","74","duplicate_group"
"4147","suspension_squat_power_pull","Suspension Squat Power Pull","Quads","Quads","Quadriceps, Thighs","Suspension","Thighs","","1","44","missing_video"
"4148","swimming","Swimming","Quads","Custom","Thighs","Body weight","","","1","44","missing_video"
"4149","teaser","Teaser","Quads","Custom","Thighs","Body weight","","","1","44","missing_video"
"4150","tire_flip","Tire Flip","Quads","Custom","Thighs","Body weight","Thighs","","1","44","missing_video;image_target:Thighs"
"4151","toe_touch_sit","Toe Touch Sit","Quads","Custom","Quadriceps, Thighs","Body weight","Thighs","","1","44","missing_video;image_target:Thighs"
"4152","transverse_plane_dumbbell_lunge","Transverse Plane Dumbbell Lunge","Quads","Quads","Thighs","Dumbbell","Thighs","","1","44","missing_video"
"4153","transverse_step_up","Transverse Step Up","Quads","Custom","Thighs","Body weight","Thighs","","1","44","missing_video;image_target:Thighs"
"4154","trap_bar_farmers_carry","Trap Bar Farmers Carry","Quads","Forearms","Thighs","Trap bar","Thighs","Thighs","1","74","muscle_mismatch:Quads->Forearms;image_target:Thighs;video_target:Thighs"
"4155","tuck_jump","Tuck Jump","Quads","Custom","Plyometrics","Body weight","","","1","74",""
"4156","vibrate_plate_lunge","Vibrate Plate Lunge","Quads","Quads","Thighs","Vibrate Plate","","","1","74",""
"4157","vibrate_plate_standing","Vibrate Plate Standing","Quads","Custom","Thighs","Vibrate Plate","","","1","74",""
"4158","walk_elliptical_cross_trainer_walk_elliptical_cross_trainer_7rp","Walk Elliptical Cross Trainer","Quads","Custom","Thighs","Leverage machine","","","1","74",""
"4159","walk_wave_machine_walk_wave_machine_7ro","Walk Wave Machine","Quads","Custom","Thighs","Leverage machine","","","1","74",""
"4160","walking_high_knees_lunge","Walking High Knees Lunge","Quads","Quads","Cardio","Body weight","","","1","74",""
"4161","walking_lunge","Walking Lunge","Quads","Quads","Quadriceps, Thighs","Body weight","Thighs","Thighs","1","74",""
"4162","walking_on_stepmill_walking_on_stepmill_7ap","Walking on Stepmill","Quads","Custom","Thighs","Leverage machine","Thighs","","2","44","missing_video;image_target:Thighs;duplicate_group"
"4163","walking_on_stepmill","Walking on Stepmill","Quads","Custom","Thighs","Leverage machine","Thighs","","2","74","image_target:Thighs;duplicate_group"
"4164","wall_ball","Wall Ball","Quads","Custom","Quadriceps, Thighs","Medicine Ball","Thighs","","1","44","missing_video;image_target:Thighs"
"4165","warming_up_in_lunge","Warming-up in Lunge","Quads","Quads","Upper Arms, Thighs","Body weight","","","7","44","missing_video;duplicate_group"
"4166","warming_up_in_lunge_warming_up_in_lunge_8rh","Warming-up in Lunge","Quads","Quads","Thighs","Body weight","","","7","44","missing_video;duplicate_group"
"4167","warming_up_in_lunge_warming_up_in_lunge_8ri","Warming-up in Lunge","Quads","Quads","Thighs","Body weight","","","7","44","missing_video;duplicate_group"
"4168","warming_up_in_lunge_warming_up_in_lunge_8rj","Warming-up in Lunge","Quads","Quads","Thighs","Body weight","","","7","44","missing_video;duplicate_group"
"4169","warming_up_in_lunge_warming_up_in_lunge_8rk","Warming-up in Lunge","Quads","Quads","Thighs","Body weight","","","7","44","missing_video;duplicate_group"
"4170","warming_up_in_lunge_warming_up_in_lunge_8rl","Warming-up in Lunge","Quads","Quads","Thighs","Body weight","","","7","44","missing_video;duplicate_group"
"4171","warming_up_in_lunge_warming_up_in_lunge_8rm","Warming-up in Lunge","Quads","Quads","Thighs","Body weight","","","7","44","missing_video;duplicate_group"
"4172","warrior_pose","Warrior Pose","Quads","Custom","Thighs","Body weight","","","1","44","missing_video"
"4173","weighted_cossack_squats","Weighted Cossack Squats","Quads","Quads","Quadriceps, Hamstrings, Thighs","Weighted","Thighs","","1","44","missing_video"
"4174","weighted_counterbalanced_skater_squat","Weighted Counterbalanced Skater Squat","Quads","Quads","Thighs","Weighted","Thighs","","1","44","missing_video"
"4175","weighted_counterbalanced_squat","Weighted Counterbalanced Squat","Quads","Quads","Quadriceps, Thighs","Weighted","Thighs","Thighs","1","74",""
"4176","weighted_exercise_ball_wall_squat","Weighted Exercise Ball Wall Squat","Quads","Quads","Thighs","Weighted","Thighs","Thighs","1","74",""
"4177","weighted_kneeling_step_with_swing","Weighted Kneeling Step with Swing","Quads","Custom","Quadriceps, Hamstrings, Thighs","Weighted","Thighs","","1","44","missing_video;image_target:Thighs"
"4178","weighted_lunge_with_swing","Weighted Lunge with Swing","Quads","Quads","Quadriceps, Thighs","Weighted","Thighs","Thighs","1","74",""
"4179","weighted_overhead_press_step_up","Weighted Overhead Press Step Up","Quads","Custom","Thighs","Weighted","Thighs","","1","44","missing_video;image_target:Thighs"
"4180","weighted_reduction_triangle","Weighted Reduction Triangle","Quads","Custom","Hamstrings, Thighs","Stability ball","Thighs","","1","44","missing_video;image_target:Thighs"
"4181","weighted_single_leg_lift","Weighted Single Leg Lift","Quads","Custom","Quadriceps, Thighs","Weighted","Thighs","Thighs","1","74","image_target:Thighs;video_target:Thighs"
"4182","weighted_sissy_squat_weighted_sissy_squat_96r","Weighted Sissy Squat","Quads","Quads","Quadriceps, Thighs","Weighted","Thighs","Thighs","2","74","duplicate_group"
"4183","weighted_sissy_squat","Weighted Sissy Squat","Quads","Quads","Quadriceps, Thighs","Weighted","Thighs","Thighs","2","74","duplicate_group"
"4184","weighted_squat","Weighted Squat","Quads","Quads","Quadriceps, Thighs","Weighted","Thighs","","1","44","missing_video"
"4185","weighted_squat_jump_with_plate","Weighted Squat Jump with Plate","Quads","Quads","Thighs","Weighted","Thighs","","1","44","missing_video"
"4186","weighted_stretch_lunge","Weighted Stretch Lunge","Quads","Quads","Quadriceps, Hamstrings, Thighs","Weighted","Thighs","Thighs","1","74",""
"4187","world_greatest_stretch","World Greatest Stretch","Quads","Custom","Thighs","Body weight","Thighs","","1","44","missing_video;image_target:Thighs"
"4188","x_band_side_walk","X Band Side Walk","Quads","Custom","Thighs","Band","","","1","44","missing_video"
"4189","zigzag_hopes","ZigZag Hopes","Quads","Custom","Plyometrics","Body weight","","","1","44","missing_video"
"4190","across_chest_shoulder_stretch","Across Chest Shoulder Stretch","Shoulders","Shoulders","Shoulders","Body weight","Back","Back","1","74","image_target:Back;video_target:Back"
"4191","alternate_punching_alternate_punching_8t4","Alternate Punching","Shoulders","Custom","Chest, Shoulders","Body weight","","","1","44","missing_video"
"4192","alternate_shoulder_flexion_back_to_wall","Alternate Shoulder Flexion Back to Wall","Shoulders","Shoulders","Shoulders","Body weight","Shoulders","","1","44","missing_video"
"4193","arm_circles","Arm Circles","Shoulders","Custom","Shoulders","Body weight","Shoulders","Shoulders","1","74","image_target:Shoulders;video_target:Shoulders"
"4194","arm_down_rotator_stretch","Arm Down Rotator Stretch","Shoulders","Custom","Shoulders","Body weight","Shoulders","","1","44","missing_video;image_target:Shoulders"
"4195","arm_up_rotator_stretch","Arm Up Rotator Stretch","Shoulders","Custom","Shoulders","Body weight","Shoulders","","1","44","missing_video;image_target:Shoulders"
"4196","arnold_pose","Arnold pose","Shoulders","Custom","","Body weight","","","2","24","missing_image;missing_video;duplicate_group"
"4197","arnold_pose_arnold_pose_8m3","Arnold pose","Shoulders","Custom","","Body weight","","","2","24","missing_image;missing_video;duplicate_group"
"4198","arnold_press","Arnold Press","Shoulders","Custom","Shoulders","Dumbbell","Shoulders","Shoulders","1","74","image_target:Shoulders;video_target:Shoulders"
"4199","assisted_sitting_reverse_shoulder_stretch","Assisted Sitting Reverse Shoulder Stretch","Shoulders","Shoulders","Shoulders","Assisted","Shoulders","","1","44","missing_video"
"4200","band_bent_over_rear_lateral_raise","Band bent-over rear lateral raise","Shoulders","Shoulders","Shoulders","Band","Shoulders","Shoulders","2","74","duplicate_group"
"4201","band_bent_over_rear_lateral_raise_band_bent_over_rear_lateral_raise_6y9","Band bent-over rear lateral raise","Shoulders","Shoulders","Shoulders","Band","Shoulders","Shoulders","2","74","duplicate_group"
"4202","band_face_pull","Band face pull","Shoulders","Shoulders","Shoulders","Band","Shoulders","Shoulders","1","74",""
"4203","band_front_lateral_raise","Band front lateral raise","Shoulders","Shoulders","Shoulders","Band","Shoulders","Shoulders","2","74","duplicate_group"
"4204","band_front_lateral_raise_band_front_lateral_raise_6al","Band front lateral raise","Shoulders","Shoulders","Shoulders","Band","Shoulders","Shoulders","2","74","duplicate_group"
"4205","band_front_raise","Band front raise","Shoulders","Shoulders","Shoulders","Band","Shoulders","Shoulders","1","74",""
"4206","band_lateral_raise_band_lateral_raise_6yn","Band lateral raise","Shoulders","Shoulders","Shoulders","Band","Shoulders","","2","44","missing_video;duplicate_group"
"4207","band_lateral_raise","Band Lateral Raise","Shoulders","Shoulders","Shoulders","Band","Shoulders","Shoulders","2","74","duplicate_group"
"4208","band_pull_apart","Band Pull Apart","Shoulders","Custom","Shoulders","Band","Shoulders","Shoulders","1","74","image_target:Shoulders;video_target:Shoulders"
"4209","band_rear_delt_row","Band rear delt row","Shoulders","Shoulders","Shoulders","Band","Shoulders","Shoulders","1","74",""
"4210","band_reverse_fly","Band reverse fly","Shoulders","Chest","Shoulders","Band","Shoulders","Shoulders","1","74","muscle_mismatch:Shoulders->Chest;image_target:Shoulders;video_target:Shoulders"
"4211","band_shoulder_press","Band shoulder press","Shoulders","Shoulders","Shoulders","Band","Shoulders","","1","44","missing_video"
"4212","band_single_arm_shoulder_press","Band Single Arm Shoulder Press","Shoulders","Shoulders","Shoulders","Band","Shoulders","","2","44","missing_video;duplicate_group"
"4213","band_single_arm_shoulder_press_band_single_arm_shoulder_press_84r","Band Single Arm Shoulder Press","Shoulders","Shoulders","Shoulders","Band","Shoulders","Shoulders","2","74","duplicate_group"
"4214","band_standing_external_shoulder_rotation","Band standing external shoulder rotation","Shoulders","Shoulders","Back","Band","Back","","1","44","missing_video;image_target:Back"
"4215","band_standing_internal_shoulder_rotation","Band standing internal shoulder rotation","Shoulders","Shoulders","Back","Band","Back","","1","44","missing_video;image_target:Back"
"4216","band_standing_rear_delt_row","Band standing rear delt row","Shoulders","Shoulders","Shoulders","Band","Shoulders","Shoulders","2","74","duplicate_group"
"4217","band_standing_rear_delt_row_band_standing_rear_delt_row_6bu","Band standing rear delt row","Shoulders","Shoulders","Shoulders","Band","Shoulders","Shoulders","2","74","duplicate_group"
"4218","band_upright_row_band_upright_row_6z4","Band upright row","Shoulders","Back","Shoulders","Band","Shoulders","","2","44","missing_video;muscle_mismatch:Shoulders->Back;image_target:Shoulders;duplicate_group"
"4219","band_upright_row","Band Upright Row","Shoulders","Back","Shoulders","Band","Shoulders","Shoulders","2","74","muscle_mismatch:Shoulders->Back;image_target:Shoulders;video_target:Shoulders;duplicate_group"
"4220","band_upright_shoulder_external_rotation","Band Upright Shoulder External Rotation","Shoulders","Shoulders","Back","Band","Back","","1","44","missing_video;image_target:Back"
"4221","band_warm_up_shoulder_stretch","Band Warm-up Shoulder Stretch","Shoulders","Shoulders","Chest","Band","Chest","Chest","2","74","image_target:Chest;video_target:Chest;duplicate_group"
"4222","band_warm_up_shoulder_stretch_band_warm_up_shoulder_stretch_7k6","Band Warm-up Shoulder Stretch","Shoulders","Shoulders","Chest","Band","Chest","Chest","2","74","image_target:Chest;video_target:Chest;duplicate_group"
"4223","band_y_raise","Band Y-raise","Shoulders","Custom","Shoulders","Band","Shoulders","Shoulders","1","74","image_target:Shoulders;video_target:Shoulders"
"4224","bar_band_bent_over_rear_delt_fly","Bar Band Bent Over Rear Delt Fly","Shoulders","Shoulders","Shoulders","Stick","Shoulders","","1","44","missing_video"
"4225","bar_band_skier","Bar Band Skier","Shoulders","Custom","Shoulders","Stick","Shoulders","","1","44","missing_video;image_target:Shoulders"
"4226","bar_band_standing_behind_head_military_press","Bar Band Standing Behind Head Military Press","Shoulders","Custom","Shoulders","Stick","Shoulders","","1","44","missing_video;image_target:Shoulders"
"4227","bar_band_standing_single_arm_upright_row","Bar Band Standing Single Arm Upright Row","Shoulders","Back","Shoulders","Stick","Shoulders","","1","44","missing_video;muscle_mismatch:Shoulders->Back;image_target:Shoulders"
"4228","barbell_clean_and_press_barbell_clean_and_press_608","Barbell Clean and Press","Shoulders","Custom","Shoulders","Barbell","Shoulders","Shoulders","1","74","image_target:Shoulders;video_target:Shoulders"
"4229","barbell_front_raise","Barbell Front Raise","Shoulders","Shoulders","Shoulders","Barbell","Shoulders","Shoulders","2","74","duplicate_group"
"4230","barbell_front_raise_barbell_front_raise_60l","Barbell Front Raise","Shoulders","Shoulders","Shoulders","Barbell","Shoulders","Shoulders","2","74","duplicate_group"
"4231","barbell_front_raise_and_pullover","Barbell Front Raise and Pullover","Shoulders","Shoulders","Chest","Barbell","Chest","","1","44","missing_video;image_target:Chest"
"4232","barbell_incline_lying_rear_delt_raise","Barbell Incline Lying Rear Delt Raise","Shoulders","Shoulders","Shoulders","Barbell","Shoulders","Shoulders","1","74",""
"4233","barbell_incline_shoulder_raise","Barbell Incline Shoulder Raise","Shoulders","Shoulders","Chest","Barbell","Chest","","1","44","missing_video;image_target:Chest"
"4234","barbell_military_press","Barbell Military Press","Shoulders","Custom","Shoulders","Barbell","Shoulders","","1","44","missing_video;image_target:Shoulders"
"4235","barbell_one_arm_snatch","Barbell One Arm Snatch","Shoulders","Custom","Shoulders","Barbell","Shoulders","","1","44","missing_video;image_target:Shoulders"
"4236","barbell_rear_delt_raise_barbell_rear_delt_raise_7es","Barbell Rear Delt Raise","Shoulders","Shoulders","Shoulders","Barbell","Shoulders","Shoulders","2","74","duplicate_group"
"4237","barbell_rear_delt_raise","Barbell Rear Delt Raise","Shoulders","Shoulders","Shoulders","Barbell","Shoulders","Shoulders","2","74","duplicate_group"
"4238","barbell_rear_delt_row","Barbell Rear Delt Row","Shoulders","Shoulders","Shoulders","Barbell","Shoulders","Shoulders","1","74",""
"4239","barbell_seated_behind_head_military_press","Barbell Seated Behind Head Military Press","Shoulders","Custom","Shoulders","Barbell","Shoulders","Shoulders","2","74","image_target:Shoulders;video_target:Shoulders;duplicate_group"
"4240","barbell_seated_behind_head_military_press_barbell_seated_behind_head_military_press_61u","Barbell Seated Behind Head Military Press","Shoulders","Custom","Shoulders","Barbell","Shoulders","Shoulders","2","74","image_target:Shoulders;video_target:Shoulders;duplicate_group"
"4241","barbell_seated_bradford_rocky_press","Barbell Seated Bradford Rocky Press","Shoulders","Custom","Shoulders","Barbell","Shoulders","","1","44","missing_video;image_target:Shoulders"
"4242","barbell_seated_front_raise","Barbell Seated Front Raise","Shoulders","Shoulders","Shoulders","Barbell","Shoulders","","1","44","missing_video"
"4243","barbell_seated_high_front_raise","Barbell Seated High Front Raise","Shoulders","Shoulders","Shoulders","Barbell","Shoulders","","1","44","missing_video"
"4244","barbell_seated_overhead_press","Barbell Seated Overhead Press","Shoulders","Custom","Shoulders","Barbell","Shoulders","Shoulders","2","74","image_target:Shoulders;video_target:Shoulders;duplicate_group"
"4245","barbell_seated_overhead_press_barbell_seated_overhead_press_61z","Barbell Seated Overhead Press","Shoulders","Custom","Shoulders","Barbell","Shoulders","Shoulders","2","74","image_target:Shoulders;video_target:Shoulders;duplicate_group"
"4246","barbell_shoulder_grip_upright_row","Barbell Shoulder Grip Upright Row","Shoulders","Shoulders","Shoulders","Barbell","Shoulders","Shoulders","1","74",""
"4247","barbell_skier","Barbell Skier","Shoulders","Custom","Shoulders","Barbell","Shoulders","","2","44","missing_video;image_target:Shoulders;duplicate_group"
"4248","barbell_skier_barbell_skier_628","Barbell Skier","Shoulders","Custom","Shoulders","Barbell","Shoulders","","2","44","missing_video;image_target:Shoulders;duplicate_group"
"4249","barbell_standing_bradford_press","Barbell Standing Bradford Press","Shoulders","Custom","Shoulders","Barbell","Shoulders","","1","44","missing_video;image_target:Shoulders"
"4250","barbell_standing_front_raise_over_head_barbell_standing_front_raise_over_head_867","Barbell Standing Front Raise Over Head","Shoulders","Shoulders","Shoulders","Barbell","Shoulders","","2","44","missing_video;duplicate_group"
"4251","barbell_standing_front_raise_over_head","Barbell Standing Front Raise Over Head","Shoulders","Shoulders","Shoulders","Barbell","Shoulders","","2","44","missing_video;duplicate_group"
"4252","barbell_standing_military_press","Barbell Standing Military Press","Shoulders","Custom","Shoulders","Barbell","Shoulders","Shoulders","1","74","image_target:Shoulders;video_target:Shoulders"
"4253","barbell_standing_wide_military_press","Barbell Standing Wide Military Press","Shoulders","Custom","Shoulders","Barbell","Shoulders","","1","44","missing_video;image_target:Shoulders"
"4254","barbell_upright_row","Barbell Upright Row","Shoulders","Back","Shoulders","Barbell","Shoulders","","4","44","missing_video;muscle_mismatch:Shoulders->Back;image_target:Shoulders;duplicate_group"
"4255","barbell_upright_row_barbell_upright_row_62t","Barbell Upright Row","Shoulders","Back","Shoulders","Barbell","Shoulders","Shoulders","4","74","muscle_mismatch:Shoulders->Back;image_target:Shoulders;video_target:Shoulders;duplicate_group"
"4256","barbell_upright_row_barbell_upright_row_7ti","Barbell Upright Row","Shoulders","Back","Shoulders","Barbell","Shoulders","","4","44","missing_video;muscle_mismatch:Shoulders->Back;image_target:Shoulders;duplicate_group"
"4257","barbell_upright_row_barbell_upright_row_62s","Barbell Upright Row","Shoulders","Back","Shoulders","Barbell","Shoulders","Shoulders","4","74","muscle_mismatch:Shoulders->Back;image_target:Shoulders;video_target:Shoulders;duplicate_group"
"4258","barbell_wide_grip_upright_row","Barbell Wide Grip Upright Row","Shoulders","Back","Shoulders","Barbell","Shoulders","Shoulders","2","74","muscle_mismatch:Shoulders->Back;image_target:Shoulders;video_target:Shoulders;duplicate_group"
"4259","barbell_wide_grip_upright_row_barbell_wide_grip_upright_row_62v","Barbell Wide-grip Upright Row","Shoulders","Back","Shoulders","Barbell","Shoulders","Shoulders","2","74","muscle_mismatch:Shoulders->Back;image_target:Shoulders;video_target:Shoulders;duplicate_group"
"4260","battling_ropes","Battling Ropes","Shoulders","Custom","Shoulders","Rope","","","1","74",""
"4261","battling_ropes_fly","Battling Ropes Fly","Shoulders","Chest","Chest, Shoulders","Battling Rope","","","1","44","missing_video;muscle_mismatch:Shoulders->Chest"
"4262","battling_ropes_high_waves","Battling Ropes High Waves","Shoulders","Custom","Back, Chest, Shoulders","Battling Rope","","","1","44","missing_video"
"4263","bench_seated_press","Bench Seated Press","Shoulders","Custom","Shoulders","Dumbbell","Shoulders","Shoulders","1","74","image_target:Shoulders;video_target:Shoulders"
"4264","bent_arm_shoulder_stretch","Bent Arm Shoulder Stretch","Shoulders","Shoulders","Shoulders","Body weight","Back","","1","44","missing_video;image_target:Back"
"4265","body_up","Body-Up","Shoulders","Custom","Shoulders","Body weight","Shoulders","UpperArms","1","74","image_target:Shoulders;video_target:UpperArms"
"4266","bodyweight_bent_over_rear_delt_fly","Bodyweight Bent Over Rear Delt Fly","Shoulders","Shoulders","Shoulders","Body weight","Shoulders","Shoulders","1","74",""
"4267","bodyweight_standing_around_world_wall_supported","Bodyweight Standing Around World Wall Supported","Shoulders","Custom","Shoulders","Body weight","","Shoulders","1","54","missing_image;video_target:Shoulders"
"4268","bodyweight_standing_military_press","Bodyweight Standing Military Press","Shoulders","Custom","Shoulders","Body weight","Shoulders","Shoulders","1","74","image_target:Shoulders;video_target:Shoulders"
"4269","bodyweight_standing_military_press_wall_supported","Bodyweight Standing Military Press Wall Supported","Shoulders","Custom","Shoulders","Body weight","","Shoulders","1","54","missing_image;video_target:Shoulders"
"4270","cable_alternate_shoulder_press","Cable Alternate Shoulder Press","Shoulders","Shoulders","Shoulders","Cable","Shoulders","","2","44","missing_video;duplicate_group"
"4271","cable_alternate_shoulder_press_cable_alternate_shoulder_press_63k","Cable Alternate Shoulder Press","Shoulders","Shoulders","Shoulders","Cable","Shoulders","","2","44","missing_video;duplicate_group"
"4272","cable_bent_over_one_arm_lateral_raise","Cable Bent-Over One Arm Lateral Raise","Shoulders","Shoulders","Shoulders","Cable","Shoulders","Shoulders","1","74",""
"4273","cable_cross_over_revers_fly","Cable Cross over Revers Fly","Shoulders","Chest","Shoulders","Cable","Shoulders","Shoulders","2","74","muscle_mismatch:Shoulders->Chest;image_target:Shoulders;video_target:Shoulders;duplicate_group"
"4274","cable_cross_over_revers_fly_cable_cross_over_revers_fly_63q","Cable Cross-over Revers Fly","Shoulders","Chest","Shoulders","Cable","Shoulders","Shoulders","2","74","muscle_mismatch:Shoulders->Chest;image_target:Shoulders;video_target:Shoulders;duplicate_group"
"4275","cable_forward_raise","Cable Forward Raise","Shoulders","Custom","Shoulders","Cable","Shoulders","Shoulders","1","74","image_target:Shoulders;video_target:Shoulders"
"4276","cable_front_raise","Cable Front Raise","Shoulders","Shoulders","Chest","Cable","Shoulders","","3","44","missing_video;duplicate_group"
"4277","cable_front_raise_cable_front_raise_7tj","Cable Front Raise","Shoulders","Shoulders","Shoulders","Cable","Shoulders","Shoulders","3","74","duplicate_group"
"4278","cable_front_raise_cable_front_raise_63y","Cable Front Raise","Shoulders","Shoulders","Shoulders","Cable","Shoulders","Shoulders","3","74","duplicate_group"
"4279","cable_front_shoulder_raise","Cable Front Shoulder Raise","Shoulders","Shoulders","Shoulders","Cable","Shoulders","","1","44","missing_video"
"4280","cable_high_row_cable_high_row_7tx","Cable High Row","Shoulders","Back","Shoulders","Cable","Back","","1","44","missing_video;muscle_mismatch:Shoulders->Back"
"4281","cable_incline_cross_rear_fly","Cable Incline Cross Rear Fly","Shoulders","Chest","Shoulders","Cable","Shoulders","","1","44","missing_video;muscle_mismatch:Shoulders->Chest;image_target:Shoulders"
"4282","cable_kneeling_rear_delt_row","Cable Kneeling Rear Delt Row","Shoulders","Shoulders","Shoulders","Cable","Shoulders","","1","74",""
"4283","cable_kneeling_shoulder_press","Cable Kneeling Shoulder Press","Shoulders","Shoulders","Shoulders","Cable","Shoulders","","1","44","missing_video"
"4284","cable_lateral_raise","Cable Lateral Raise","Shoulders","Shoulders","Shoulders","Cable","Shoulders","Shoulders","2","74","duplicate_group"
"4285","cable_lateral_raise_cable_lateral_raise_644","Cable Lateral Raise","Shoulders","Shoulders","Shoulders","Cable","Shoulders","Shoulders","2","74","duplicate_group"
"4286","cable_leaning_lateral_raise","Cable Leaning Lateral Raise","Shoulders","Shoulders","Shoulders","Cable","Shoulders","","1","44","missing_video"
"4287","cable_lying_cross_lateral_raise","Cable Lying Cross Lateral Raise","Shoulders","Shoulders","Shoulders","Cable","Shoulders","","1","44","missing_video"
"4288","cable_lying_front_raise","Cable Lying Front Raise","Shoulders","Shoulders","Shoulders","Cable","Shoulders","","1","44","missing_video"
"4289","cable_lying_upright_row","Cable Lying Upright Row","Shoulders","Back","Shoulders","Cable","Shoulders","","1","44","missing_video;muscle_mismatch:Shoulders->Back;image_target:Shoulders"
"4290","cable_one_arm_front_raise","Cable One Arm Front Raise","Shoulders","Shoulders","Shoulders","Cable","Shoulders","Shoulders","1","74",""
"4291","cable_one_arm_lateral_raise","Cable One Arm Lateral Raise","Shoulders","Shoulders","Shoulders","Cable","Shoulders","Shoulders","2","74","duplicate_group"
"4292","cable_one_arm_lateral_raise_cable_one_arm_lateral_raise_64s","Cable One Arm Lateral Raise","Shoulders","Shoulders","Shoulders","Cable","Shoulders","Shoulders","2","74","duplicate_group"
"4293","cable_one_arm_reverse_fly","Cable One Arm Reverse Fly","Shoulders","Chest","Shoulders","Cable","Shoulders","","1","44","missing_video;muscle_mismatch:Shoulders->Chest;image_target:Shoulders"
"4294","cable_rear_delt_row_cable_rear_delt_row_64c","Cable Rear Delt Row","Shoulders","Shoulders","Shoulders","Cable","Shoulders","","4","44","missing_video;duplicate_group"
"4295","cable_rear_delt_row_cable_rear_delt_row_64d","Cable Rear Delt Row","Shoulders","Shoulders","Shoulders","Cable","Shoulders","Shoulders","4","74","duplicate_group"
"4296","cable_rear_delt_row","Cable Rear Delt Row","Shoulders","Shoulders","Shoulders","Cable","Shoulders","","4","44","missing_video;duplicate_group"
"4297","cable_rear_delt_row_cable_rear_delt_row_8dp","Cable Rear Delt Row","Shoulders","Shoulders","Shoulders","Cable","Shoulders","","4","44","missing_video;duplicate_group"
"4298","cable_seated_rear_delt_fly_with_chest_support","Cable Seated Rear Delt Fly with Chest Support","Shoulders","Shoulders","Shoulders","Cable","Shoulders","","1","44","missing_video"
"4299","cable_seated_rear_lateral_raise","Cable Seated Rear Lateral Raise","Shoulders","Shoulders","Shoulders","Cable","Shoulders","Shoulders","1","74",""
"4300","cable_seated_shoulder_internal_rotation","Cable Seated Shoulder Internal Rotation","Shoulders","Shoulders","Back","Cable","Back","","1","44","missing_video;image_target:Back"
"4301","cable_shoulder_press","Cable Shoulder Press","Shoulders","Shoulders","Shoulders","Cable","Shoulders","","2","44","missing_video;duplicate_group"
"4302","cable_shoulder_press_cable_shoulder_press_6fj","Cable Shoulder Press","Shoulders","Shoulders","Shoulders","Cable","Shoulders","Shoulders","2","74","duplicate_group"
"4303","cable_side_lying_lateral_raise","Cable Side Lying Lateral Raise","Shoulders","Shoulders","Shoulders","Cable","Shoulders","","1","44","missing_video"
"4304","cable_standing_cross_over_high_reverse_fly","Cable Standing Cross-over High Reverse Fly","Shoulders","Chest","Shoulders","Cable","Shoulders","Shoulders","1","74","muscle_mismatch:Shoulders->Chest;image_target:Shoulders;video_target:Shoulders"
"4305","cable_standing_front_raise_variation","Cable Standing Front Raise Variation","Shoulders","Shoulders","Shoulders","Cable","Shoulders","","1","44","missing_video"
"4306","cable_standing_rear_delt_horizontal_row","Cable Standing Rear Delt Horizontal Row","Shoulders","Shoulders","Shoulders","Cable","Shoulders","","1","44","missing_video"
"4307","cable_standing_rear_delt_row","Cable Standing Rear Delt Row","Shoulders","Shoulders","Shoulders","Cable","Shoulders","Shoulders","2","74","duplicate_group"
"4308","cable_standing_rear_delt_row_cable_standing_rear_delt_row_81l","Cable Standing Rear Delt Row","Shoulders","Shoulders","Shoulders","Cable","Shoulders","Shoulders","2","74","duplicate_group"
"4309","cable_standing_shoulder_external_rotation","Cable Standing Shoulder External Rotation","Shoulders","Shoulders","Back","Cable","Back","","2","44","missing_video;image_target:Back;duplicate_group"
"4310","cable_standing_shoulder_external_rotation_cable_standing_shoulder_external_rotation_6fz","Cable Standing Shoulder External Rotation","Shoulders","Shoulders","Back","Cable","Back","Back","2","74","image_target:Back;video_target:Back;duplicate_group"
"4311","cable_supine_reverse_fly","Cable Supine Reverse Fly","Shoulders","Chest","Shoulders","Cable","Shoulders","","1","44","missing_video;muscle_mismatch:Shoulders->Chest;image_target:Shoulders"
"4312","cable_upright_row_cable_upright_row_7tl","Cable Upright Row","Shoulders","Back","Shoulders","Cable","Shoulders","Shoulders","2","74","muscle_mismatch:Shoulders->Back;image_target:Shoulders;video_target:Shoulders;duplicate_group"
"4313","cable_upright_row","Cable Upright Row","Shoulders","Back","Shoulders","Cable","Shoulders","Shoulders","2","74","muscle_mismatch:Shoulders->Back;image_target:Shoulders;video_target:Shoulders;duplicate_group"
"4314","cable_y_raise","Cable Y-raise","Shoulders","Custom","Shoulders","Cable","Shoulders","Shoulders","1","74","image_target:Shoulders;video_target:Shoulders"
"4315","chest_and_front_of_shoulder_stretch","Chest and Front of Shoulder Stretch","Shoulders","Shoulders","Chest","Body weight","Chest","","1","44","missing_video;image_target:Chest"
"4316","chest_bench_press_shoulders","Chest Bench Press - Shoulders","Shoulders","Shoulders","Chest","Barbell","Shoulders","","1","44","missing_video"
"4317","circles_arm","Circles Arm","Shoulders","Custom","Shoulders","Body weight","Shoulders","Shoulders","2","74","image_target:Shoulders;video_target:Shoulders;duplicate_group"
"4318","circles_arm_circles_arm_6gi","Circles Arm","Shoulders","Custom","Shoulders","Body weight","Shoulders","Shoulders","2","74","image_target:Shoulders;video_target:Shoulders;duplicate_group"
"4319","circles_ball","Circles Ball","Shoulders","Custom","Shoulders","Stability ball","Shoulders","","1","44","missing_video;image_target:Shoulders"
"4320","circles_elbow_arm","Circles Elbow Arm","Shoulders","Custom","Shoulders","Body weight","Shoulders","Shoulders","1","74","image_target:Shoulders;video_target:Shoulders"
"4321","cross_over_shoulder_stretch","Cross over shoulder stretch","Shoulders","Shoulders","Back","Body weight","Back","","1","44","missing_video;image_target:Back"
"4322","cross_over_revers_fly","Cross-over Revers Fly","Shoulders","Chest","Shoulders","Cable","Shoulders","Shoulders","1","74","muscle_mismatch:Shoulders->Chest;image_target:Shoulders;video_target:Shoulders"
"4323","decline_pike_press","Decline Pike Press","Shoulders","Custom","Shoulders","Body weight","Shoulders","","1","44","missing_video;image_target:Shoulders"
"4324","decline_shoulder_tap","Decline Shoulder Tap","Shoulders","Shoulders","Chest","Body weight","Chest","Chest","1","74","image_target:Chest;video_target:Chest"
"4325","deltoid","Deltoid","Shoulders","Shoulders","Shoulders","Body weight","","","1","24","missing_image;missing_video"
"4326","dumbbell_4_ways_lateral_raise","Dumbbell 4 Ways Lateral Raise","Shoulders","Shoulders","Shoulders","Dumbbell","Shoulders","","1","44","missing_video"
"4327","dumbbell_alternate_arnold_press","Dumbbell Alternate Arnold Press","Shoulders","Custom","Shoulders","Dumbbell","Shoulders","","1","44","missing_video;image_target:Shoulders"
"4328","dumbbell_alternate_front_raise","Dumbbell Alternate Front Raise","Shoulders","Shoulders","Shoulders","Dumbbell","Shoulders","","1","44","missing_video"
"4329","dumbbell_alternate_shoulder_press","Dumbbell Alternate Shoulder Press","Shoulders","Shoulders","Shoulders","Dumbbell","Shoulders","Shoulders","2","74","duplicate_group"
"4330","dumbbell_alternate_shoulder_press_dumbbell_alternate_shoulder_press_958","Dumbbell Alternate Shoulder Press","Shoulders","Shoulders","Shoulders","Dumbbell","Shoulders","Shoulders","2","74","duplicate_group"
"4331","dumbbell_alternate_side_press","Dumbbell Alternate Side Press","Shoulders","Custom","Shoulders","Dumbbell","Shoulders","","2","44","missing_video;image_target:Shoulders;duplicate_group"
"4332","dumbbell_alternate_side_press_dumbbell_alternate_side_press_6h4","Dumbbell Alternate Side Press","Shoulders","Custom","Shoulders","Dumbbell","Shoulders","Shoulders","2","74","image_target:Shoulders;video_target:Shoulders;duplicate_group"
"4333","dumbbell_archer","Dumbbell Archer","Shoulders","Custom","Shoulders","Dumbbell","Shoulders","","1","44","missing_video;image_target:Shoulders"
"4334","dumbbell_arnold_press","Dumbbell Arnold Press","Shoulders","Custom","Shoulders","Dumbbell","Shoulders","Shoulders","3","74","image_target:Shoulders;video_target:Shoulders;duplicate_group"
"4335","dumbbell_arnold_press_dumbbell_arnold_press_7xt","Dumbbell Arnold Press","Shoulders","Custom","Shoulders","Dumbbell","Shoulders","Shoulders","3","74","image_target:Shoulders;video_target:Shoulders;duplicate_group"
"4336","dumbbell_arnold_press_dumbbell_arnold_press_7rl","Dumbbell Arnold Press","Shoulders","Custom","Shoulders","Dumbbell","Shoulders","Shoulders","3","74","image_target:Shoulders;video_target:Shoulders;duplicate_group"
"4337","dumbbell_bench_seated_press","Dumbbell Bench Seated Press","Shoulders","Custom","Shoulders","Dumbbell","Shoulders","Shoulders","1","74","image_target:Shoulders;video_target:Shoulders"
"4338","dumbbell_bent_arm_lateral_raise","Dumbbell Bent Arm Lateral Raise","Shoulders","Shoulders","Shoulders","Dumbbell","Shoulders","","1","44","missing_video"
"4339","dumbbell_bent_over_alternate_rear_delt_fly","Dumbbell Bent Over Alternate Rear Delt Fly","Shoulders","Shoulders","Shoulders","Dumbbell","Shoulders","","1","44","missing_video"
"4340","dumbbell_chest_supported_lateral_raises","Dumbbell Chest Supported Lateral Raises","Shoulders","Shoulders","Shoulders","Dumbbell","Shoulders","Shoulders","1","74",""
"4341","dumbbell_cuban_press","Dumbbell Cuban Press","Shoulders","Custom","Shoulders","Dumbbell","Shoulders","Shoulders","2","74","image_target:Shoulders;video_target:Shoulders;duplicate_group"
"4342","dumbbell_cuban_press_dumbbell_cuban_press_6hr","Dumbbell Cuban Press","Shoulders","Custom","Shoulders","Dumbbell","Shoulders","","2","44","missing_video;image_target:Shoulders;duplicate_group"
"4343","dumbbell_curl_to_press","Dumbbell Curl to Press","Shoulders","Biceps","Shoulders","Dumbbell","Shoulders","Shoulders","1","74","muscle_mismatch:Shoulders->Biceps;image_target:Shoulders;video_target:Shoulders"
"4344","dumbbell_face_down_lying_shoulder_press","Dumbbell Face Down Lying Shoulder Press","Shoulders","Shoulders","Shoulders","Dumbbell","Shoulders","","1","44","missing_video"
"4345","dumbbell_flat_around_the_world","Dumbbell Flat Around the World","Shoulders","Custom","Chest, Shoulders","Dumbbell","Shoulders","","1","44","missing_video;image_target:Shoulders"
"4346","dumbbell_front_raise_dumbbell_front_raise_6hb","Dumbbell Front Raise","Shoulders","Shoulders","Shoulders","Dumbbell","Shoulders","Shoulders","4","74","duplicate_group"
"4347","dumbbell_front_raise_dumbbell_front_raise_7tm","Dumbbell Front Raise","Shoulders","Shoulders","Shoulders","Dumbbell","Shoulders","Shoulders","4","74","duplicate_group"
"4348","dumbbell_front_raise","Dumbbell Front Raise","Shoulders","Shoulders","Shoulders","Dumbbell","Shoulders","","4","44","missing_video;duplicate_group"
"4349","dumbbell_front_raise_dumbbell_front_raise_6hc","Dumbbell Front Raise","Shoulders","Shoulders","Shoulders","Dumbbell","Shoulders","Shoulders","4","74","duplicate_group"
"4350","dumbbell_full_can_lateral_raise","Dumbbell Full Can Lateral Raise","Shoulders","Shoulders","Shoulders","Dumbbell","Shoulders","","2","44","missing_video;duplicate_group"
"4351","dumbbell_full_can_lateral_raise_dumbbell_full_can_lateral_raise_6hd","Dumbbell Full Can Lateral Raise","Shoulders","Shoulders","Shoulders","Dumbbell","Shoulders","","2","44","missing_video;duplicate_group"
"4352","dumbbell_half_kneeling_military_press","Dumbbell Half Kneeling Military Press","Shoulders","Custom","Shoulders","Dumbbell","Shoulders","","1","44","missing_video;image_target:Shoulders"
"4353","dumbbell_incline_alternate_reverse_fly","Dumbbell Incline Alternate Reverse Fly","Shoulders","Chest","Shoulders","Dumbbell","Shoulders","","1","44","missing_video;muscle_mismatch:Shoulders->Chest;image_target:Shoulders"
"4354","dumbbell_incline_around_the_world","Dumbbell Incline Around the World","Shoulders","Custom","Chest, Shoulders","Dumbbell","Shoulders","","1","44","missing_video;image_target:Shoulders"
"4355","dumbbell_incline_front_raise_with_chest_support","Dumbbell Incline Front Raise with Chest Support","Shoulders","Shoulders","Shoulders","Dumbbell","Shoulders","","1","44","missing_video"
"4356","dumbbell_incline_one_arm_front_raise_with_chest_support","Dumbbell Incline One Arm Front Raise with Chest Support","Shoulders","Shoulders","Shoulders","Dumbbell","Shoulders","","1","44","missing_video"
"4357","dumbbell_incline_one_arm_lateral_raise_dumbbell_incline_one_arm_lateral_raise_89t","Dumbbell Incline One Arm Lateral Raise","Shoulders","Shoulders","Shoulders","Dumbbell","Shoulders","","2","44","missing_video;duplicate_group"
"4358","dumbbell_incline_one_arm_lateral_raise","Dumbbell Incline One Arm Lateral Raise","Shoulders","Shoulders","Shoulders","Dumbbell","Shoulders","Shoulders","2","74","duplicate_group"
"4359","dumbbell_incline_raise","Dumbbell Incline Raise","Shoulders","Custom","Shoulders","Dumbbell","Shoulders","","2","44","missing_video;image_target:Shoulders;duplicate_group"
"4360","dumbbell_incline_raise_dumbbell_incline_raise_6ih","Dumbbell Incline Raise","Shoulders","Custom","Shoulders","Dumbbell","Shoulders","","2","44","missing_video;image_target:Shoulders;duplicate_group"
"4361","dumbbell_incline_rear_fly","Dumbbell Incline Rear Fly","Shoulders","Chest","Shoulders","Dumbbell","Shoulders","Shoulders","1","74","muscle_mismatch:Shoulders->Chest;image_target:Shoulders;video_target:Shoulders"
"4362","dumbbell_incline_rear_lateral_raise","Dumbbell Incline Rear Lateral Raise","Shoulders","Shoulders","Shoulders","Dumbbell","Shoulders","Shoulders","1","74",""
"4363","dumbbell_incline_shoulder_raise","Dumbbell Incline Shoulder Raise","Shoulders","Shoulders","Chest","Dumbbell","Chest","","1","44","missing_video;image_target:Chest"
"4364","dumbbell_incline_t_raise","Dumbbell Incline T-Raise","Shoulders","Custom","Shoulders","Dumbbell","Shoulders","","1","44","missing_video;image_target:Shoulders"
"4365","dumbbell_incline_two_front_raise_with_chest_support","Dumbbell Incline Two Front Raise with Chest Support","Shoulders","Shoulders","Shoulders","Dumbbell","Shoulders","","1","44","missing_video"
"4366","dumbbell_incline_y_raise","Dumbbell Incline Y-Raise","Shoulders","Custom","Shoulders","Dumbbell","Shoulders","Shoulders","1","74","image_target:Shoulders;video_target:Shoulders"
"4367","dumbbell_iron_cross","Dumbbell Iron Cross","Shoulders","Custom","Shoulders","Dumbbell","Shoulders","Shoulders","1","74","image_target:Shoulders;video_target:Shoulders"
"4368","dumbbell_lateral_raise","Dumbbell Lateral Raise","Shoulders","Shoulders","Shoulders","Dumbbell","Shoulders","Shoulders","1","74",""
"4369","dumbbell_lateral_to_front_raise","Dumbbell Lateral to Front Raise","Shoulders","Shoulders","Shoulders","Dumbbell","Shoulders","Shoulders","1","74",""
"4370","dumbbell_lying_external_shoulder_rotation","Dumbbell lying external shoulder rotation","Shoulders","Shoulders","Back","Dumbbell","Back","","2","44","missing_video;image_target:Back;duplicate_group"
"4371","dumbbell_lying_external_shoulder_rotation_dumbbell_lying_external_shoulder_rotation_6xf","Dumbbell lying external shoulder rotation","Shoulders","Shoulders","Back","Dumbbell","Back","","2","44","missing_video;image_target:Back;duplicate_group"
"4372","dumbbell_lying_on_floor_rear_delt_raise","Dumbbell Lying on Floor Rear Delt Raise","Shoulders","Shoulders","Shoulders","Dumbbell","Shoulders","Shoulders","1","74",""
"4373","dumbbell_lying_one_arm_deltoid_rear","Dumbbell Lying One Arm Deltoid Rear","Shoulders","Shoulders","Shoulders","Dumbbell","Shoulders","Shoulders","1","74",""
"4374","dumbbell_lying_one_arm_rear_lateral_raise","Dumbbell Lying One Arm Rear Lateral Raise","Shoulders","Shoulders","Shoulders","Dumbbell","Shoulders","","2","44","missing_video;duplicate_group"
"4375","dumbbell_lying_one_arm_rear_lateral_raise_dumbbell_lying_one_arm_rear_lateral_raise_6ib","Dumbbell Lying One Arm Rear Lateral Raise","Shoulders","Shoulders","Shoulders","Dumbbell","Shoulders","Shoulders","2","74","duplicate_group"
"4376","dumbbell_lying_pronated_grip_maltese_hold_isometric","Dumbbell Lying Pronated Grip Maltese Hold Isometric","Shoulders","Custom","Shoulders","Dumbbell","","","1","44","missing_video"
"4377","dumbbell_lying_rear_delt_row","Dumbbell Lying Rear Delt Row","Shoulders","Shoulders","Back","Dumbbell","Back","","1","44","missing_video;image_target:Back"
"4378","dumbbell_lying_rear_lateral_raise","Dumbbell Lying Rear Lateral Raise","Shoulders","Shoulders","Shoulders","Dumbbell","Shoulders","Shoulders","1","74",""
"4379","dumbbell_one_arm_bent_over_row_dumbbell_one_arm_bent_over_row_7xa","Dumbbell One Arm Bent over Row","Shoulders","Back","Shoulders","Dumbbell","Shoulders","Shoulders","1","74","muscle_mismatch:Shoulders->Back;image_target:Shoulders;video_target:Shoulders"
"4380","dumbbell_one_arm_front_raise","Dumbbell One Arm Front Raise","Shoulders","Shoulders","Shoulders","Dumbbell","Shoulders","Shoulders","1","74",""
"4381","dumbbell_one_arm_lateral_raise","Dumbbell One Arm Lateral Raise","Shoulders","Shoulders","Shoulders","Dumbbell","Shoulders","Shoulders","3","74","duplicate_group"
"4382","dumbbell_one_arm_lateral_raise_dumbbell_one_arm_lateral_raise_869","Dumbbell One Arm Lateral Raise","Shoulders","Shoulders","Shoulders","Dumbbell","Shoulders","","3","44","missing_video;duplicate_group"
"4383","dumbbell_one_arm_lateral_raise_dumbbell_one_arm_lateral_raise_6j1","Dumbbell One Arm Lateral Raise","Shoulders","Shoulders","Shoulders","Dumbbell","Shoulders","Shoulders","3","74","duplicate_group"
"4384","dumbbell_one_arm_lateral_raise_with_support","Dumbbell One Arm Lateral Raise with support","Shoulders","Shoulders","Shoulders","Dumbbell","Shoulders","","1","44","missing_video"
"4385","dumbbell_one_arm_reverse_fly_dumbbell_one_arm_reverse_fly_6jf","Dumbbell One Arm Reverse Fly","Shoulders","Chest","Shoulders","Dumbbell","Shoulders","","3","44","missing_video;muscle_mismatch:Shoulders->Chest;image_target:Shoulders;duplicate_group"
"4386","dumbbell_one_arm_reverse_fly_dumbbell_one_arm_reverse_fly_860","Dumbbell One Arm Reverse Fly","Shoulders","Chest","Shoulders","Dumbbell","Shoulders","","3","44","missing_video;muscle_mismatch:Shoulders->Chest;image_target:Shoulders;duplicate_group"
"4387","dumbbell_one_arm_reverse_fly","Dumbbell One Arm Reverse Fly","Shoulders","Chest","Shoulders","Dumbbell","Shoulders","","3","44","missing_video;muscle_mismatch:Shoulders->Chest;image_target:Shoulders;duplicate_group"
"4388","dumbbell_one_arm_shoulder_press","Dumbbell One Arm Shoulder Press","Shoulders","Shoulders","Shoulders","Dumbbell","Shoulders","Shoulders","3","74","duplicate_group"
"4389","dumbbell_one_arm_shoulder_press_dumbbell_one_arm_shoulder_press_7xo","Dumbbell One Arm Shoulder Press","Shoulders","Shoulders","Shoulders","Dumbbell","Shoulders","","3","44","missing_video;duplicate_group"
"4390","dumbbell_one_arm_shoulder_press_dumbbell_one_arm_shoulder_press_6jh","Dumbbell One Arm Shoulder Press","Shoulders","Shoulders","Shoulders","Dumbbell","Shoulders","","3","44","missing_video;duplicate_group"
"4391","dumbbell_one_arm_upright_row","Dumbbell One Arm Upright Row","Shoulders","Back","Shoulders","Dumbbell","Shoulders","","2","44","missing_video;muscle_mismatch:Shoulders->Back;image_target:Shoulders;duplicate_group"
"4392","dumbbell_one_arm_upright_row_dumbbell_one_arm_upright_row_6jj","Dumbbell One Arm Upright Row","Shoulders","Back","Shoulders","Dumbbell","Shoulders","","2","44","missing_video;muscle_mismatch:Shoulders->Back;image_target:Shoulders;duplicate_group"
"4393","dumbbell_partials_lateral_raise","Dumbbell Partials Lateral Raise","Shoulders","Shoulders","Shoulders","Dumbbell","Shoulders","","1","44","missing_video"
"4394","dumbbell_push_press","Dumbbell Push Press","Shoulders","Custom","Shoulders","Dumbbell","Shoulders","Shoulders","1","74","image_target:Shoulders;video_target:Shoulders"
"4395","dumbbell_push_up_front_raise","Dumbbell Push-up Front Raise","Shoulders","Shoulders","Chest","Dumbbell","Chest","","1","44","missing_video;image_target:Chest"
"4396","dumbbell_raise","Dumbbell Raise","Shoulders","Custom","Shoulders","Dumbbell","Shoulders","","1","44","missing_video;image_target:Shoulders"
"4397","dumbbell_rear_delt_fly","Dumbbell Rear Delt Fly","Shoulders","Shoulders","Shoulders","Dumbbell","Shoulders","Shoulders","1","74",""
"4398","dumbbell_rear_delt_raise","Dumbbell Rear Delt Raise","Shoulders","Shoulders","Shoulders","Dumbbell","Shoulders","","2","44","missing_video;duplicate_group"
"4399","dumbbell_rear_delt_raise_dumbbell_rear_delt_raise_7v8","Dumbbell Rear Delt Raise","Shoulders","Shoulders","Shoulders","Dumbbell","Shoulders","Shoulders","2","74","duplicate_group"
"4400","dumbbell_rear_delt_row","Dumbbell Rear Delt Row","Shoulders","Shoulders","Back","Dumbbell","Back","Back","1","74","image_target:Back;video_target:Back"
"4401","dumbbell_rear_delt_row_shoulder","Dumbbell Rear Delt Row_shoulder","Shoulders","Shoulders","Shoulders","Dumbbell","Shoulders","Shoulders","1","74",""
"4402","dumbbell_rear_fly","Dumbbell Rear Fly","Shoulders","Chest","Shoulders","Dumbbell","Shoulders","Shoulders","2","74","muscle_mismatch:Shoulders->Chest;image_target:Shoulders;video_target:Shoulders;duplicate_group"
"4403","dumbbell_rear_fly_dumbbell_rear_fly_6jy","Dumbbell Rear Fly","Shoulders","Chest","Shoulders","Dumbbell","Shoulders","Shoulders","2","74","muscle_mismatch:Shoulders->Chest;image_target:Shoulders;video_target:Shoulders;duplicate_group"
"4404","dumbbell_rear_lateral_raise","Dumbbell Rear Lateral Raise","Shoulders","Shoulders","Shoulders","Dumbbell","Shoulders","","2","44","missing_video;duplicate_group"
"4405","dumbbell_rear_lateral_raise_dumbbell_rear_lateral_raise_6ja","Dumbbell Rear Lateral Raise","Shoulders","Shoulders","Shoulders","Dumbbell","Shoulders","Shoulders","2","74","duplicate_group"
"4406","dumbbell_reverse_fly","Dumbbell Reverse Fly","Shoulders","Chest","Shoulders","Dumbbell","Shoulders","Shoulders","1","74","muscle_mismatch:Shoulders->Chest;image_target:Shoulders;video_target:Shoulders"
"4407","dumbbell_rotation_reverse_fly","Dumbbell Rotation Reverse Fly","Shoulders","Chest","Shoulders","Dumbbell","Shoulders","","1","44","missing_video;muscle_mismatch:Shoulders->Chest;image_target:Shoulders"
"4408","dumbbell_scott_press","Dumbbell Scott Press","Shoulders","Custom","Shoulders","Dumbbell","Shoulders","","2","44","missing_video;image_target:Shoulders;duplicate_group"
"4409","dumbbell_scott_press_dumbbell_scott_press_7xe","Dumbbell Scott Press","Shoulders","Custom","Shoulders","Dumbbell","Shoulders","Shoulders","2","74","image_target:Shoulders;video_target:Shoulders;duplicate_group"
"4410","dumbbell_seated_alternate_front_raise_dumbbell_seated_alternate_front_raise_7dm","Dumbbell Seated Alternate Front Raise","Shoulders","Shoulders","Shoulders","Dumbbell","Shoulders","","2","44","missing_video;duplicate_group"
"4411","dumbbell_seated_alternate_front_raise","Dumbbell Seated Alternate Front Raise","Shoulders","Shoulders","Shoulders","Dumbbell","Shoulders","Shoulders","2","74","duplicate_group"
"4412","dumbbell_seated_alternate_press_dumbbell_seated_alternate_press_7dl","Dumbbell Seated Alternate Press","Shoulders","Custom","Shoulders","Dumbbell","Shoulders","","2","44","missing_video;image_target:Shoulders;duplicate_group"
"4413","dumbbell_seated_alternate_press","Dumbbell Seated Alternate Press","Shoulders","Custom","Shoulders","Dumbbell","Shoulders","Shoulders","2","74","image_target:Shoulders;video_target:Shoulders;duplicate_group"
"4414","dumbbell_seated_alternate_shoulder","Dumbbell Seated Alternate Shoulder","Shoulders","Shoulders","Shoulders","Dumbbell","Shoulders","Shoulders","1","74",""
"4415","dumbbell_seated_bent_arm_lateral_raise","Dumbbell Seated Bent Arm Lateral raise","Shoulders","Shoulders","Shoulders","Dumbbell","Shoulders","Shoulders","1","74",""
"4416","dumbbell_seated_bent_over_alternate_rear_delt_fly","Dumbbell Seated Bent Over Alternate Rear Delt Fly","Shoulders","Shoulders","Shoulders","Dumbbell","Shoulders","","1","44","missing_video"
"4417","dumbbell_seated_bent_over_rear_delt_row","Dumbbell Seated Bent Over Rear Delt Row","Shoulders","Shoulders","Shoulders","Dumbbell","Shoulders","","1","44","missing_video"
"4418","dumbbell_seated_cuban_press","Dumbbell Seated Cuban Press","Shoulders","Custom","Shoulders","Dumbbell","Shoulders","","1","44","missing_video;image_target:Shoulders"
"4419","dumbbell_seated_front_and_back_tate_press","Dumbbell Seated Front and Back Tate Press","Shoulders","Back","Triceps, Upper Arms","Dumbbell","Shoulders","","1","44","missing_video;muscle_mismatch:Shoulders->Back;image_target:Shoulders"
"4420","dumbbell_seated_front_raise_dumbbell_seated_front_raise_7to","Dumbbell Seated Front Raise","Shoulders","Shoulders","Shoulders","Dumbbell","Shoulders","Shoulders","2","74","duplicate_group"
"4421","dumbbell_seated_front_raise","Dumbbell Seated Front Raise","Shoulders","Shoulders","Shoulders","Dumbbell","Shoulders","Shoulders","2","74","duplicate_group"
"4422","dumbbell_seated_lateral_raise","Dumbbell Seated Lateral Raise","Shoulders","Shoulders","Shoulders","Dumbbell","Shoulders","","3","44","missing_video;duplicate_group"
"4423","dumbbell_seated_lateral_raise_dumbbell_seated_lateral_raise_7tp","Dumbbell Seated Lateral Raise","Shoulders","Shoulders","Shoulders","Dumbbell","Shoulders","Shoulders","3","74","duplicate_group"
"4424","dumbbell_seated_lateral_raise_dumbbell_seated_lateral_raise_6kg","Dumbbell Seated Lateral Raise","Shoulders","Shoulders","Shoulders","Dumbbell","Shoulders","Shoulders","3","74","duplicate_group"
"4425","dumbbell_seated_lateral_raise_on_stability_ball","Dumbbell Seated Lateral Raise on Stability Ball","Shoulders","Shoulders","Shoulders","Dumbbell","Shoulders","","1","44","missing_video"
"4426","dumbbell_seated_lateral_to_front_raise","Dumbbell Seated Lateral to Front Raise","Shoulders","Shoulders","Shoulders","Dumbbell","Shoulders","","1","44","missing_video"
"4427","dumbbell_seated_on_exercise_ball_shoulder_press","Dumbbell Seated on Exercise Ball Shoulder Press","Shoulders","Shoulders","Shoulders","Dumbbell","Shoulders","","1","44","missing_video"
"4428","dumbbell_seated_one_arm_arnold_press","Dumbbell Seated One Arm Arnold Press","Shoulders","Custom","Shoulders","Dumbbell","Shoulders","","1","44","missing_video;image_target:Shoulders"
"4429","dumbbell_seated_one_arm_front_raise","Dumbbell Seated One Arm Front Raise","Shoulders","Shoulders","Shoulders","Dumbbell","Shoulders","","1","44","missing_video"
"4430","dumbbell_seated_one_arm_shoulder_press","Dumbbell Seated One Arm Shoulder Press","Shoulders","Shoulders","Shoulders","Dumbbell","Shoulders","","1","44","missing_video"
"4431","dumbbell_seated_shoulder_press","Dumbbell Seated Shoulder Press","Shoulders","Shoulders","Shoulders","Dumbbell","Shoulders","Shoulders","4","74","duplicate_group"
"4432","dumbbell_seated_shoulder_press_dumbbell_seated_shoulder_press_7dk","Dumbbell Seated Shoulder Press","Shoulders","Shoulders","Shoulders","Dumbbell","Shoulders","","4","44","missing_video;duplicate_group"
"4433","dumbbell_seated_shoulder_press_dumbbell_seated_shoulder_press_7tq","Dumbbell Seated Shoulder Press","Shoulders","Shoulders","Shoulders","Dumbbell","Shoulders","Shoulders","4","74","duplicate_group"
"4434","dumbbell_seated_shoulder_press_dumbbell_seated_shoulder_press_6kp","Dumbbell Seated Shoulder Press","Shoulders","Shoulders","Shoulders","Dumbbell","Shoulders","Shoulders","4","74","duplicate_group"
"4435","dumbbell_side_lying_one_hand_raise","Dumbbell Side Lying One Hand Raise","Shoulders","Custom","Shoulders","Dumbbell","Shoulders","Shoulders","1","74","image_target:Shoulders;video_target:Shoulders"
"4436","dumbbell_single_arm_leaning_lateral_raise","Dumbbell Single-arm Leaning Lateral Raise","Shoulders","Shoulders","Shoulders","Dumbbell","Shoulders","","1","74",""
"4437","dumbbell_standing_alternate_arnold_press","Dumbbell Standing Alternate Arnold Press","Shoulders","Custom","Shoulders","Dumbbell","Shoulders","","1","44","missing_video;image_target:Shoulders"
"4438","dumbbell_standing_alternate_overhead_press","Dumbbell Standing Alternate Overhead Press","Shoulders","Custom","Shoulders","Dumbbell","Shoulders","","1","74","image_target:Shoulders"
"4439","dumbbell_standing_alternate_raise","Dumbbell Standing Alternate Raise","Shoulders","Custom","Shoulders","Dumbbell","Shoulders","Shoulders","1","74","image_target:Shoulders;video_target:Shoulders"
"4440","dumbbell_standing_alternate_vertical_front_raises","Dumbbell Standing Alternate Vertical Front Raises","Shoulders","Shoulders","Shoulders","Dumbbell","Shoulders","","1","44","missing_video"
"4441","dumbbell_standing_arnold_press","Dumbbell Standing Arnold Press","Shoulders","Custom","Shoulders","Dumbbell","Shoulders","Shoulders","1","74","image_target:Shoulders;video_target:Shoulders"
"4442","dumbbell_standing_around_world","Dumbbell Standing Around World","Shoulders","Custom","Shoulders","Dumbbell","Shoulders","Shoulders","1","74","image_target:Shoulders;video_target:Shoulders"
"4443","dumbbell_standing_bent_arm_lateral_raise","Dumbbell Standing Bent Arm Lateral raise","Shoulders","Shoulders","Shoulders","Dumbbell","Shoulders","Shoulders","1","74",""
"4444","dumbbell_standing_front_raise_above_head","Dumbbell Standing Front Raise Above Head","Shoulders","Shoulders","Shoulders","Dumbbell","Shoulders","Shoulders","1","74",""
"4445","dumbbell_standing_lateral_raise","Dumbbell Standing Lateral Raise","Shoulders","Shoulders","Shoulders","Dumbbell","Shoulders","Shoulders","1","74",""
"4446","dumbbell_standing_one_arm_palm_in_press","Dumbbell Standing One Arm Palm In Press","Shoulders","Custom","Shoulders","Dumbbell","Shoulders","","1","44","missing_video;image_target:Shoulders"
"4447","dumbbell_standing_overhead_press","Dumbbell Standing Overhead Press","Shoulders","Custom","Shoulders","Dumbbell","Shoulders","Shoulders","2","74","image_target:Shoulders;video_target:Shoulders;duplicate_group"
"4448","dumbbell_standing_overhead_press_dumbbell_standing_overhead_press_6l0","Dumbbell Standing Overhead Press","Shoulders","Custom","Shoulders","Dumbbell","Shoulders","Shoulders","2","74","image_target:Shoulders;video_target:Shoulders;duplicate_group"
"4449","dumbbell_standing_palms_in_press","Dumbbell Standing Palms In Press","Shoulders","Custom","Shoulders","Dumbbell","Shoulders","","2","44","missing_video;image_target:Shoulders;duplicate_group"
"4450","dumbbell_standing_palms_in_press_dumbbell_standing_palms_in_press_6l1","Dumbbell Standing Palms In Press","Shoulders","Custom","Shoulders","Dumbbell","Shoulders","Shoulders","2","74","image_target:Shoulders;video_target:Shoulders;duplicate_group"
"4451","dumbbell_upright_row_dumbbell_upright_row_8qm","Dumbbell Upright Row","Shoulders","Back","Shoulders","Dumbbell","Shoulders","Shoulders","2","74","muscle_mismatch:Shoulders->Back;image_target:Shoulders;video_target:Shoulders;duplicate_group"
"4452","dumbbell_upright_row","Dumbbell Upright Row","Shoulders","Back","Shoulders","Dumbbell","Shoulders","Shoulders","2","74","muscle_mismatch:Shoulders->Back;image_target:Shoulders;video_target:Shoulders;duplicate_group"
"4453","dumbbell_upright_shoulder_external_rotation","Dumbbell Upright Shoulder External Rotation","Shoulders","Shoulders","Back","Dumbbell","Back","Back","1","74","image_target:Back;video_target:Back"
"4454","dumbbell_w_press","Dumbbell W press","Shoulders","Custom","Shoulders","Dumbbell","Shoulders","","2","44","missing_video;image_target:Shoulders;duplicate_group"
"4455","dumbbell_w_press_dumbbell_w_press_6lm","Dumbbell W-press","Shoulders","Custom","Shoulders","Dumbbell","Shoulders","","2","44","missing_video;image_target:Shoulders;duplicate_group"
"4456","elbow_out_rotator_stretch","Elbow Out Rotator Stretch","Shoulders","Custom","Shoulders","Body weight","Shoulders","","1","44","missing_video;image_target:Shoulders"
"4457","external_shoulder_rotation_stretch","External Shoulder Rotation Stretch","Shoulders","Shoulders","Shoulders","Body weight","Shoulders","","1","44","missing_video"
"4458","ez_barbell_anti_gravity_press","EZ Barbell Anti Gravity Press","Shoulders","Custom","Shoulders","EZ Barbell","Shoulders","Shoulders","2","74","image_target:Shoulders;video_target:Shoulders;duplicate_group"
"4459","ez_barbell_anti_gravity_press_ez_barbell_anti_gravity_press_6lt","EZ Barbell Anti Gravity Press","Shoulders","Custom","Shoulders","EZ Barbell","Shoulders","Shoulders","2","74","image_target:Shoulders;video_target:Shoulders;duplicate_group"
"4460","ez_bar_incline_front_raise","EZ-bar Incline Front Raise","Shoulders","Shoulders","Shoulders","EZ Barbell","Shoulders","","1","44","missing_video"
"4461","ez_bar_standing_overhead_press","EZ-Bar Standing Overhead Press","Shoulders","Custom","Shoulders","EZ Barbell","Shoulders","","1","44","missing_video;image_target:Shoulders"
"4462","front_raise","Front Raise","Shoulders","Shoulders","Shoulders","Cable","Shoulders","Shoulders","3","74","duplicate_group"
"4463","front_raise_front_raise_8u","Front Raise","Shoulders","Shoulders","Shoulders","Dumbbell","Shoulders","Shoulders","3","74","duplicate_group"
"4464","front_raise_front_raise_l","Front Raise","Shoulders","Shoulders","Shoulders","Barbell","Shoulders","Shoulders","3","74","duplicate_group"
"4465","front_raise_and_pullover","Front Raise and Pullover","Shoulders","Shoulders","Chest","Barbell","Chest","","1","44","missing_video;image_target:Chest"
"4466","front_shoulder_raise","Front Shoulder Raise","Shoulders","Shoulders","Shoulders","Cable","Shoulders","","1","44","missing_video"
"4467","handstand_push_up_handstand_push_up_6mj","Handstand Push-Up","Shoulders","Chest","Shoulders","Body weight","Shoulders","Shoulders","1","74","muscle_mismatch:Shoulders->Chest;image_target:Shoulders;video_target:Shoulders"
"4468","handstand_shoulder_press_with_wall","Handstand Shoulder Press with Wall","Shoulders","Shoulders","Shoulders","Body weight","Shoulders","","1","44","missing_video"
"4469","handstand_walk","Handstand Walk","Shoulders","Custom","Shoulders","Body weight","Shoulders","Shoulders","1","74","image_target:Shoulders;video_target:Shoulders"
"4470","incline_close_grip_push_up","Incline Close-Grip Push-Up","Shoulders","Chest","Shoulders","Body weight","Shoulders","","1","44","missing_video;muscle_mismatch:Shoulders->Chest;image_target:Shoulders"
"4471","incline_front_raise","Incline Front Raise","Shoulders","Shoulders","Shoulders","Dumbbell","Shoulders","Shoulders","1","74",""
"4472","incline_raise","Incline Raise","Shoulders","Custom","Shoulders","Dumbbell","Shoulders","","1","44","missing_video;image_target:Shoulders"
"4473","incline_rear_lateral_raise","Incline Rear Lateral Raise","Shoulders","Shoulders","Shoulders","Dumbbell","Shoulders","Shoulders","1","74",""
"4474","incline_shoulder_tap","Incline Shoulder Tap","Shoulders","Shoulders","Chest","Body weight","Chest","Shoulders","1","74","image_target:Chest"
"4475","internal_shoulder_rotation_stretch","Internal Shoulder Rotation Stretch","Shoulders","Shoulders","Shoulders","Body weight","Back","","1","44","missing_video;image_target:Back"
"4476","kettlebell_alternating_press","Kettlebell Alternating Press","Shoulders","Custom","Shoulders","Kettlebell","Shoulders","Shoulders","1","74","image_target:Shoulders;video_target:Shoulders"
"4477","kettlebell_arnold_press","Kettlebell Arnold Press","Shoulders","Custom","Shoulders","Kettlebell","Shoulders","Shoulders","1","74","image_target:Shoulders;video_target:Shoulders"
"4478","kettlebell_double_jerk","Kettlebell Double Jerk","Shoulders","Custom","Shoulders","Kettlebell","Shoulders","","1","44","missing_video;image_target:Shoulders"
"4479","kettlebell_double_push_press","Kettlebell Double Push Press","Shoulders","Custom","Shoulders","Kettlebell","Shoulders","Shoulders","1","74","image_target:Shoulders;video_target:Shoulders"
"4480","kettlebell_double_snatch","Kettlebell Double Snatch","Shoulders","Custom","Shoulders","Kettlebell","Shoulders","","1","44","missing_video;image_target:Shoulders"
"4481","kettlebell_half_kneeling_one_arm_bottoms_up_press","Kettlebell Half Kneeling One Arm Bottoms-Up Press","Shoulders","Custom","Shoulders","Kettlebell","Shoulders","","1","44","missing_video;image_target:Shoulders"
"4482","kettlebell_half_kneeling_shoulder_press","Kettlebell Half Kneeling Shoulder Press","Shoulders","Shoulders","Shoulders","Kettlebell","Shoulders","Shoulders","1","74",""
"4483","kettlebell_kneeling_one_arm_bottoms_up_press","Kettlebell Kneeling One Arm Bottoms Up Press","Shoulders","Custom","Shoulders","Kettlebell","Shoulders","","1","74","image_target:Shoulders"
"4484","kettlebell_kneeling_one_arm_shoulder_press","Kettlebell Kneeling One Arm Shoulder Press","Shoulders","Shoulders","Shoulders","Kettlebell","Shoulders","","1","44","missing_video"
"4485","kettlebell_lateral_raise","Kettlebell Lateral Raise","Shoulders","Shoulders","Shoulders","Kettlebell","Shoulders","Shoulders","1","74",""
"4486","kettlebell_one_arm_clean_and_jerk","Kettlebell One Arm Clean and Jerk","Shoulders","Custom","Shoulders","Kettlebell","Shoulders","Shoulders","1","74","image_target:Shoulders;video_target:Shoulders"
"4487","kettlebell_one_arm_jerk","Kettlebell One Arm Jerk","Shoulders","Custom","Shoulders","Kettlebell","Shoulders","Shoulders","1","74","image_target:Shoulders;video_target:Shoulders"
"4488","kettlebell_one_arm_military_press_to_the_side","Kettlebell One Arm Military Press To The Side","Shoulders","Custom","Shoulders","Kettlebell","Shoulders","Shoulders","1","74","image_target:Shoulders;video_target:Shoulders"
"4489","kettlebell_one_arm_push_press","Kettlebell One Arm Push Press","Shoulders","Custom","Shoulders","Kettlebell","Shoulders","","1","44","missing_video;image_target:Shoulders"
"4490","kettlebell_one_arm_snatch","Kettlebell One Arm Snatch","Shoulders","Custom","Shoulders","Kettlebell","Shoulders","Shoulders","1","74","image_target:Shoulders;video_target:Shoulders"
"4491","kettlebell_rear_delt_row","Kettlebell Rear Delt Row","Shoulders","Shoulders","Back","Kettlebell","Back","","1","44","missing_video;image_target:Back"
"4492","kettlebell_seated_one_arm_military_press","Kettlebell Seated One Arm Military Press","Shoulders","Custom","Shoulders","Kettlebell","Shoulders","Shoulders","1","74","image_target:Shoulders;video_target:Shoulders"
"4493","kettlebell_seated_press","Kettlebell Seated Press","Shoulders","Custom","Shoulders","Kettlebell","Shoulders","Shoulders","1","74","image_target:Shoulders;video_target:Shoulders"
"4494","kettlebell_seated_two_arm_military_press","Kettlebell Seated Two Arm Military Press","Shoulders","Custom","Shoulders","Kettlebell","Shoulders","Shoulders","1","74","image_target:Shoulders;video_target:Shoulders"
"4495","kettlebell_seesaw_press","Kettlebell Seesaw Press","Shoulders","Custom","Shoulders","Kettlebell","Shoulders","Shoulders","1","74","image_target:Shoulders;video_target:Shoulders"
"4496","kettlebell_slingshot","Kettlebell Slingshot","Shoulders","Custom","Shoulders","Kettlebell","","","1","44","missing_video"
"4497","kettlebell_standing_bottoms_up_one_arm_shoulder_press","Kettlebell Standing Bottoms Up One Arm Shoulder Press","Shoulders","Shoulders","Shoulders","Kettlebell","Shoulders","Shoulders","1","74",""
"4498","kettlebell_standing_slingshots","Kettlebell Standing Slingshots","Shoulders","Custom","Shoulders","Kettlebell","Shoulders","","1","44","missing_video;image_target:Shoulders"
"4499","kettlebell_strict_press","Kettlebell Strict Press","Shoulders","Custom","Shoulders","Kettlebell","Shoulders","Shoulders","1","74","image_target:Shoulders;video_target:Shoulders"
"4500","kettlebell_thruster","Kettlebell Thruster","Shoulders","Custom","Shoulders","Kettlebell","Shoulders","Shoulders","1","74","image_target:Shoulders;video_target:Shoulders"
"4501","kettlebell_two_arm_clean","Kettlebell Two Arm Clean","Shoulders","Custom","Shoulders","Kettlebell","Shoulders","","1","44","missing_video;image_target:Shoulders"
"4502","kettlebell_two_arm_military_press","Kettlebell Two Arm Military Press","Shoulders","Custom","Shoulders","Kettlebell","Shoulders","Shoulders","1","74","image_target:Shoulders;video_target:Shoulders"
"4503","kettlebell_upright_row","Kettlebell Upright Row","Shoulders","Back","Shoulders","Kettlebell","Shoulders","Shoulders","1","74","muscle_mismatch:Shoulders->Back;image_target:Shoulders;video_target:Shoulders"
"4504","kneeling_one_arm_arm_reach_roll_lift","Kneeling One Arm Arm Reach Roll Lift","Shoulders","Custom","Back, Shoulders","Body weight","","","1","44","missing_video"
"4505","kneeling_one_arm_cross_body_stretch","Kneeling One Arm Cross Body Stretch","Shoulders","Custom","Shoulders","Body weight","Shoulders","","1","44","missing_video;image_target:Shoulders"
"4506","kneeling_shoulder_tap_kneeling_shoulder_tap_9j9","Kneeling Shoulder Tap","Shoulders","Shoulders","Chest","Body weight","Chest","Chest","1","74","image_target:Chest;video_target:Chest"
"4507","kneeling_t_spine_mobility_stretching","Kneeling T-Spine Mobility Stretching","Shoulders","Custom","Back, Shoulders","Body weight","","","1","44","missing_video"
"4508","landmine_kneeling_one_arm_shoulder_press","Landmine Kneeling One Arm Shoulder Press","Shoulders","Shoulders","Shoulders","Leverage machine","Shoulders","Shoulders","1","74",""
"4509","landmine_lateral_raise","Landmine Lateral Raise","Shoulders","Shoulders","Shoulders","Barbell","Shoulders","Shoulders","1","74",""
"4510","landmine_resistance_band_one_arm_shoulder_press","Landmine Resistance Band One Arm Shoulder Press","Shoulders","Shoulders","Shoulders","Resistance Band","Shoulders","","1","44","missing_video"
"4511","lateral_raise_lateral_raise_77","Lateral Raise","Shoulders","Shoulders","Shoulders","Cable","Shoulders","Shoulders","2","74","duplicate_group"
"4512","lateral_raise","Lateral Raise","Shoulders","Shoulders","Shoulders","Dumbbell","Shoulders","Shoulders","2","74","duplicate_group"
"4513","lateral_raise_with_towel","Lateral Raise with Towel","Shoulders","Shoulders","Shoulders","Body weight","Shoulders","Shoulders","1","74",""
"4514","lever_cable_shoulder_press","Lever Cable Shoulder Press","Shoulders","Shoulders","Shoulders","Leverage machine","Shoulders","","1","44","missing_video"
"4515","lever_lateral_raise","Lever Lateral Raise","Shoulders","Shoulders","Shoulders","Leverage machine","Shoulders","","5","74","duplicate_group"
"4516","lever_lateral_raise_lever_lateral_raise_8ve","Lever Lateral Raise","Shoulders","Shoulders","Shoulders","Leverage machine","Shoulders","Shoulders","5","74","duplicate_group"
"4517","lever_lateral_raise_lever_lateral_raise_0a","Lever Lateral Raise","Shoulders","Shoulders","Shoulders","Leverage machine","Shoulders","Shoulders","5","74","duplicate_group"
"4518","lever_lateral_raise_lever_lateral_raise_6po","Lever Lateral Raise","Shoulders","Shoulders","Shoulders","Leverage machine","Shoulders","Shoulders","5","74","duplicate_group"
"4519","lever_lateral_raise_lever_lateral_raise_hm","Lever Lateral Raise","Shoulders","Shoulders","Shoulders","Leverage machine","Shoulders","Shoulders","5","74","duplicate_group"
"4520","lever_military_press_lever_military_press_6pr","Lever Military Press","Shoulders","Custom","Shoulders","Leverage machine","Shoulders","Shoulders","3","74","image_target:Shoulders;video_target:Shoulders;duplicate_group"
"4521","lever_military_press_lever_military_press_8ho","Lever Military Press","Shoulders","Custom","Shoulders","Leverage machine","Shoulders","Shoulders","3","74","image_target:Shoulders;video_target:Shoulders;duplicate_group"
"4522","lever_military_press","Lever Military Press","Shoulders","Custom","Shoulders","Leverage machine","Shoulders","Shoulders","3","74","image_target:Shoulders;video_target:Shoulders;duplicate_group"
"4523","lever_one_arm_shoulder_press","Lever One Arm Shoulder Press","Shoulders","Shoulders","Shoulders","Leverage machine","Shoulders","Shoulders","1","74",""
"4524","lever_reverse_shoulder_press","Lever Reverse Shoulder Press","Shoulders","Shoulders","Shoulders","Leverage machine","Shoulders","","1","44","missing_video"
"4525","lever_seated_hammer_grip_shoulder_press","Lever Seated Hammer grip Shoulder Press","Shoulders","Biceps","Shoulders","Leverage machine","Shoulders","Shoulders","1","74","muscle_mismatch:Shoulders->Biceps;image_target:Shoulders;video_target:Shoulders"
"4526","lever_seated_reverse_fly_lever_seated_reverse_fly_6q5","Lever Seated Reverse Fly","Shoulders","Chest","Shoulders","Leverage machine","Shoulders","Shoulders","4","74","muscle_mismatch:Shoulders->Chest;image_target:Shoulders;video_target:Shoulders;duplicate_group"
"4527","lever_seated_reverse_fly","Lever Seated Reverse Fly","Shoulders","Chest","Shoulders","Leverage machine","Shoulders","Shoulders","4","74","muscle_mismatch:Shoulders->Chest;image_target:Shoulders;video_target:Shoulders;duplicate_group"
"4528","lever_seated_reverse_fly_lever_seated_reverse_fly_12","Lever Seated Reverse Fly","Shoulders","Chest","Shoulders","Leverage machine","Shoulders","Shoulders","4","74","muscle_mismatch:Shoulders->Chest;image_target:Shoulders;video_target:Shoulders;duplicate_group"
"4529","lever_seated_reverse_fly_lever_seated_reverse_fly_6q6","Lever Seated Reverse Fly","Shoulders","Chest","Shoulders","Leverage machine","Shoulders","Shoulders","4","74","muscle_mismatch:Shoulders->Chest;image_target:Shoulders;video_target:Shoulders;duplicate_group"
"4530","lever_seated_shoulder_press","Lever Seated Shoulder Press","Shoulders","Shoulders","Shoulders","Leverage machine","Shoulders","Shoulders","2","74","duplicate_group"
"4531","lever_seated_shoulder_press_lever_seated_shoulder_press_fg","Lever Seated Shoulder Press","Shoulders","Shoulders","Shoulders","Leverage machine","Shoulders","Shoulders","2","74","duplicate_group"
"4532","lever_shoulder_press","Lever Shoulder Press","Shoulders","Shoulders","Shoulders","Leverage machine","Shoulders","","4","44","missing_video;duplicate_group"
"4533","lever_shoulder_press_lever_shoulder_press_6xl","Lever Shoulder Press","Shoulders","Shoulders","Shoulders","Leverage machine","Shoulders","","4","44","missing_video;duplicate_group"
"4534","lever_shoulder_press_lever_shoulder_press_7vy","Lever Shoulder Press","Shoulders","Shoulders","Shoulders","Leverage machine","Shoulders","Shoulders","4","74","duplicate_group"
"4535","lever_shoulder_press_lever_shoulder_press_2q","Lever Shoulder Press","Shoulders","Shoulders","Shoulders","Leverage machine","Shoulders","","4","44","missing_video;duplicate_group"
"4536","lying_around_the_world","Lying Around the World","Shoulders","Custom","Shoulders","Body weight","","Shoulders","1","54","missing_image;video_target:Shoulders"
"4537","lying_rear_delt_row","Lying Rear Delt Row","Shoulders","Shoulders","Back","Dumbbell","Back","Back","1","74","image_target:Back;video_target:Back"
"4538","lying_shoulder_sweep","Lying Shoulder Sweep","Shoulders","Shoulders","Chest, Shoulders","Body weight","Shoulders","","1","44","missing_video"
"4539","medicine_ball_around_head_rotation","Medicine Ball Around Head Rotation","Shoulders","Custom","Shoulders","Medicine Ball","Shoulders","","1","44","missing_video;image_target:Shoulders"
"4540","mid_air_lateral_raises_with_switching_palms","Mid Air Lateral Raises With Switching Palms","Shoulders","Shoulders","Shoulders","Body weight","Shoulders","Shoulders","1","74",""
"4541","one_arm_lateral_raise","One Arm Lateral Raise","Shoulders","Shoulders","Shoulders","Cable","Shoulders","Shoulders","1","74",""
"4542","one_arm_shoulder_flexor_stretch","One Arm Shoulder Flexor Stretch","Shoulders","Shoulders","Shoulders","Body weight","Shoulders","","1","44","missing_video"
"4543","overhead_clap","Overhead Clap","Shoulders","Custom","Shoulders","Body weight","Shoulders","Shoulders","1","74","image_target:Shoulders;video_target:Shoulders"
"4544","palm_up_palm_down_rotation","Palm-up   Palm down Rotation","Shoulders","Custom","Shoulders","Body weight","","Shoulders","1","54","missing_image;video_target:Shoulders"
"4545","pike_press","Pike Press","Shoulders","Custom","Shoulders","Body weight","Shoulders","","1","44","missing_video;image_target:Shoulders"
"4546","pike_push_up_pike_push_up_8ps","Pike Push-up","Shoulders","Chest","Shoulders","Body weight","Shoulders","","2","44","missing_video;muscle_mismatch:Shoulders->Chest;image_target:Shoulders;duplicate_group"
"4547","pike_push_up_pike_push_up_8pt","Pike Push-up","Shoulders","Chest","Shoulders","Body weight","Shoulders","","2","44","missing_video;muscle_mismatch:Shoulders->Chest;image_target:Shoulders;duplicate_group"
"4548","pike_to_cobra","Pike to Cobra","Shoulders","Custom","Shoulders","Body weight","Shoulders","","1","44","missing_video;image_target:Shoulders"
"4549","polyquin_side_raise_dumbbell","Polyquin Side Raise Dumbbell","Shoulders","Custom","Shoulders","Dumbbell","Shoulders","","1","44","missing_video;image_target:Shoulders"
"4550","power_sled_high_pull","Power Sled High Pull","Shoulders","Custom","Shoulders","Power Sled","Shoulders","","1","44","missing_video;image_target:Shoulders"
"4551","power_sled_rear_fly","Power Sled Rear Fly","Shoulders","Chest","Shoulders","Power Sled","Shoulders","","1","44","missing_video;muscle_mismatch:Shoulders->Chest;image_target:Shoulders"
"4552","push_press","Push Press","Shoulders","Custom","Shoulders","Barbell","Shoulders","Shoulders","1","74","image_target:Shoulders;video_target:Shoulders"
"4553","push_up_close_grip_off_dumbbell","Push-Up Close-grip off Dumbbell","Shoulders","Chest","Shoulders","Dumbbell","Shoulders","","1","44","missing_video;muscle_mismatch:Shoulders->Chest;image_target:Shoulders"
"4554","pvc_pass_through","PVC Pass Through","Shoulders","Custom","Shoulders","Body weight","Shoulders","Shoulders","1","74","image_target:Shoulders;video_target:Shoulders"
"4555","quickly_swing_arms_in_place","Quickly Swing Arms in place","Shoulders","Custom","Shoulders","Body weight","Shoulders","","1","44","missing_video;image_target:Shoulders"
"4556","reaching_up_shoulder_stretch","Reaching Up Shoulder Stretch","Shoulders","Shoulders","Back","Body weight","Shoulders","","1","44","missing_video"
"4557","rear_delt_fly_with_bed_sheet","Rear Delt Fly with Bed Sheet","Shoulders","Shoulders","Shoulders","Body weight","Shoulders","","1","44","missing_video"
"4558","rear_delt_row","Rear Delt Row","Shoulders","Shoulders","Shoulders","Barbell","Shoulders","Shoulders","1","74",""
"4559","rear_delt_row_with_bed_sheet","Rear Delt Row with Bed Sheet","Shoulders","Shoulders","Back","Body weight","Back","","1","44","missing_video;image_target:Back"
"4560","rear_delt_row_shoulder","Rear Delt Row_shoulder","Shoulders","Shoulders","Shoulders","Dumbbell","Shoulders","Shoulders","1","74",""
"4561","rear_deltoid_stretch","Rear Deltoid Stretch","Shoulders","Shoulders","Shoulders","Body weight","Shoulders","Shoulders","2","74","duplicate_group"
"4562","rear_deltoid_stretch_rear_deltoid_stretch_6rb","Rear Deltoid Stretch","Shoulders","Shoulders","Shoulders","Body weight","Shoulders","Shoulders","2","74","duplicate_group"
"4563","rear_fly","Rear Fly","Shoulders","Chest","Shoulders","Dumbbell","Shoulders","Shoulders","1","74","muscle_mismatch:Shoulders->Chest;image_target:Shoulders;video_target:Shoulders"
"4564","rear_lateral_raise","Rear Lateral Raise","Shoulders","Shoulders","Shoulders","Dumbbell","Shoulders","Shoulders","1","74",""
"4565","resistance_band_bent_over_rear_delt_fly","Resistance Band Bent Over Rear Delt Fly","Shoulders","Shoulders","Shoulders","Resistance Band","Shoulders","","1","44","missing_video"
"4566","resistance_band_half_kneeling_face_pull","Resistance Band Half Kneeling Face Pull","Shoulders","Shoulders","Shoulders","Resistance Band","Shoulders","Shoulders","1","74",""
"4567","resistance_band_pull_apart","Resistance Band Pull Apart","Shoulders","Custom","Shoulders","Resistance Band","Shoulders","","1","44","missing_video;image_target:Shoulders"
"4568","resistance_band_pullapart_resistance_band_pullapart_82x","Resistance Band Pullapart","Shoulders","Custom","Back","Resistance Band","Shoulders","","2","44","missing_video;image_target:Shoulders;duplicate_group"
"4569","resistance_band_pullapart","Resistance Band Pullapart","Shoulders","Custom","Shoulders","Resistance Band","Shoulders","","2","44","missing_video;image_target:Shoulders;duplicate_group"
"4570","resistance_band_rear_delt_row","Resistance Band Rear Delt Row","Shoulders","Shoulders","Back","Resistance Band","Shoulders","","1","44","missing_video"
"4571","resistance_band_rear_fly","Resistance Band Rear Fly","Shoulders","Chest","Shoulders","Resistance Band","Shoulders","","1","44","missing_video;muscle_mismatch:Shoulders->Chest;image_target:Shoulders"
"4572","resistance_band_seated_face_pull","Resistance Band Seated Face Pull","Shoulders","Shoulders","Shoulders","Resistance Band","Shoulders","","1","44","missing_video"
"4573","resistance_band_seated_shoulder_press","Resistance Band Seated Shoulder Press","Shoulders","Shoulders","Shoulders","Resistance Band","Shoulders","","2","44","missing_video;duplicate_group"
"4574","resistance_band_seated_shoulder_press_resistance_band_seated_shoulder_press_8i9","Resistance Band Seated Shoulder Press","Shoulders","Shoulders","Shoulders","Resistance Band","Shoulders","","2","44","missing_video;duplicate_group"
"4575","resistance_band_shoulder_stretch_behind_the_back","Resistance Band Shoulder Stretch Behind the Back","Shoulders","Shoulders","Shoulders","Resistance Band","Back","Back","1","74","image_target:Back;video_target:Back"
"4576","reverse_shoulder_stretch","Reverse Shoulder Stretch","Shoulders","Shoulders","Shoulders","Body weight","Shoulders","","1","44","missing_video"
"4577","roll_ball_deltoid_posterior","Roll Ball Deltoid Posterior","Shoulders","Shoulders","Shoulders","Rollball","Shoulders","Shoulders","1","74",""
"4578","rollball_seated_single_leg_shoulder_flexor_depresor_retractor","Rollball Seated Single Leg Shoulder Flexor Depresor Retractor","Shoulders","Shoulders","Chest","Rollball","Chest","","1","44","missing_video;image_target:Chest"
"4579","rotation_shoulder_stretch","Rotation Shoulder Stretch","Shoulders","Shoulders","Shoulders","Body weight","Shoulders","","1","44","missing_video"
"4580","rotator_cuff","Rotator Cuff","Shoulders","Custom","Shoulders","Body weight","","","1","24","missing_image;missing_video"
"4581","rotator_cuff_stretch","Rotator Cuff Stretch","Shoulders","Custom","Back","Body weight","Shoulders","","1","44","missing_video;image_target:Shoulders"
"4582","seated_behind_head_military_press","Seated Behind Head Military Press","Shoulders","Custom","Shoulders","Barbell","Shoulders","Shoulders","1","74","image_target:Shoulders;video_target:Shoulders"
"4583","seated_front_raise","Seated Front Raise","Shoulders","Shoulders","Shoulders","Dumbbell","Shoulders","Shoulders","1","74",""
"4584","seated_lateral_raise","Seated Lateral Raise","Shoulders","Shoulders","Shoulders","Dumbbell","Shoulders","","1","44","missing_video"
"4585","seated_military_press","Seated Military Press","Shoulders","Custom","Shoulders","Barbell","Shoulders","Shoulders","1","74","image_target:Shoulders;video_target:Shoulders"
"4586","seated_rear_lateral_raise","Seated Rear Lateral Raise","Shoulders","Shoulders","Shoulders","Cable","Shoulders","Shoulders","1","74",""
"4587","seated_shoulder_flexor_depresor_retractor_stretch","Seated Shoulder Flexor Depresor Retractor Stretch","Shoulders","Shoulders","Shoulders","Body weight","Shoulders","Shoulders","1","74",""
"4588","seated_shoulder_flexor_depresor_retractor_stretch_bent_knee","Seated Shoulder Flexor Depresor Retractor Stretch Bent Knee","Shoulders","Shoulders","Chest, Shoulders","Body weight","Shoulders","Shoulders","2","74","duplicate_group"
"4589","seated_shoulder_flexor_depresor_retractor_stretch_bent_knee_seated_shoulder_flexor_depresor_retractor_stretch_bent_knee_8u1","Seated Shoulder Flexor Depresor Retractor Stretch Bent Knee","Shoulders","Shoulders","Upper Arms","Body weight","Shoulders","Shoulders","2","74","duplicate_group"
"4590","seated_shoulder_internal_rotation","Seated Shoulder Internal Rotation","Shoulders","Shoulders","Back","Cable","Back","","1","44","missing_video;image_target:Back"
"4591","seated_shoulder_press","Seated Shoulder Press","Shoulders","Shoulders","Shoulders","Dumbbell","Shoulders","Shoulders","1","74",""
"4592","shoulder_extension_articulations","Shoulder - Extension - Articulations","Shoulders","Shoulders","Shoulders","Body weight","Mobility","Shoulders","1","74","image_target:Mobility"
"4593","shoulder_flexion_articulations","Shoulder - Flexion - Articulations","Shoulders","Shoulders","Shoulders","Body weight","Mobility","Shoulders","1","74","image_target:Mobility"
"4594","shoulder_lateral_rotation","Shoulder - Lateral Rotation","Shoulders","Shoulders","Shoulders","Body weight","Mobility","Shoulders","1","74","image_target:Mobility"
"4595","shoulder_medial_rotation","Shoulder - Medial Rotation","Shoulders","Shoulders","Shoulders","Body weight","Mobility","Shoulders","1","74","image_target:Mobility"
"4596","shoulder_transverse_extension_articulations","Shoulder - Transverse Extension - Articulations","Shoulders","Shoulders","Shoulders","Body weight","Mobility","Shoulders","1","74","image_target:Mobility"
"4597","shoulder_transverse_flexion_articulations","Shoulder - Transverse Flexion - Articulations","Shoulders","Shoulders","Shoulders","Body weight","Mobility","Shoulders","1","74","image_target:Mobility"
"4598","shoulder_adductor_elevator_and_protractor_stretch","Shoulder Adductor Elevator And Protractor Stretch","Shoulders","Shoulders","Shoulders","Body weight","Shoulders","","1","44","missing_video"
"4599","shoulder_adductor_protractor_and_elevator_stretch","Shoulder Adductor Protractor And Elevator Stretch","Shoulders","Shoulders","Shoulders","Body weight","Shoulders","","1","44","missing_video"
"4600","shoulder_backbend_stretch","Shoulder Backbend Stretch","Shoulders","Shoulders","Shoulders","Body weight","Shoulders","Shoulders","1","74",""
"4601","shoulder_circle","Shoulder Circle","Shoulders","Shoulders","Back","Body weight","Back","","1","44","missing_video;image_target:Back"
"4602","shoulder_extensor_adductor_and_retractor_stretch","Shoulder Extensor Adductor And Retractor Stretch","Shoulders","Shoulders","Shoulders","Body weight","Shoulders","","1","44","missing_video"
"4603","shoulder_flexion_back_to_wall","Shoulder Flexion Back to Wall","Shoulders","Shoulders","Back","Body weight","Shoulders","","1","44","missing_video"
"4604","shoulder_grip_pull_up_shoulder_grip_pull_up_8d3","Shoulder Grip Pull-up","Shoulders","Shoulders","Back","Body weight","Back","Back","2","74","image_target:Back;video_target:Back;duplicate_group"
"4605","shoulder_grip_pull_up","Shoulder Grip Pull-up","Shoulders","Shoulders","Back","Body weight","Back","Back","2","74","image_target:Back;video_target:Back;duplicate_group"
"4606","shoulder_lifter","Shoulder lifter","Shoulders","Shoulders","Back","Body weight","","","1","24","missing_image;missing_video"
"4607","shoulder_press","Shoulder Press","Shoulders","Shoulders","Shoulders","Band","Shoulders","","2","44","missing_video;duplicate_group"
"4608","shoulder_press_shoulder_press_7u","Shoulder Press","Shoulders","Shoulders","Shoulders","Cable","Shoulders","Shoulders","2","74","duplicate_group"
"4609","shoulder_stretch_behind_the_back","Shoulder Stretch Behind the Back","Shoulders","Shoulders","Shoulders","Body weight","Back","Back","1","74","image_target:Back;video_target:Back"
"4610","shoulder_stretch_with_towel_behind_the_back","Shoulder Stretch With Towel Behind The Back","Shoulders","Shoulders","Shoulders","Body weight","Back","","1","44","missing_video;image_target:Back"
"4611","shoulder_tap_push_up","Shoulder Tap Push-up","Shoulders","Shoulders","Chest","Body weight","Chest","Chest","1","74","image_target:Chest;video_target:Chest"
"4612","sitting_shoulders_stretch_on_bench","Sitting Shoulders Stretch On Bench","Shoulders","Shoulders","Shoulders","Body weight","Shoulders","","1","44","missing_video"
"4613","smith_incline_shoulder_raises","Smith Incline Shoulder Raises","Shoulders","Shoulders","Chest","Smith machine","Chest","","1","44","missing_video;image_target:Chest"
"4614","smith_rear_delt_row","Smith Rear Delt Row","Shoulders","Shoulders","Shoulders","Smith machine","Shoulders","Back","1","74","video_target:Back"
"4615","smith_seated_shoulder_press_smith_seated_shoulder_press_8vv","Smith Seated Shoulder Press","Shoulders","Shoulders","Shoulders","Smith machine","Shoulders","Shoulders","3","74","duplicate_group"
"4616","smith_seated_shoulder_press","Smith Seated Shoulder Press","Shoulders","Shoulders","Shoulders","Smith machine","Shoulders","Shoulders","3","74","duplicate_group"
"4617","smith_seated_shoulder_press_smith_seated_shoulder_press_6up","Smith Seated Shoulder Press","Shoulders","Shoulders","Shoulders","Smith machine","Shoulders","Shoulders","3","74","duplicate_group"
"4618","smith_shoulder_press","Smith Shoulder Press","Shoulders","Shoulders","Shoulders","Smith machine","Shoulders","Shoulders","2","74","duplicate_group"
"4619","smith_shoulder_press_smith_shoulder_press_6uq","Smith Shoulder Press","Shoulders","Shoulders","Shoulders","Smith machine","Shoulders","Shoulders","2","74","duplicate_group"
"4620","smith_standing_behind_head_military_press","Smith Standing Behind Head Military Press","Shoulders","Custom","Shoulders","Smith machine","Shoulders","","2","44","missing_video;image_target:Shoulders;duplicate_group"
"4621","smith_standing_behind_head_military_press_smith_standing_behind_head_military_press_6uw","Smith Standing Behind Head Military Press","Shoulders","Custom","Shoulders","Smith machine","Shoulders","","2","44","missing_video;image_target:Shoulders;duplicate_group"
"4622","smith_standing_military_press","Smith Standing Military Press","Shoulders","Custom","Shoulders","Smith machine","Shoulders","Shoulders","2","74","image_target:Shoulders;video_target:Shoulders;duplicate_group"
"4623","smith_standing_military_press_smith_standing_military_press_6uy","Smith Standing Military Press","Shoulders","Custom","Shoulders","Smith machine","Shoulders","Shoulders","2","74","image_target:Shoulders;video_target:Shoulders;duplicate_group"
"4624","smith_standing_shoulder_press","Smith Standing Shoulder Press","Shoulders","Shoulders","Shoulders","Smith machine","Shoulders","Shoulders","1","74",""
"4625","smith_upright_row_smith_upright_row_24","Smith Upright Row","Shoulders","Back","Shoulders","Smith machine","Shoulders","Shoulders","2","74","muscle_mismatch:Shoulders->Back;image_target:Shoulders;video_target:Shoulders;duplicate_group"
"4626","smith_upright_row","Smith Upright Row","Shoulders","Back","Shoulders","Smith machine","Shoulders","Shoulders","2","74","muscle_mismatch:Shoulders->Back;image_target:Shoulders;video_target:Shoulders;duplicate_group"
"4627","standing_alternate_arms_circling","Standing Alternate Arms Circling","Shoulders","Custom","Chest, Shoulders","Body weight","Shoulders","Shoulders","1","74","image_target:Shoulders;video_target:Shoulders"
"4628","standing_alternate_raise","Standing Alternate Raise","Shoulders","Custom","Shoulders","Dumbbell","Shoulders","Shoulders","1","74","image_target:Shoulders;video_target:Shoulders"
"4629","standing_arms_circling","Standing Arms Circling","Shoulders","Custom","Chest, Shoulders","Body weight","Shoulders","Shoulders","1","74","image_target:Shoulders;video_target:Shoulders"
"4630","standing_arms_flinging","Standing Arms Flinging","Shoulders","Custom","Chest, Shoulders","Body weight","Shoulders","Shoulders","1","74","image_target:Shoulders;video_target:Shoulders"
"4631","standing_cross_over_high_reverse_fly","Standing Cross-over High Reverse Fly","Shoulders","Chest","Shoulders","Cable","Shoulders","Shoulders","1","74","muscle_mismatch:Shoulders->Chest;image_target:Shoulders;video_target:Shoulders"
"4632","standing_lateral_raise","Standing Lateral Raise","Shoulders","Shoulders","Shoulders","Band","Shoulders","","1","44","missing_video"
"4633","standing_military_press","Standing Military Press","Shoulders","Custom","Shoulders","Barbell","Shoulders","","1","44","missing_video;image_target:Shoulders"
"4634","standing_one_arm_circling","Standing One Arm Circling","Shoulders","Custom","Chest, Shoulders","Body weight","Shoulders","Shoulders","1","74","image_target:Shoulders;video_target:Shoulders"
"4635","standing_phelps","Standing Phelps","Shoulders","Custom","Back, Chest, Shoulders","Body weight","","","1","44","missing_video"
"4636","standing_plate_presses","Standing Plate Presses","Shoulders","Custom","Shoulders","Weighted","Shoulders","Chest","1","74","image_target:Shoulders;video_target:Chest"
"4637","standing_reverse_shoulder_stretch","Standing Reverse Shoulder Stretch","Shoulders","Shoulders","Shoulders","Body weight","Shoulders","Shoulders","1","74",""
"4638","standing_shoulder_circling","Standing Shoulder Circling","Shoulders","Shoulders","Shoulders","Body weight","Shoulders","","1","44","missing_video"
"4639","standing_shoulder_external_rotation","Standing Shoulder External Rotation","Shoulders","Shoulders","Back","Cable","Back","Back","1","74","image_target:Back;video_target:Back"
"4640","standing_t_raise","Standing T-raise","Shoulders","Custom","Shoulders","Body weight","","","1","44","missing_video"
"4641","standing_upright_shoulders_stretch","Standing Upright Shoulders Stretch","Shoulders","Shoulders","Shoulders","Body weight","Shoulders","Shoulders","1","74",""
"4642","standing_wide_military_press","Standing Wide Military Press","Shoulders","Custom","Shoulders","Barbell","Shoulders","Shoulders","1","74","image_target:Shoulders;video_target:Shoulders"
"4643","standing_y_raise","Standing Y-raise","Shoulders","Custom","Shoulders","Body weight","","","1","44","missing_video"
"4644","strongman_crucifix_hold","StrongMan Crucifix Hold","Shoulders","Custom","Shoulders","Weighted","","","1","44","missing_video"
"4645","strongman_front_hold","StrongMan Front Hold","Shoulders","Custom","Shoulders","Weighted","","","1","44","missing_video"
"4646","strongman_iron_block_press","StrongMan Iron Block Press","Shoulders","Custom","Shoulders","Weighted","","","1","44","missing_video"
"4647","subscapularis","Subscapularis","Shoulders","Custom","Shoulders","Body weight","","","1","24","missing_image;missing_video"
"4648","supine_reverse_fly","Supine Reverse Fly","Shoulders","Chest","Shoulders","Cable","Shoulders","","1","44","missing_video;muscle_mismatch:Shoulders->Chest;image_target:Shoulders"
"4649","supraspinatus","Supraspinatus","Shoulders","Custom","Shoulders","Body weight","","","1","24","missing_image;missing_video"
"4650","suspension_face_pul","Suspension Face Pul","Shoulders","Custom","Shoulders","Suspension","Shoulders","","1","44","missing_video;image_target:Shoulders"
"4651","suspension_front_raise","Suspension Front Raise","Shoulders","Shoulders","Shoulders","Suspension","Shoulders","","1","44","missing_video"
"4652","suspension_middle_row","Suspension Middle Row","Shoulders","Back","Shoulders","Suspension","Shoulders","","1","44","missing_video;muscle_mismatch:Shoulders->Back;image_target:Shoulders"
"4653","suspension_rear_delt_row","Suspension Rear Delt Row","Shoulders","Shoulders","Shoulders","Suspension","Shoulders","","1","44","missing_video"
"4654","suspension_reverse_fly","Suspension Reverse Fly","Shoulders","Chest","Shoulders","Suspension","Shoulders","Shoulders","1","74","muscle_mismatch:Shoulders->Chest;image_target:Shoulders;video_target:Shoulders"
"4655","suspension_shoulder_external_rotation","Suspension Shoulder External Rotation","Shoulders","Shoulders","Back","Suspension","Back","","1","44","missing_video;image_target:Back"
"4656","suspension_single_arm_rear_delt_row","Suspension Single Arm Rear Delt Row","Shoulders","Shoulders","Shoulders","Suspension","Shoulders","","1","44","missing_video"
"4657","suspension_split_fly","Suspension Split Fly","Shoulders","Chest","Shoulders","Suspension","Shoulders","","1","44","missing_video;muscle_mismatch:Shoulders->Chest;image_target:Shoulders"
"4658","suspension_y_lateral_raise","Suspension Y Lateral Raise","Shoulders","Shoulders","Shoulders","Suspension","Shoulders","","1","44","missing_video"
"4659","upright_row_upright_row_0f","Upright Row","Shoulders","Back","Shoulders","Dumbbell","Shoulders","Shoulders","5","74","muscle_mismatch:Shoulders->Back;image_target:Shoulders;video_target:Shoulders;duplicate_group"
"4660","upright_row_upright_row_6l","Upright Row","Shoulders","Back","Shoulders","Barbell","Shoulders","Shoulders","5","74","muscle_mismatch:Shoulders->Back;image_target:Shoulders;video_target:Shoulders;duplicate_group"
"4661","upright_row","Upright Row","Shoulders","Back","Shoulders","Barbell","Shoulders","Shoulders","5","74","muscle_mismatch:Shoulders->Back;image_target:Shoulders;video_target:Shoulders;duplicate_group"
"4662","upright_row_upright_row_86","Upright Row","Shoulders","Back","Shoulders","Cable","Shoulders","Shoulders","5","74","muscle_mismatch:Shoulders->Back;image_target:Shoulders;video_target:Shoulders;duplicate_group"
"4663","upright_row_upright_row_h7","Upright Row","Shoulders","Back","Shoulders","Dumbbell","Shoulders","","5","44","missing_video;muscle_mismatch:Shoulders->Back;image_target:Shoulders;duplicate_group"
"4664","upright_shoulder_external_rotation","Upright Shoulder External Rotation","Shoulders","Shoulders","Back","Dumbbell","Back","Back","1","74","image_target:Back;video_target:Back"
"4665","weighted_front_raise","Weighted Front Raise","Shoulders","Shoulders","Shoulders","Weighted","Shoulders","Shoulders","1","74",""
"4666","weighted_round_arm","Weighted Round Arm","Shoulders","Custom","Shoulders","Weighted","Shoulders","Shoulders","1","74","image_target:Shoulders;video_target:Shoulders"
"4667","weighted_standing_shoulder_press","Weighted Standing Shoulder Press","Shoulders","Shoulders","Shoulders","Weighted","Shoulders","","1","44","missing_video"
"4668","wrap_around_shoulder_stretch","Wrap around shoulder stretch","Shoulders","Shoulders","Back","Body weight","Back","","1","44","missing_video;image_target:Back"
"4669","alternate_triceps_extension","Alternate Triceps Extension","Triceps","Triceps","Triceps, Upper Arms","Cable","UpperArms","UpperArms","1","74",""
"4670","assisted_close_grip_underhand_chin_up","Assisted Close grip Underhand Chin up","Triceps","Back","Back","Leverage machine","Back","Back","1","74","muscle_mismatch:Triceps->Back"
"4671","assisted_parallel_close_grip_pull_up","Assisted Parallel Close Grip Pull-up","Triceps","Back","Back","Leverage machine","Back","","1","44","missing_video;muscle_mismatch:Triceps->Back"
"4672","assisted_standing_triceps_dip","Assisted Standing Triceps Dip","Triceps","Triceps","Triceps, Upper Arms","Leverage machine","UpperArms","","1","44","missing_video"
"4673","assisted_standing_triceps_extension","Assisted Standing Triceps Extension","Triceps","Triceps","Triceps, Upper Arms","Assisted","UpperArms","","1","44","missing_video"
"4674","assisted_triceps_dip","Assisted Triceps Dip","Triceps","Triceps","Triceps, Upper Arms","Leverage machine","UpperArms","","2","44","missing_video;duplicate_group"
"4675","assisted_triceps_dip_assisted_triceps_dip_7cc","Assisted Triceps Dip","Triceps","Triceps","Triceps, Upper Arms","Leverage machine","UpperArms","UpperArms","2","74","duplicate_group"
"4676","band_close_grip_biceps_curl","Band Close Grip Biceps Curl","Triceps","Biceps","Biceps, Upper Arms","Band","","","1","74","muscle_mismatch:Triceps->Biceps"
"4677","band_close_grip_row","Band Close Grip Row","Triceps","Back","Back","Band","Back","Back","1","74","muscle_mismatch:Triceps->Back"
"4678","band_fixed_back_close_grip_pulldown","Band Fixed Back Close Grip Pulldown","Triceps","Back","Back","Band","Back","","1","44","missing_video;muscle_mismatch:Triceps->Back"
"4679","band_overhead_single_arm_triceps_extension","Band Overhead Single Arm Triceps Extension","Triceps","Triceps","Triceps, Upper Arms","Band","UpperArms","","2","74","duplicate_group"
"4680","band_overhead_single_arm_triceps_extension_band_overhead_single_arm_triceps_extension_99r","Band Overhead Single Arm Triceps Extension","Triceps","Triceps","Triceps, Upper Arms","Band","UpperArms","","2","74","duplicate_group"
"4681","band_overhead_triceps_extension_band_overhead_triceps_extension_8e2","Band overhead triceps extension","Triceps","Triceps","Triceps, Upper Arms","Band","UpperArms","UpperArms","4","74","duplicate_group"
"4682","band_overhead_triceps_extension_band_overhead_triceps_extension_9fi","Band overhead triceps extension","Triceps","Triceps","Triceps, Upper Arms","Band","UpperArms","","4","44","missing_video;duplicate_group"
"4683","band_overhead_triceps_extension_band_overhead_triceps_extension_6yu","Band overhead triceps extension","Triceps","Triceps","Triceps, Upper Arms","Band","UpperArms","UpperArms","4","74","duplicate_group"
"4684","band_overhead_triceps_extension","Band Overhead Triceps Extension","Triceps","Triceps","Triceps, Upper Arms","Band","","UpperArms","4","54","missing_image;duplicate_group"
"4685","band_pushdown","Band pushdown","Triceps","Triceps","Triceps, Upper Arms","Band","UpperArms","UpperArms","2","74","duplicate_group"
"4686","band_pushdown_band_pushdown_725","Band Pushdown","Triceps","Triceps","Triceps, Upper Arms","Band","UpperArms","UpperArms","2","74","duplicate_group"
"4687","band_side_triceps_extension","Band side triceps extension","Triceps","Triceps","Triceps, Upper Arms","Band","UpperArms","","1","44","missing_video"
"4688","band_skull_crusher","Band Skull Crusher","Triceps","Custom","Upper Arms","Band","UpperArms","","1","44","missing_video;image_target:UpperArms"
"4689","band_triceps_kickback","Band Triceps Kickback","Triceps","Triceps","Triceps, Upper Arms","Band","UpperArms","UpperArms","1","74",""
"4690","bar_band_overhead_triceps_extension","Bar Band Overhead Triceps Extension","Triceps","Triceps","Triceps, Upper Arms","Stick","UpperArms","","1","44","missing_video"
"4691","bar_band_standing_triceps_extension","Bar Band Standing Triceps Extension","Triceps","Triceps","Triceps, Upper Arms","Stick","UpperArms","","1","44","missing_video"
"4692","barbell_close_grip_bench_press_barbell_close_grip_bench_press_7xy","Barbell Close Grip Bench Press","Triceps","Chest","Triceps, Upper Arms","Barbell","UpperArms","UpperArms","1","74","muscle_mismatch:Triceps->Chest;image_target:UpperArms;video_target:UpperArms"
"4693","barbell_decline_close_grip_to_skull_press","Barbell Decline Close Grip To Skull Press","Triceps","Custom","Upper Arms","Barbell","UpperArms","","2","44","missing_video;image_target:UpperArms;duplicate_group"
"4694","barbell_decline_close_grip_to_skull_press_barbell_decline_close_grip_to_skull_press_60f","Barbell Decline Close Grip To Skull Press","Triceps","Custom","Triceps, Upper Arms","Barbell","UpperArms","","2","44","missing_video;image_target:UpperArms;duplicate_group"
"4695","barbell_incline_close_grip_bench_press","Barbell Incline Close Grip Bench Press","Triceps","Chest","Chest","Barbell","UpperArms","","1","44","missing_video;muscle_mismatch:Triceps->Chest;image_target:UpperArms"
"4696","barbell_incline_triceps_extension_skull_crusher","Barbell Incline Triceps Extension Skull Crusher","Triceps","Triceps","Triceps, Upper Arms","Barbell","UpperArms","","1","74",""
"4697","barbell_lying_close_grip_triceps_extension","Barbell Lying Close grip Triceps Extension","Triceps","Triceps","Triceps, Upper Arms","Barbell","UpperArms","","2","44","missing_video;duplicate_group"
"4698","barbell_lying_close_grip_triceps_extension_barbell_lying_close_grip_triceps_extension_60a","Barbell Lying Close-grip Triceps Extension","Triceps","Triceps","Triceps, Upper Arms","Barbell","UpperArms","","2","44","missing_video;duplicate_group"
"4699","barbell_lying_triceps_extension","Barbell Lying Triceps Extension","Triceps","Triceps","Triceps, Upper Arms","Barbell","UpperArms","UpperArms","2","74","duplicate_group"
"4700","barbell_lying_triceps_extension_barbell_lying_triceps_extension_615","Barbell Lying Triceps Extension","Triceps","Triceps","Triceps, Upper Arms","Barbell","UpperArms","","2","44","missing_video;duplicate_group"
"4701","barbell_lying_triceps_extension_skull_crusher","Barbell Lying Triceps Extension Skull Crusher","Triceps","Triceps","Triceps, Upper Arms","Barbell","","UpperArms","1","74",""
"4702","barbell_seated_overhead_triceps_extension","Barbell Seated Overhead Triceps Extension","Triceps","Triceps","Triceps, Upper Arms","Barbell","UpperArms","UpperArms","2","74","duplicate_group"
"4703","barbell_seated_overhead_triceps_extension_barbell_seated_overhead_triceps_extension_61a","Barbell Seated Overhead Triceps Extension","Triceps","Triceps","Triceps, Upper Arms","Barbell","UpperArms","UpperArms","2","74","duplicate_group"
"4704","barbell_standing_close_grip_curl","Barbell Standing Close Grip Curl","Triceps","Biceps","Biceps, Upper Arms","Barbell","UpperArms","","2","44","missing_video;muscle_mismatch:Triceps->Biceps;duplicate_group"
"4705","barbell_standing_close_grip_curl_barbell_standing_close_grip_curl_624","Barbell Standing Close Grip Curl","Triceps","Biceps","Biceps, Upper Arms","Barbell","UpperArms","UpperArms","2","74","muscle_mismatch:Triceps->Biceps;duplicate_group"
"4706","barbell_standing_close_grip_military_press","Barbell Standing Close Grip Military Press","Triceps","Custom","Shoulders","Barbell","Shoulders","","1","44","missing_video;image_target:Shoulders"
"4707","barbell_standing_overhead_triceps_extension","Barbell Standing Overhead Triceps Extension","Triceps","Triceps","Triceps, Upper Arms","Barbell","UpperArms","","2","74","duplicate_group"
"4708","barbell_standing_overhead_triceps_extension_barbell_standing_overhead_triceps_extension_62h","Barbell Standing Overhead Triceps Extension","Triceps","Triceps","Triceps, Upper Arms","Barbell","UpperArms","","2","44","missing_video;duplicate_group"
"4709","bodyweight_kneeling_triceps_extension","Bodyweight Kneeling Triceps Extension","Triceps","Triceps","Triceps, Upper Arms","Body weight","UpperArms","UpperArms","2","74","duplicate_group"
"4710","bodyweight_kneeling_triceps_extension_bodyweight_kneeling_triceps_extension_7hd","Bodyweight Kneeling Triceps Extension","Triceps","Triceps","Triceps, Upper Arms","Body weight","UpperArms","UpperArms","2","74","duplicate_group"
"4711","bodyweight_overhead_triceps_extension","Bodyweight Overhead Triceps Extension","Triceps","Triceps","Triceps, Upper Arms","Body weight","UpperArms","UpperArms","1","74",""
"4712","cable_alternate_triceps_extension","Cable Alternate Triceps Extension","Triceps","Triceps","Triceps, Upper Arms","Cable","UpperArms","","2","44","missing_video;duplicate_group"
"4713","cable_alternate_triceps_extension_cable_alternate_triceps_extension_63l","Cable Alternate Triceps Extension","Triceps","Triceps","Triceps, Upper Arms","Cable","UpperArms","UpperArms","2","74","duplicate_group"
"4714","cable_bar_high_pulley_overhead_tricep_extension","Cable Bar High Pulley Overhead Tricep Extension","Triceps","Custom","Triceps, Upper Arms","Cable","UpperArms","","1","44","missing_video;image_target:UpperArms"
"4715","cable_close_grip_curl","Cable Close Grip Curl","Triceps","Biceps","Biceps, Upper Arms","Cable","UpperArms","","1","44","missing_video;muscle_mismatch:Triceps->Biceps"
"4716","cable_high_pulley_overhead_tricep_extension","Cable High Pulley Overhead Tricep Extension","Triceps","Custom","Triceps, Upper Arms","Cable","UpperArms","UpperArms","1","74","image_target:UpperArms;video_target:UpperArms"
"4717","cable_incline_close_grip_curl","Cable Incline Close grip Curl","Triceps","Biceps","Biceps, Upper Arms","Cable","UpperArms","","1","44","missing_video;muscle_mismatch:Triceps->Biceps"
"4718","cable_incline_pushdown","Cable Incline Pushdown","Triceps","Triceps","Back","Cable","Back","Back","2","74","image_target:Back;video_target:Back;duplicate_group"
"4719","cable_incline_pushdown_cable_incline_pushdown_648","Cable Incline Pushdown","Triceps","Triceps","Back","Cable","Back","","2","44","missing_video;image_target:Back;duplicate_group"
"4720","cable_incline_skull_crusher","Cable Incline Skull Crusher","Triceps","Custom","Upper Arms","Cable","UpperArms","","1","44","missing_video;image_target:UpperArms"
"4721","cable_incline_triceps_extension","Cable Incline Triceps Extension","Triceps","Triceps","Triceps, Upper Arms","Cable","UpperArms","","2","44","missing_video;duplicate_group"
"4722","cable_incline_triceps_extension_cable_incline_triceps_extension_649","Cable Incline Triceps Extension","Triceps","Triceps","Triceps, Upper Arms","Cable","UpperArms","","2","44","missing_video;duplicate_group"
"4723","cable_kneeling_triceps_extension","Cable Kneeling Triceps Extension","Triceps","Triceps","Triceps, Upper Arms","Cable","UpperArms","UpperArms","1","74",""
"4724","cable_lying_triceps_extension_cable_lying_triceps_extension_64m","Cable Lying Triceps Extension","Triceps","Triceps","Triceps, Upper Arms","Cable","UpperArms","","3","44","missing_video;duplicate_group"
"4725","cable_lying_triceps_extension","Cable Lying Triceps Extension","Triceps","Triceps","Triceps, Upper Arms","Cable","","","3","44","missing_video;duplicate_group"
"4726","cable_lying_triceps_extension_cable_lying_triceps_extension_64n","Cable Lying Triceps Extension","Triceps","Triceps","Triceps, Upper Arms","Cable","UpperArms","UpperArms","3","74","duplicate_group"
"4727","cable_one_arm_high_pulley_overhead_tricep_extension","Cable One Arm High Pulley Overhead Tricep Extension","Triceps","Custom","Triceps, Upper Arms","Cable","UpperArms","","1","44","missing_video;image_target:UpperArms"
"4728","cable_one_arm_tricep_pushdown","Cable One Arm Tricep Pushdown","Triceps","Triceps","Triceps, Upper Arms","Cable","UpperArms","UpperArms","1","74",""
"4729","cable_overhead_tricep_extension_straight_bar","Cable Overhead Tricep Extension StraighT-bar","Triceps","Custom","Triceps, Upper Arms","Cable","UpperArms","","1","44","missing_video;image_target:UpperArms"
"4730","cable_overhead_triceps_extension","Cable Overhead Triceps Extension","Triceps","Triceps","Triceps, Upper Arms","Cable","UpperArms","UpperArms","2","74","duplicate_group"
"4731","cable_overhead_triceps_extension_cable_overhead_triceps_extension_7tb","Cable Overhead Triceps Extension","Triceps","Triceps","Triceps, Upper Arms","Cable","UpperArms","UpperArms","2","74","duplicate_group"
"4732","cable_pushdown_cable_pushdown_64a","Cable Pushdown","Triceps","Triceps","Triceps, Upper Arms","Cable","UpperArms","UpperArms","4","74","duplicate_group"
"4733","cable_pushdown","Cable Pushdown","Triceps","Triceps","Back","Cable","Back","Back","4","74","image_target:Back;video_target:Back;duplicate_group"
"4734","cable_pushdown_cable_pushdown_7z9","Cable Pushdown","Triceps","Triceps","Triceps, Upper Arms","Cable","UpperArms","UpperArms","4","74","duplicate_group"
"4735","cable_pushdown_cable_pushdown_64b","Cable Pushdown","Triceps","Triceps","Triceps, Upper Arms","Cable","UpperArms","UpperArms","4","74","duplicate_group"
"4736","cable_reverse_grip_pushdown_cable_reverse_grip_pushdown_7bj","Cable Reverse grip Pushdown","Triceps","Triceps","Triceps, Upper Arms","Cable","UpperArms","UpperArms","2","74","duplicate_group"
"4737","cable_reverse_grip_triceps_pushdown","Cable Reverse Grip Triceps Pushdown","Triceps","Triceps","Triceps, Upper Arms","Cable","UpperArms","","1","44","missing_video"
"4738","cable_reverse_grip_pushdown","Cable Reverse-grip Pushdown","Triceps","Triceps","Triceps, Upper Arms","Cable","UpperArms","UpperArms","2","74","duplicate_group"
"4739","cable_rope_high_pulley_overhead_tricep_extension","Cable Rope High Pulley Overhead Tricep Extension","Triceps","Custom","Triceps, Upper Arms","Cable","UpperArms","UpperArms","1","74","image_target:UpperArms;video_target:UpperArms"
"4740","cable_rope_lying_on_floor_tricep_extension","Cable Rope Lying on Floor Tricep Extension","Triceps","Custom","Triceps, Upper Arms","Cable","UpperArms","","1","44","missing_video;image_target:UpperArms"
"4741","cable_standing_high_cross_triceps_extension","Cable Standing High Cross Triceps Extension","Triceps","Triceps","Triceps, Upper Arms","Cable","UpperArms","","1","44","missing_video"
"4742","cable_standing_lat_pushdown","Cable Standing Lat Pushdown","Triceps","Triceps","Back","Cable","Back","Back","1","74","image_target:Back;video_target:Back"
"4743","cable_standing_one_arm_tricep_pushdown","Cable Standing One Arm Tricep Pushdown","Triceps","Triceps","Triceps, Upper Arms","Cable","UpperArms","","1","74",""
"4744","cable_standing_one_arm_triceps_extension_cable_standing_one_arm_triceps_extension_86f","Cable Standing One Arm Triceps Extension","Triceps","Triceps","Triceps, Upper Arms","Cable","UpperArms","UpperArms","2","74","duplicate_group"
"4745","cable_standing_one_arm_triceps_extension","Cable Standing One Arm Triceps Extension","Triceps","Triceps","Triceps, Upper Arms","Cable","UpperArms","UpperArms","2","74","duplicate_group"
"4746","cable_standing_reverse_grip_one_arm_overhead_tricep_extension","Cable Standing Reverse Grip One Arm Overhead Tricep Extension","Triceps","Custom","Triceps, Upper Arms","Cable","UpperArms","","1","44","missing_video;image_target:UpperArms"
"4747","cable_triceps_pushdown_cable_triceps_pushdown_6g5","Cable Triceps Pushdown","Triceps","Triceps","Triceps, Upper Arms","Cable","UpperArms","UpperArms","4","74","duplicate_group"
"4748","cable_triceps_pushdown","Cable Triceps Pushdown","Triceps","Triceps","Triceps, Upper Arms","Cable","UpperArms","UpperArms","4","74","duplicate_group"
"4749","cable_triceps_pushdown_cable_triceps_pushdown_7y2","Cable Triceps Pushdown","Triceps","Triceps","Triceps, Upper Arms","Cable","UpperArms","","4","44","missing_video;duplicate_group"
"4750","cable_triceps_pushdown_cable_triceps_pushdown_9f4","Cable Triceps Pushdown","Triceps","Triceps","Triceps, Upper Arms","Cable","","","4","44","missing_video;duplicate_group"
"4751","cable_triceps_pushdown_on_floor","Cable Triceps Pushdown on Floor","Triceps","Triceps","Triceps, Upper Arms","Cable","UpperArms","","1","44","missing_video"
"4752","cable_two_arm_tricep_kickback","Cable Two Arm Tricep Kickback","Triceps","Glutes","Triceps, Upper Arms","Cable","UpperArms","","1","44","missing_video;muscle_mismatch:Triceps->Glutes;image_target:UpperArms"
"4753","close_grip_chin_up_close_grip_chin_up_4l","Close Grip Chin-Up","Triceps","Back","Back","Body weight","Back","Back","1","74","muscle_mismatch:Triceps->Back"
"4754","close_grip_curl_close_grip_curl_gi","Close Grip Curl","Triceps","Biceps","Biceps, Upper Arms","Cable","UpperArms","UpperArms","1","74","muscle_mismatch:Triceps->Biceps"
"4755","close_grip_preacher_curl","Close Grip Preacher Curl","Triceps","Biceps","Biceps, Upper Arms","EZ Barbell","UpperArms","UpperArms","1","74","muscle_mismatch:Triceps->Biceps"
"4756","decline_close_grip_to_skull_press","Decline Close Grip To Skull Press","Triceps","Custom","Triceps, Upper Arms","Barbell","UpperArms","","1","44","missing_video;image_target:UpperArms"
"4757","decline_triceps_extension","Decline Triceps Extension","Triceps","Triceps","Triceps, Upper Arms","Dumbbell","UpperArms","UpperArms","1","74",""
"4758","dumbbell_close_grip_curl","Dumbbell Close Grip Curl","Triceps","Biceps","Biceps, Upper Arms","Dumbbell","UpperArms","UpperArms","1","74","muscle_mismatch:Triceps->Biceps"
"4759","dumbbell_close_grip_press_dumbbell_close_grip_press_8gy","Dumbbell Close grip Press","Triceps","Custom","Chest","Dumbbell","UpperArms","","3","44","missing_video;image_target:UpperArms;duplicate_group"
"4760","dumbbell_close_grip_press","Dumbbell Close Grip Press","Triceps","Custom","Triceps, Upper Arms","Dumbbell","UpperArms","UpperArms","3","74","image_target:UpperArms;video_target:UpperArms;duplicate_group"
"4761","dumbbell_close_grip_press_dumbbell_close_grip_press_7h6","Dumbbell Close Grip Press","Triceps","Custom","Triceps, Upper Arms","Dumbbell","UpperArms","UpperArms","3","74","image_target:UpperArms;video_target:UpperArms;duplicate_group"
"4762","dumbbell_close_grip_shoulder_press_sit_up","Dumbbell Close Grip Shoulder Press Sit-up","Triceps","Core","Waist","Dumbbell","Core","","1","44","missing_video;muscle_mismatch:Triceps->Core"
"4763","dumbbell_decline_triceps_extension_dumbbell_decline_triceps_extension_85s","Dumbbell Decline Triceps Extension","Triceps","Triceps","Triceps, Upper Arms","Dumbbell","UpperArms","","2","44","missing_video;duplicate_group"
"4764","dumbbell_decline_triceps_extension","Dumbbell Decline Triceps Extension","Triceps","Triceps","Triceps, Upper Arms","Dumbbell","UpperArms","UpperArms","2","74","duplicate_group"
"4765","dumbbell_forward_lunge_triceps_extension","Dumbbell Forward Lunge Triceps Extension","Triceps","Triceps","Triceps, Upper Arms","Dumbbell","UpperArms","","1","44","missing_video"
"4766","dumbbell_incline_triceps_extension_dumbbell_incline_triceps_extension_7b6","Dumbbell Incline Triceps Extension","Triceps","Triceps","Triceps, Upper Arms","Dumbbell","UpperArms","UpperArms","2","74","duplicate_group"
"4767","dumbbell_incline_triceps_extension","Dumbbell Incline Triceps Extension","Triceps","Triceps","Triceps, Upper Arms","Dumbbell","UpperArms","UpperArms","2","74","duplicate_group"
"4768","dumbbell_lying_floor_skull_crusher","Dumbbell Lying Floor Skull Crusher","Triceps","Custom","Upper Arms","Dumbbell","UpperArms","UpperArms","1","74","image_target:UpperArms;video_target:UpperArms"
"4769","dumbbell_lying_one_arm_pronated_triceps_extension","Dumbbell Lying One Arm Pronated Triceps Extension","Triceps","Triceps","Triceps, Upper Arms","Dumbbell","UpperArms","","2","44","missing_video;duplicate_group"
"4770","dumbbell_lying_one_arm_pronated_triceps_extension_dumbbell_lying_one_arm_pronated_triceps_extension_6ia","Dumbbell Lying One Arm Pronated Triceps Extension","Triceps","Triceps","Triceps, Upper Arms","Dumbbell","UpperArms","UpperArms","2","74","duplicate_group"
"4771","dumbbell_lying_one_arm_supinated_triceps_extension","Dumbbell Lying One Arm Supinated Triceps Extension","Triceps","Triceps","Triceps, Upper Arms","Dumbbell","UpperArms","","2","44","missing_video;duplicate_group"
"4772","dumbbell_lying_one_arm_supinated_triceps_extension_dumbbell_lying_one_arm_supinated_triceps_extension_6ic","Dumbbell Lying One Arm Supinated Triceps Extension","Triceps","Triceps","Triceps, Upper Arms","Dumbbell","UpperArms","UpperArms","2","74","duplicate_group"
"4773","dumbbell_lying_triceps_extension_dumbbell_lying_triceps_extension_7dg","Dumbbell Lying Triceps Extension","Triceps","Triceps","Triceps, Upper Arms","Dumbbell","UpperArms","UpperArms","3","74","duplicate_group"
"4774","dumbbell_lying_triceps_extension","Dumbbell Lying Triceps Extension","Triceps","Triceps","Triceps, Upper Arms","Dumbbell","UpperArms","UpperArms","3","74","duplicate_group"
"4775","dumbbell_lying_triceps_extension_dumbbell_lying_triceps_extension_6j7","Dumbbell Lying Triceps Extension","Triceps","Triceps","Triceps, Upper Arms","Dumbbell","UpperArms","UpperArms","3","74","duplicate_group"
"4776","dumbbell_lying_triceps_extension_on_floor","Dumbbell Lying Triceps Extension on Floor","Triceps","Triceps","Triceps, Upper Arms","Dumbbell","UpperArms","","1","44","missing_video"
"4777","dumbbell_one_arm_french_press_on_exercise_ball","Dumbbell One Arm French Press on Exercise Ball","Triceps","Triceps","Upper Arms","Dumbbell, Stability ball","UpperArms","","2","44","missing_video;duplicate_group"
"4778","dumbbell_one_arm_french_press_on_exercise_ball_dumbbell_one_arm_french_press_on_exercise_ball_7h0","Dumbbell One Arm French Press on Exercise Ball","Triceps","Triceps","Upper Arms","Dumbbell","UpperArms","","2","44","missing_video;duplicate_group"
"4779","dumbbell_one_arm_triceps_extension","Dumbbell One Arm Triceps Extension","Triceps","Triceps","Triceps, Upper Arms","Dumbbell","UpperArms","UpperArms","3","74","duplicate_group"
"4780","dumbbell_one_arm_triceps_extension_dumbbell_one_arm_triceps_extension_7ds","Dumbbell One Arm Triceps Extension","Triceps","Triceps","Triceps, Upper Arms","Dumbbell","UpperArms","UpperArms","3","74","duplicate_group"
"4781","dumbbell_one_arm_triceps_extension_dumbbell_one_arm_triceps_extension_94c","Dumbbell One Arm Triceps Extension","Triceps","Triceps","Triceps, Upper Arms","Dumbbell","UpperArms","","3","44","missing_video;duplicate_group"
"4782","dumbbell_one_arm_triceps_extension_on_stability_ball","Dumbbell One Arm Triceps Extension on Stability Ball","Triceps","Triceps","Triceps, Upper Arms","Dumbbell","UpperArms","","1","44","missing_video"
"4783","dumbbell_pronate_grip_triceps_extension","Dumbbell Pronate-grip Triceps Extension","Triceps","Triceps","Triceps, Upper Arms","Dumbbell","UpperArms","UpperArms","2","74","duplicate_group"
"4784","dumbbell_pronate_grip_triceps_extension_dumbbell_pronate_grip_triceps_extension_6jt","Dumbbell Pronate-grip Triceps Extension","Triceps","Triceps","Triceps, Upper Arms","Dumbbell","UpperArms","UpperArms","2","74","duplicate_group"
"4785","dumbbell_russian_twist_close_grip_shoulder_press_sit_up","Dumbbell Russian Twist Close Grip Shoulder Press Sit-up","Triceps","Core","Waist","Dumbbell","Core","","1","44","missing_video;muscle_mismatch:Triceps->Core"
"4786","dumbbell_seated_bent_over_triceps_extension","Dumbbell Seated Bent Over Triceps Extension","Triceps","Triceps","Triceps, Upper Arms","Dumbbell","UpperArms","","1","44","missing_video"
"4787","dumbbell_seated_close_grip_press","Dumbbell Seated Close Grip Press","Triceps","Custom","Shoulders","Dumbbell","Shoulders","Shoulders","1","74","image_target:Shoulders;video_target:Shoulders"
"4788","dumbbell_seated_reverse_grip_one_arm_overhead_tricep_extension","Dumbbell Seated Reverse Grip One Arm Overhead Tricep Extension","Triceps","Custom","Triceps, Upper Arms","Dumbbell","UpperArms","","1","44","missing_video;image_target:UpperArms"
"4789","dumbbell_seated_triceps_extension","Dumbbell Seated Triceps Extension","Triceps","Triceps","Triceps, Upper Arms","Dumbbell","UpperArms","UpperArms","2","74","duplicate_group"
"4790","dumbbell_seated_triceps_extension_dumbbell_seated_triceps_extension_7sh","Dumbbell Seated Triceps Extension","Triceps","Triceps","Triceps, Upper Arms","Dumbbell","UpperArms","UpperArms","2","74","duplicate_group"
"4791","dumbbell_standing_alternating_tricep_kickback","Dumbbell Standing Alternating Tricep Kickback","Triceps","Glutes","Triceps, Upper Arms","Dumbbell","UpperArms","","1","44","missing_video;muscle_mismatch:Triceps->Glutes;image_target:UpperArms"
"4792","dumbbell_standing_bent_over_one_arm_triceps_extension","Dumbbell Standing Bent Over One Arm Triceps Extension","Triceps","Triceps","Triceps, Upper Arms","Dumbbell","UpperArms","","1","44","missing_video"
"4793","dumbbell_standing_triceps_extension","Dumbbell Standing Triceps Extension","Triceps","Triceps","Triceps, Upper Arms","Dumbbell","UpperArms","UpperArms","2","74","duplicate_group"
"4794","dumbbell_standing_triceps_extension_dumbbell_standing_triceps_extension_6l4","Dumbbell Standing Triceps Extension","Triceps","Triceps","Triceps, Upper Arms","Dumbbell","UpperArms","UpperArms","2","74","duplicate_group"
"4795","dumbbell_tricep_kickback_with_stork_stance","Dumbbell Tricep Kickback With Stork Stance","Triceps","Glutes","Triceps, Upper Arms","Dumbbell","UpperArms","","1","44","missing_video;muscle_mismatch:Triceps->Glutes;image_target:UpperArms"
"4796","dumbbells_seated_triceps_extension","Dumbbells Seated Triceps Extension","Triceps","Triceps","Triceps, Upper Arms","Dumbbell","UpperArms","UpperArms","1","74",""
"4797","exercise_ball_seated_triceps_stretch","Exercise Ball Seated Triceps Stretch","Triceps","Triceps","Triceps, Upper Arms","Stability ball","UpperArms","","1","44","missing_video"
"4798","exercise_ball_supine_triceps_extension","Exercise Ball Supine Triceps Extension","Triceps","Triceps","Triceps, Upper Arms","Dumbbell","UpperArms","","1","44","missing_video"
"4799","ez_bar_french_press_on_exercise_ball","EZ Bar French Press on Exercise Ball","Triceps","Triceps","Upper Arms","EZ Barbell","UpperArms","","1","44","missing_video"
"4800","ez_bar_lying_close_grip_triceps_extension_behind_head","EZ Bar Lying Close Grip Triceps Extension Behind Head","Triceps","Triceps","Triceps, Upper Arms","EZ Barbell","UpperArms","","1","44","missing_video"
"4801","ez_bar_seated_close_grip_concentration_curl","EZ Bar Seated Close Grip Concentration Curl","Triceps","Biceps","Biceps, Upper Arms","EZ Barbell","UpperArms","UpperArms","1","74","muscle_mismatch:Triceps->Biceps"
"4802","ez_bar_standing_french_press","EZ Bar Standing French Press","Triceps","Triceps","Triceps, Upper Arms","EZ Barbell","UpperArms","UpperArms","1","74",""
"4803","ez_barbell_close_grip_curl","EZ Barbell Close grip Curl","Triceps","Biceps","Biceps, Upper Arms","EZ Barbell","UpperArms","UpperArms","1","74","muscle_mismatch:Triceps->Biceps"
"4804","ez_barbell_decline_close_grip_face_press_ez_barbell_decline_close_grip_face_press_6lw","EZ Barbell Decline Close grip Face Press","Triceps","Custom","Triceps, Upper Arms","EZ Barbell","","","1","44","missing_video"
"4805","ez_barbell_decline_triceps_extension","EZ Barbell Decline Triceps Extension","Triceps","Triceps","Triceps, Upper Arms","EZ Barbell","UpperArms","UpperArms","1","74",""
"4806","ez_barbell_incline_triceps_extension","EZ Barbell Incline Triceps Extension","Triceps","Triceps","Triceps, Upper Arms","EZ Barbell","UpperArms","UpperArms","1","74",""
"4807","ez_barbell_seated_triceps_extension","EZ Barbell Seated Triceps Extension","Triceps","Triceps","Triceps, Upper Arms","EZ Barbell","UpperArms","","1","44","missing_video"
"4808","ez_bar_seated_close_grip_shoulder_press","EZ-bar Seated Close grip Shoulder Press","Triceps","Shoulders","Shoulders","EZ Barbell","Shoulders","","1","44","missing_video;muscle_mismatch:Triceps->Shoulders"
"4809","ez_barbell_lying_triceps_extension","EZ-Barbell Lying Triceps Extension","Triceps","Triceps","Triceps, Upper Arms","EZ Barbell","UpperArms","UpperArms","1","74",""
"4810","high_pulley_overhead_tricep_extension","High Pulley Overhead Tricep Extension","Triceps","Custom","Triceps, Upper Arms","Cable","UpperArms","UpperArms","1","74","image_target:UpperArms;video_target:UpperArms"
"4811","incline_close_grip_bench_press","Incline Close Grip Bench Press","Triceps","Chest","Upper Arms","Barbell","UpperArms","UpperArms","1","74","muscle_mismatch:Triceps->Chest;image_target:UpperArms;video_target:UpperArms"
"4812","incline_pushdown","Incline Pushdown","Triceps","Triceps","Back","Cable","Back","","1","44","missing_video;image_target:Back"
"4813","incline_triceps_extension_incline_triceps_extension_0j","Incline Triceps Extension","Triceps","Triceps","Triceps, Upper Arms","EZ Barbell","UpperArms","UpperArms","3","74","duplicate_group"
"4814","incline_triceps_extension","Incline Triceps Extension","Triceps","Triceps","Triceps, Upper Arms","Cable","UpperArms","","3","44","missing_video;duplicate_group"
"4815","incline_triceps_extension_incline_triceps_extension_8e","Incline Triceps Extension","Triceps","Triceps","Triceps, Upper Arms","Dumbbell","UpperArms","UpperArms","3","74","duplicate_group"
"4816","kneeling_triceps_extension","Kneeling Triceps Extension","Triceps","Triceps","Triceps, Upper Arms","Cable","UpperArms","UpperArms","2","74","duplicate_group"
"4817","kneeling_triceps_extension_kneeling_triceps_extension_h8","Kneeling Triceps Extension","Triceps","Triceps","Triceps, Upper Arms","Cable","UpperArms","UpperArms","2","74","duplicate_group"
"4818","lever_overhand_triceps_dip","Lever Overhand Triceps Dip","Triceps","Triceps","Triceps, Upper Arms","Leverage machine","UpperArms","","2","44","missing_video;duplicate_group"
"4819","lever_overhand_triceps_dip_lever_overhand_triceps_dip_6pv","Lever Overhand Triceps Dip","Triceps","Triceps","Triceps, Upper Arms","Leverage machine","UpperArms","","2","44","missing_video;duplicate_group"
"4820","lever_triceps_dip","Lever Triceps Dip","Triceps","Triceps","Triceps, Upper Arms","Leverage machine","UpperArms","UpperArms","1","74",""
"4821","lever_triceps_extension_lever_triceps_extension_89v","Lever Triceps Extension","Triceps","Triceps","Triceps, Upper Arms","Leverage machine","UpperArms","UpperArms","5","74","duplicate_group"
"4822","lever_triceps_extension","Lever Triceps Extension","Triceps","Triceps","Triceps, Upper Arms","Leverage machine","UpperArms","UpperArms","5","74","duplicate_group"
"4823","lever_triceps_extension_lever_triceps_extension_1g","Lever Triceps Extension","Triceps","Triceps","Triceps, Upper Arms","Leverage machine","UpperArms","UpperArms","5","74","duplicate_group"
"4824","lever_triceps_extension_lever_triceps_extension_2v","Lever Triceps Extension","Triceps","Triceps","Triceps, Upper Arms","Leverage machine","UpperArms","UpperArms","5","74","duplicate_group"
"4825","lever_triceps_extension_lever_triceps_extension_6q1","Lever Triceps Extension","Triceps","Triceps","Triceps, Upper Arms","Leverage machine","UpperArms","UpperArms","5","74","duplicate_group"
"4826","lying_back_of_the_head_tricep_extension","Lying Back of the Head Tricep Extension","Triceps","Back","Triceps, Upper Arms","Barbell","UpperArms","","1","44","missing_video;muscle_mismatch:Triceps->Back;image_target:UpperArms"
"4827","lying_close_grip_triceps_extension","Lying Close-grip Triceps Extension","Triceps","Triceps","Triceps, Upper Arms","Barbell","UpperArms","","1","44","missing_video"
"4828","lying_triceps_extension","Lying Triceps Extension","Triceps","Triceps","Triceps, Upper Arms","Cable","UpperArms","UpperArms","2","74","duplicate_group"
"4829","lying_triceps_extension_lying_triceps_extension_91","Lying Triceps Extension","Triceps","Triceps","Triceps, Upper Arms","Dumbbell","UpperArms","UpperArms","2","74","duplicate_group"
"4830","medicine_ball_close_grip_push_up","Medicine Ball Close Grip Push Up","Triceps","Chest","Upper Arms","Medicine Ball","UpperArms","UpperArms","1","74","muscle_mismatch:Triceps->Chest;image_target:UpperArms;video_target:UpperArms"
"4831","olympic_barbell_triceps_extension","Olympic Barbell Triceps Extension","Triceps","Triceps","Triceps, Upper Arms","Olympic barbell","UpperArms","UpperArms","1","74",""
"4832","one_arm_side_triceps_pushdown","One Arm Side Triceps Pushdown","Triceps","Triceps","Triceps, Upper Arms","Cable","UpperArms","UpperArms","1","74",""
"4833","overhead_triceps_extension","Overhead Triceps Extension","Triceps","Triceps","Triceps, Upper Arms","Cable","UpperArms","UpperArms","1","74",""
"4834","overhead_triceps_extension_with_bed_sheet","Overhead Triceps Extension with Bed Sheet","Triceps","Triceps","Triceps, Upper Arms","Body weight","UpperArms","","1","44","missing_video"
"4835","overhead_triceps_stretch","Overhead Triceps Stretch","Triceps","Triceps","Triceps, Upper Arms","Body weight","UpperArms","UpperArms","1","74",""
"4836","power_sled_triceps_extension","Power Sled Triceps Extension","Triceps","Triceps","Triceps, Upper Arms","Power Sled","UpperArms","","1","44","missing_video"
"4837","pushdown","Pushdown","Triceps","Triceps","Back","Cable","Back","Back","1","74","image_target:Back;video_target:Back"
"4838","reaching_down_triceps_stretch","Reaching Down Triceps Stretch","Triceps","Triceps","Triceps, Upper Arms","Body weight","UpperArms","","1","44","missing_video"
"4839","resistance_band_triceps_pushdown","Resistance Band Triceps Pushdown","Triceps","Triceps","Triceps, Upper Arms","Resistance Band","UpperArms","UpperArms","1","74",""
"4840","reverse_grip_triceps_pushdown","Reverse Grip Triceps Pushdown","Triceps","Triceps","Triceps, Upper Arms","Cable","UpperArms","UpperArms","1","74",""
"4841","rope_incline_tricep_extension","Rope Incline Tricep Extension","Triceps","Custom","Triceps, Upper Arms","Cable","UpperArms","","1","44","missing_video;image_target:UpperArms"
"4842","seated_close_grip_behind_neck_triceps_extension","Seated Close grip Behind Neck Triceps Extension","Triceps","Neck","Triceps, Upper Arms","Barbell","UpperArms","","1","44","missing_video;muscle_mismatch:Triceps->Neck;image_target:UpperArms"
"4843","seated_overhead_triceps_extension","Seated Overhead Triceps Extension","Triceps","Triceps","Triceps, Upper Arms","Barbell","UpperArms","UpperArms","1","74",""
"4844","seated_triceps_extension","Seated Triceps Extension","Triceps","Triceps","Triceps, Upper Arms","EZ Barbell","UpperArms","","1","44","missing_video"
"4845","smith_machine_decline_close_grip_bench_press","Smith Machine Decline Close Grip Bench Press","Triceps","Chest","Upper Arms","Smith machine","UpperArms","","1","44","missing_video;muscle_mismatch:Triceps->Chest;image_target:UpperArms"
"4846","smith_machine_incline_tricep_extension","Smith Machine Incline Tricep Extension","Triceps","Custom","Triceps, Upper Arms","Smith machine","UpperArms","","1","44","missing_video;image_target:UpperArms"
"4847","smith_machine_reverse_decline_close_grip_bench_press","Smith Machine Reverse Decline Close Grip Bench Press","Triceps","Chest","Chest","Smith machine","Chest","","1","44","missing_video;muscle_mismatch:Triceps->Chest"
"4848","standing_bent_over_two_arm_triceps_extension","Standing Bent Over Two Arm Triceps Extension","Triceps","Triceps","Triceps, Upper Arms","Dumbbell","UpperArms","","1","44","missing_video"
"4849","standing_close_grip_military_press","Standing Close Grip Military Press","Triceps","Custom","Shoulders","Barbell","Shoulders","Shoulders","1","74","image_target:Shoulders;video_target:Shoulders"
"4850","standing_overhead_triceps_extension","Standing Overhead Triceps Extension","Triceps","Triceps","Triceps, Upper Arms","Barbell","UpperArms","","1","44","missing_video"
"4851","standing_triceps_extension","Standing Triceps Extension","Triceps","Triceps","Triceps, Upper Arms","Dumbbell","UpperArms","UpperArms","1","74",""
"4852","suspension_self_assisted_triceps_dip","Suspension Self assisted Triceps Dip","Triceps","Triceps","Triceps, Upper Arms","Suspension","UpperArms","","1","44","missing_video"
"4853","suspension_triceps_dip","Suspension Triceps Dip","Triceps","Triceps","Triceps, Upper Arms","Suspension","UpperArms","","1","44","missing_video"
"4854","suspension_triceps_extension","Suspension Triceps Extension","Triceps","Triceps","Triceps, Upper Arms","Suspension","UpperArms","","1","44","missing_video"
"4855","suspension_triceps_extension_push_up","Suspension Triceps Extension Push-up","Triceps","Triceps","Triceps, Upper Arms","Suspension","UpperArms","","1","44","missing_video"
"4856","suspension_triceps_kickback","Suspension Triceps Kickback","Triceps","Triceps","Triceps, Upper Arms","Suspension","UpperArms","","1","44","missing_video"
"4857","tiger_tail_triceps","Tiger Tail Triceps","Triceps","Triceps","Triceps, Upper Arms","Body weight","UpperArms","","1","44","missing_video"
"4858","triceps_brachii","Triceps brachii","Triceps","Triceps","Triceps, Upper Arms","Body weight","","","1","24","missing_image;missing_video"
"4859","triceps_brachii_lateral_head","Triceps brachii Lateral head","Triceps","Triceps","Triceps, Upper Arms","Body weight","","","1","24","missing_image;missing_video"
"4860","triceps_brachii_long_head","Triceps brachii Long head","Triceps","Triceps","Triceps, Upper Arms","Body weight","","","1","24","missing_image;missing_video"
"4861","triceps_brachii_medial_head","Triceps brachii Medial head","Triceps","Triceps","Triceps, Upper Arms","Body weight","","","1","24","missing_image;missing_video"
"4862","triceps_dip_triceps_dip_6va","Triceps Dip","Triceps","Triceps","Triceps, Upper Arms","Body weight","UpperArms","UpperArms","5","74","duplicate_group"
"4863","triceps_dip","Triceps Dip","Triceps","Triceps","Triceps, Upper Arms","Body weight","UpperArms","","5","44","missing_video;duplicate_group"
"4864","triceps_dip_triceps_dip_8hc","Triceps Dip","Triceps","Triceps","Triceps, Upper Arms","Body weight","UpperArms","UpperArms","5","74","duplicate_group"
"4865","triceps_dip_triceps_dip_2f","Triceps Dip","Triceps","Triceps","Triceps, Upper Arms","Body weight","UpperArms","UpperArms","5","74","duplicate_group"
"4866","triceps_dip_triceps_dip_6vc","Triceps Dip","Triceps","Triceps","Triceps, Upper Arms","Body weight","UpperArms","UpperArms","5","74","duplicate_group"
"4867","triceps_dip_stretch","Triceps Dip Stretch","Triceps","Triceps","Triceps, Upper Arms","Body weight","UpperArms","","1","44","missing_video"
"4868","triceps_dips_floor","Triceps Dips Floor","Triceps","Triceps","Triceps, Upper Arms","Body weight","UpperArms","UpperArms","2","74","duplicate_group"
"4869","triceps_dips_floor_triceps_dips_floor_6vd","Triceps Dips Floor","Triceps","Triceps","Triceps, Upper Arms","Body weight","UpperArms","UpperArms","2","74","duplicate_group"
"4870","triceps_press","Triceps Press","Triceps","Triceps","Triceps, Upper Arms","Body weight","UpperArms","UpperArms","2","74","duplicate_group"
"4871","triceps_press_triceps_press_6ve","Triceps Press","Triceps","Triceps","Triceps, Upper Arms","Body weight","UpperArms","","2","44","missing_video;duplicate_group"
"4872","triceps_pushdown","Triceps Pushdown","Triceps","Triceps","Triceps, Upper Arms","Cable","UpperArms","UpperArms","2","74","duplicate_group"
"4873","triceps_pushdown_triceps_pushdown_fd","Triceps Pushdown","Triceps","Triceps","Triceps, Upper Arms","Cable","UpperArms","UpperArms","2","74","duplicate_group"
"4874","triceps_stretch","Triceps Stretch","Triceps","Triceps","Triceps, Upper Arms","Body weight","UpperArms","","1","44","missing_video"
"4875","triceps_stretch_against_wall","Triceps Stretch Against Wall","Triceps","Triceps","Triceps, Upper Arms","Body weight","UpperArms","","1","44","missing_video"
"4876","two_arm_tricep_kickback","Two Arm Tricep Kickback","Triceps","Glutes","Triceps, Upper Arms","Cable","UpperArms","","1","44","missing_video;muscle_mismatch:Triceps->Glutes;image_target:UpperArms"
"4877","weighted_close_grip_chin_up_on_dip_cage","Weighted Close Grip Chin-up on Dip Cage","Triceps","Back","Back","Weighted","Back","","1","44","missing_video;muscle_mismatch:Triceps->Back"
"4878","weighted_seated_triceps_extension","Weighted Seated Triceps Extension","Triceps","Triceps","Triceps, Upper Arms","Weighted","UpperArms","","1","44","missing_video"
"4879","weighted_tricep_dips","Weighted Tricep Dips","Triceps","Custom","Triceps, Upper Arms","Weighted","UpperArms","UpperArms","1","74","image_target:UpperArms;video_target:UpperArms"
"4880","weighted_triceps_dip_on_high_parallel_bars","Weighted Triceps Dip on High Parallel Bars","Triceps","Triceps","Triceps, Upper Arms","Weighted","UpperArms","","1","44","missing_video"
